Handle,Title,Body (HTML),Vendor,Product Category,Type,Tags,Published,Option1 Name,Option1 Value,Option1 Linked To,Option2 Name,Option2 Value,Option2 Linked To,Option3 Name,Option3 Value,Option3 Linked To,Variant SKU,Variant Grams,Variant Inventory Tracker,Variant Inventory Qty,Variant Inventory Policy,Variant Fulfillment Service,Variant Price,Variant Compare At Price,Variant Requires Shipping,Variant Taxable,Unit Price Total Measure,Unit Price Total Measure Unit,Unit Price Base Measure,Unit Price Base Measure Unit,Variant Barcode,Image Src,Image Position,Image Alt Text,Gift Card,SEO Title,SEO Description,Google Shopping / Google Product Category,Google Shopping / Gender,Google Shopping / Age Group,Google Shopping / MPN,Google Shopping / Condition,Google Shopping / Custom Product,Google Shopping / Custom Label 0,Google Shopping / Custom Label 1,Google Shopping / Custom Label 2,Google Shopping / Custom Label 3,Google Shopping / Custom Label 4,nicotine_strength (product.metafields.custom.nicotine_strength),Showcase - Best Seller (product.metafields.custom.showcase_best_seller),Showcase - Featured (product.metafields.custom.showcase_featured),Showcase - Hero Accessories (product.metafields.custom.showcase_hero_accessories),Showcase - Hero CBD (product.metafields.custom.showcase_hero_cbd),Showcase - Hero Devices (product.metafields.custom.showcase_hero_devices),Showcase - Hero Disposables (product.metafields.custom.showcase_hero_disposables),Showcase - Hero E-Liquids (product.metafields.custom.showcase_hero_eliquids),Showcase - Hero Nicotine Pouches (product.metafields.custom.showcase_hero_nicotine_pouches),Showcase - Hero Pods/Coils (product.metafields.custom.showcase_hero_pods_coils),Showcase - New Arrival (product.metafields.custom.showcase_new_arrival),Google: Custom Product (product.metafields.mm-google-shopping.custom_product),E-liquid variety (product.metafields.shopify.e-liquid-variety),VG/PG ratio (product.metafields.shopify.vg-pg-ratio),Complementary products (product.metafields.shopify--discovery--product_recommendation.complementary_products),Related products (product.metafields.shopify--discovery--product_recommendation.related_products),Related products settings (product.metafields.shopify--discovery--product_recommendation.related_products_display),Search product boosts (product.metafields.shopify--discovery--product_search_boost.queries),Variant Image,Variant Weight Unit,Variant Tax Code,Cost per item,Status
20mg-ignite-double-apple-slim-nicotine-pouches-20-pouches,20mg Ignite Double Apple Slim Nicotine Pouches - 20 Pouches,"Experience the refreshing flavour of 20mg Ignite Double Apple Slim Nicotine Pouches, created by industry professionals to enhance your nicotine use. Each slim pouch delivers a burst of vibrant Double Apple taste, offering a satisfying option to traditional smoking. This pack includes 20 precisely measured pouches for easy, portable enjoyment.<br data-mce-fragment=""1""><br data-mce-fragment=""1""><strong data-mce-fragment=""1"">Specifications:</strong><br data-mce-fragment=""1"">
<ul data-mce-fragment=""1"">
<li data-mce-fragment=""1"">Strength: 20mg Per Pouch</li>
<li data-mce-fragment=""1"">Doses: 20 pouches</li>
<li data-mce-fragment=""1"">Tobacco-free, smoke-free and vapour-free</li>
<li data-mce-fragment=""1"">Mint Flavouring</li>
</ul>
<br data-mce-fragment=""1""><strong data-mce-fragment=""1"">Direction of Use:</strong> Place one pouch under your top or bottom lip. Position the pouch to the side of your lip for comfort. Remove after 30 to 60 minutes.",IGNITE,Health & Beauty > Health Care > Medicine & Drugs > Smoking Cessation Aids,Smoking Products,"20mg, isolate, nic_strength=20, parse_attributes_0, tincture",TRUE,Title,Default Title,,,,,,,,ED0174Z0142,31.7514659,shopify,0,deny,manual,3.68,4.6,TRUE,TRUE,,,,,,https://cdn.shopify.com/s/files/1/0901/3696/9543/files/20mg-ignite-double-apple-slim-nicotine-pouches-20-pouches-2754766.webp?v=1766077327,1,20mg Ignite Double Apple Slim Nicotine Pouches - 20 Pouches - Vapourism,FALSE,20mg Ignite Double Apple Slim Nicotine Pouches - 20 Pouches,"Buy IGNITE Ignite Double Apple 20mg nicotine pouches. Tobacco-free, discreet pouches. Fast UK delivery, 18+ age verified.",Health & Beauty > Health Care > Medicine & Drugs,unisex,adult,ED0174Z0142,new,FALSE,,,,,,20mg,,,,,,,,,,,,,,,,,"ignite, 20mg, 20 mg, apple, nicotine pouches, nic pouches, tobacco free",https://cdn.shopify.com/s/files/1/0901/3696/9543/files/20mg-ignite-double-apple-slim-nicotine-pouches-20-pouches-2754766.webp?v=1766077327,lb,,2.3,active
11mg-ubbs-spearmint-strong-nicotine-pouches-20-pouches,11mg Übbs Spearmint Strong Nicotine Pouches - 20 Pouches,"<p data-mce-fragment=""1""><span data-mce-fragment=""1"">Übbs Strong Nicotine Pouches! </span>Discover a refreshing burst of flavour with 11mg. Each convenient pack contains 20 pouches that quickly disperse nicotine in your mouth for a satisfying hit without smoke or unpleasant odours. Designed for those seeking a clean and enjoyable alternative to traditional tobacco products, Übbs Nicotine Pouches offer a convenient and discreet way to enjoy nicotine without tobacco. With a wide range of flavours and a focus on convenience, these pouches are perfect for anyone looking for a new, smoke-free nicotine experience.<br data-mce-fragment=""1""><br data-mce-fragment=""1""><strong data-mce-fragment=""1"">Specifications:</strong><br data-mce-fragment=""1""></p>
<ul data-mce-fragment=""1"">
<li data-mce-fragment=""1"">Strength: 11 mg/g</li>
<li data-mce-fragment=""1"">Regular Strength </li>
<li data-mce-fragment=""1"">Weight: 30g </li>
<li data-mce-fragment=""1"">Doses: 20 pouches</li>
</ul>
<p data-mce-fragment=""1""><strong data-mce-fragment=""1"">Direction of Use:</strong><span data-mce-fragment=""1""> </span>Place one pouch under your top or bottom lip. Position the pouch to the side of your lip for comfort. Remove after 30 to 60 minutes. <br data-mce-fragment=""1""><br data-mce-fragment=""1""><strong data-mce-fragment=""1"">Flavour: <br data-mce-fragment=""1""></strong></p>
<ul data-mce-fragment=""1"">
<li data-mce-fragment=""1"">
<span data-mce-fragment=""1"">spearmint</span><span class=""aaz"" data-mce-fragment=""1""> </span>
</li>
</ul>",Übbs,Health & Beauty > Health Care > Medicine & Drugs > Smoking Cessation Aids,Smoking Products,"11mg, nic_strength=11, nicotine_pouches, parse_attributes_0, pouch, tobacco, traditional_nicotine",TRUE,Title,Default Title,,,,,,,,AJ0073X0467,31.7514659,shopify,61,deny,manual,4,5,TRUE,TRUE,,,,,8904415400382,https://cdn.shopify.com/s/files/1/0901/3696/9543/files/11mg-ubbs-spearmint-strong-nicotine-pouches-20-pouches-5503633.webp?v=1766077506,1,11mg Übbs Spearmint Strong Nicotine Pouches - 20 Pouches - Vapourism,FALSE,11mg Übbs Spearmint Strong Nicotine Pouches - 20 Pouches,"Buy Übbs Übbs Spearmint Strong 11mg nicotine pouches. Tobacco-free, discreet pouches. Fast UK delivery, 18+ age verified.",Health & Beauty > Health Care > Medicine & Drugs,unisex,adult,AJ0073X0467,new,FALSE,,,,,,,,,,,,,,,,,,,,,,,"übbs, 11mg, 11 mg, mint, spearmint, nicotine pouches, nic pouches, tobacco free",https://cdn.shopify.com/s/files/1/0901/3696/9543/files/11mg-ubbs-spearmint-strong-nicotine-pouches-20-pouches-5503633.webp?v=1766077506,lb,,2.5,active
15mg-helwit-extra-strong-banana-nicotine-pouches-20-pouches,15mg HELWIT Extra Strong Banana Nicotine Pouches - 20 Pouches,"<p>Enhance the effects of nicotine using 15mg HELWIT Extra Strong Banana Nicotine Pouches - 20 Pouches. Satisfy your taste buds with the timeless taste of banana while receiving 15mg/g of nicotine in each slim, all-white pouch. Weighing only 10g, these pouches are perfect for discreetly placing under your upper lip, providing a seamless and enjoyable nicotine experience. Elevate your nicotine intake with these user-friendly pouches and savor the well-rounded and gratifying sensations in any environment.<br><br></p>
<ul>
<li>Strength: Extra Strong </li>
<li>15mg/g Nicotine </li>
<li>Slim Packaging</li>
<li>Shelf Life 365 days</li>
<li>Made In Sweden</li>
<li>Weight: 10g<br>
</li>
</ul>
<p><br><strong>Flavour:</strong> Banana <br><br><strong>Ingredients:</strong> Cellulose fiber (E460i), Humectant (E422), Water, Flavourings, Nicotine Polacrilex, Salt, Erythritol (E968), Acidity regulator (E500), Sweetener (E955)<br></p>",HELWIT,Health & Beauty > Health Care > Medicine & Drugs > Smoking Cessation Aids,Smoking Products,"15mg, nic_strength=15, nicotine_pouches, parse_attributes_0, pouch",TRUE,Title,Default Title,,,,,,,,AG0208X0474,9.0718474,shopify,96,deny,manual,3.92,4.9,TRUE,TRUE,,,,,,https://cdn.shopify.com/s/files/1/0901/3696/9543/files/15mg-helwit-extra-strong-banana-nicotine-pouches-20-pouches-5377369.webp?v=1766077328,1,15mg HELWIT Extra Strong Banana Nicotine Pouches - 20 Pouches - Vapourism,FALSE,15mg HELWIT Extra Strong Banana Nicotine Pouches - 20 Pou...,"Buy HELWIT HELWIT Extra Strong 15mg nicotine pouches. Tobacco-free, discreet pouches. Fast UK delivery, 18+ age verified.",Health & Beauty > Health Care > Medicine & Drugs,unisex,adult,AG0208X0474,new,FALSE,,,,,,,,,,,,,,,,,,,,,,,"helwit, 15mg, 15 mg, banana, nicotine pouches, nic pouches, tobacco free",https://cdn.shopify.com/s/files/1/0901/3696/9543/files/15mg-helwit-extra-strong-banana-nicotine-pouches-20-pouches-5377369.webp?v=1766077328,lb,,2.45,active
4nx-10mg-watermelon-ice-slim-nicotine-pouches-20-pouches,4NX 10mg Watermelon Ice Slim Nicotine Pouches - 20 Pouches,"<span data-mce-fragment=""1"">Bringing the potent taste of juicy, refreshingly sweet crisp watermelon backed with subtle hints of menthol, the 4NX Watermelon Ice Nicotine Pouch offer a strong nicotine intake through discreet means. Made in the UK, these Watermelon Ice 4NX Nicotine Pouches are 10mg strength, providing a fairly strong nicotine hit.</span><br data-mce-fragment=""1""><br data-mce-fragment=""1""><span data-mce-fragment=""1"">The 4NX pouches are slim and can be subtly placed under the top lip for a discreet and convenient nicotine hit. Being tobacco-free you don’t need to spit while using them, and they don’t produce vapour, smoke or odour, allowing you to use them discreetly at any time or on the go whilst you conveniently satisfy your nicotine cravings.</span><br data-mce-fragment=""1""><br data-mce-fragment=""1""><span data-mce-fragment=""1"">Each pouch lasts for up to 30 minutes, offering a tingly nicotine sensation. When you’re finished with a pouch, the 4NX tin comes with a waste compartment to place your used pouches in, keeping the process of disposal as discreet as possible.</span><br data-mce-fragment=""1""><br data-mce-fragment=""1""><strong data-mce-fragment=""1"">Specifications:</strong><br data-mce-fragment=""1"">
<ul data-mce-fragment=""1"">
<li data-mce-fragment=""1"">Made in the UK</li>
<li data-mce-fragment=""1"">20 Pouches per Tin</li>
<li data-mce-fragment=""1"">Strength: 10mg</li>
<li data-mce-fragment=""1"">Nicotine Level: Strong</li>
<li data-mce-fragment=""1"">Slim Design</li>
<li data-mce-fragment=""1"">Discreet Nicotine Enjoyment</li>
<li data-mce-fragment=""1"">Tobacco Free</li>
<li data-mce-fragment=""1"">Lasts For Up to 30 Minutes</li>
</ul>",4NX,Health & Beauty > Health Care > Medicine & Drugs > Smoking Cessation Aids,Smoking Products,"0mg, ice, nic_strength=10, nicotine_pouches, parse_attributes_0, pouch, tobacco",TRUE,Title,Default Title,,,,,,,,BJ0058X0475,49.8951607,shopify,0,deny,manual,3.52,4.4,TRUE,TRUE,,,,,5060882810581,https://cdn.shopify.com/s/files/1/0901/3696/9543/files/4nx-10mg-watermelon-ice-slim-nicotine-pouches-20-pouches-7701796.webp?v=1766077507,1,4NX 10mg Watermelon Ice Slim Nicotine Pouches - 20 Pouches - Vapourism,FALSE,4NX 10mg Watermelon Ice Slim Nicotine Pouches - 20 Pouches,"Buy 4NX 4NX Watermelon Ice 10mg nicotine pouches. Tobacco-free, discreet pouches. Fast UK delivery, 18+ age verified.",Health & Beauty > Health Care > Medicine & Drugs,unisex,adult,BJ0058X0475,new,FALSE,,,,,,,,,,,,,,,,,,,,,,,"4nx, 10mg, 10 mg, melon, watermelon, ice, nicotine pouches, nic pouches, tobacco free",https://cdn.shopify.com/s/files/1/0901/3696/9543/files/4nx-10mg-watermelon-ice-slim-nicotine-pouches-20-pouches-7701796.webp?v=1766077507,lb,,2.2,active
3mg-on-mini-regular-spicy-margarita-nicotine-pouches-20-pouches,3mg On! Mini Regular Spicy Margarita Nicotine Pouches - 20 Pouches,"<span data-mce-fragment=""1"">Unleash the full potential of nicotine with the tantalizing 3mg On! Mini Regular Spicy Margarita Nicotine Pouches. Perfectly suited for your everyday routine, these pouches pack a powerful punch of flavour with each use. With 20 mini pouches in every can, they're compact and travel-friendly. Satisfaction is just a pouch away. Whether you're new to nicotine or a seasoned user, these pouches offer a versatile and convenient way to satisfy your cravings. Don't wait, indulge in a must-have product for any tobacco lover today!</span><br data-mce-fragment=""1""><br data-mce-fragment=""1""><strong data-mce-fragment=""1"">Specifications:</strong><br data-mce-fragment=""1"">
<ul data-mce-fragment=""1"">
<li data-mce-fragment=""1"">Strength: 3 mg Per Pouch </li>
<li data-mce-fragment=""1"">Regular Strength</li>
<li data-mce-fragment=""1"">Weight: 30g</li>
<li data-mce-fragment=""1"">Doses: 20 pouches</li>
</ul>
<br data-mce-fragment=""1""><strong data-mce-fragment=""1"">Direction of Use:</strong><span data-mce-fragment=""1""> Place one pouch under your top or bottom lip. Position the pouch to the side of your lip for comfort. Remove after 30 to 60 minutes.</span><br data-mce-fragment=""1""><br data-mce-fragment=""1""><strong data-mce-fragment=""1"">Flavour:</strong><span data-mce-fragment=""1""></span>
<ul data-mce-fragment=""1"">
<li data-mce-fragment=""1"">Spicy Margarita<br data-mce-fragment=""1"">
</li>
</ul>",On!,Health & Beauty > Health Care > Medicine & Drugs > Smoking Cessation Aids,Smoking Products,"3mg, nic_strength=3, nicotine_pouches, parse_attributes_0, pouch, spices_&_herbs, tobacco",TRUE,Title,Default Title,,,,,,,,EB0187X0473,31.7514659,shopify,0,deny,manual,7.58,9.48,TRUE,TRUE,,,,,0000073189480,https://cdn.shopify.com/s/files/1/0901/3696/9543/files/267289020.webp?v=1763966133,1,267289020.webp,FALSE,3mg On! Mini Regular Spicy Margarita Nicotine Pouches - 2...,"Buy On! On! Mini Regular 3mg nicotine pouches. Tobacco-free, discreet pouches. Fast UK delivery, 18+ age verified.",Health & Beauty > Health Care > Medicine & Drugs,unisex,adult,EB0187X0473,new,FALSE,,,,,,3mg,,,,,,,,,,,,,,,,,"on!, 3mg, 3 mg, nicotine pouches, nic pouches, tobacco free",https://cdn.shopify.com/s/files/1/0901/3696/9543/files/267289020.webp?v=1763966133,lb,,4.74,active
16mg-gilo-nicotine-pouch-chokehold-grape-20-pouches-buy-1-get-1-free,16mg GILO Nicotine Pouch Chokehold Grape - 20 Pouches (Buy 1 Get 1 Free),"<p><b><i>Limited Time Offer: Buy 1 Get 1 Free</i></b></p>
<p><span>Gilo Nicotine Pouch in Raspberry Biteback is a bold and exhilarating option for those seeking a powerful nicotine experience. Each pouch contains 16 mg of nicotine, delivering a robust punch that combines the sweet, juicy flavor of ripe raspberries with an intense, refreshing bite. This unique flavor profile is designed to tantalize your taste buds while providing a satisfying nicotine release.</span></p>
<p><strong>Specifications:</strong></p>
<ul>
<li><span>12mg per pouch</span></li>
<li><span>20 Pouches</span></li>
</ul>
<p><span><strong>Ingredients: </strong><span data-teams=""true"">Filler (E460), nicotine, acidity regulator (E500), water, humectant (E1520), preservative (E202), salt, water retention agent (E420), stabilizer (E1400), flavouring, sweetener (E950)</span></span></p>",Gilo,Health & Beauty > Health Care > Medicine & Drugs > Smoking Cessation Aids,Smoking Products,"16mg, nicotine_pouches, parse_attributes_0, pouch",TRUE,Title,Default Title,,,,,,,,AJ0043X0522,13.6077711,shopify,15,deny,manual,3.44,4.3,TRUE,TRUE,,,,,,https://cdn.shopify.com/s/files/1/0901/3696/9543/files/16mg-gilo-nicotine-pouch-chokehold-grape-20-pouches-buy-1-get-1-free-5320468.webp?v=1766077506,1,16mg GILO Nicotine Pouch Chokehold Grape - 20 Pouches (Buy 1 Get 1 Free) - Vapourism,FALSE,16mg GILO Nicotine Pouch Chokehold Grape - 20 Pouches (Bu...,"Buy Gilo GILO Chokehold Grape 16mg nicotine pouches. Tobacco-free, discreet pouches. Fast UK delivery, 18+ age verified.",Health & Beauty > Health Care > Medicine & Drugs,unisex,adult,AJ0043X0522,new,FALSE,,,,,,,,,,,,,,,,,,,,,,,"gilo, 16mg, 16 mg, grape, nicotine pouches, nic pouches, tobacco free",https://cdn.shopify.com/s/files/1/0901/3696/9543/files/16mg-gilo-nicotine-pouch-chokehold-grape-20-pouches-buy-1-get-1-free-5320468.webp?v=1766077506,lb,,2.15,active
12mg-poke-tropical-nicotine-pouches-20-pouches,12mg Poke Tropical Nicotine Pouches - 20 Pouches,"Indulge in a tropical paradise with  Poke Tropical Nicotine Pouches. Each box includes 20 pouches filled with exotic flavours, providing a unique and refreshing twist to your nicotine experience. These convenient and discreet pouches offer a smoke and vapour-free way to enjoy nicotine, with a balanced and controlled 12mg strength suitable for both experienced and new users. Every pouch transports you to a tropical oasis, bringing sunshine and relaxation to your day.<br data-mce-fragment=""1""><br data-mce-fragment=""1""><strong data-mce-fragment=""1"">Specifications:</strong><br data-mce-fragment=""1"">
<ul data-mce-fragment=""1"">
<li data-mce-fragment=""1"">Strength: 12mg Per Pouch</li>
<li data-mce-fragment=""1"">Doses: 20 pouches</li>
<li data-mce-fragment=""1"">Tobacco-free, smoke-free and vapour-free</li>
<li data-mce-fragment=""1"">Tropical Flavouring</li>
</ul>
<br data-mce-fragment=""1""><strong data-mce-fragment=""1"">Direction of Use:</strong> Place one pouch under your top or bottom lip. Position the pouch to the side of your lip for comfort. Remove after 30 to 60 minutes.",Poke,Health & Beauty > Health Care > Medicine & Drugs > Smoking Cessation Aids,Smoking Products,"12mg, nic_strength=12, nicotine_pouches, parse_attributes_0, pouch, tobacco",TRUE,Title,Default Title,,,,,,,,EE0040X0496,31.7514659,shopify,0,deny,manual,3.2,4,TRUE,TRUE,,,,,5744000041292,https://cdn.shopify.com/s/files/1/0901/3696/9543/files/267289320.webp?v=1763965941,1,267289320.webp,FALSE,12mg Poke Tropical Nicotine Pouches - 20 Pouches,"Buy Poke Poke Tropical 12mg nicotine pouches. Tobacco-free, discreet pouches. Fast UK delivery, 18+ age verified.",Health & Beauty > Health Care > Medicine & Drugs,unisex,adult,EE0040X0496,new,FALSE,,,,,,,,,,,,,,,,,,,,,,,"poke, 12mg, 12 mg, nicotine pouches, nic pouches, tobacco free",https://cdn.shopify.com/s/files/1/0901/3696/9543/files/267289320.webp?v=1763965941,lb,,2,active
4nx-10mg-icy-mint-slim-nicotine-pouches-20-pouches,4NX 10mg Icy Mint Slim Nicotine Pouches 20 Pouches,"<p data-mce-fragment=""1"">A refreshing, chilly fusion of menthol and fresh mint, you can experience 4NX’s breezy mint taste where ever you want. The 4NX nicotine pouches are smoke free, odour free, spit free and can be used on the go at anytime. They make for a discreet and convenient method to help you overcome your nicotine cravings.</p>
<p data-mce-fragment=""1"">- 20<span data-mce-fragment=""1""> </span>Pouches</p>
<p data-mce-fragment=""1"">- 10mg Nicotine</p>
<p data-mce-fragment=""1"">- Icy Mint Flavour</p>
<p><span data-mce-fragment=""1"">They're really easy to use; you start by placing a pouch inside your mouth in between your gum and lip for up to an hour. After that, you'll feel a tingling sensation for 5-10 minutes as the nicotine is absorbed.</span><br data-mce-fragment=""1""><br data-mce-fragment=""1""><span data-mce-fragment=""1"">Each of the 4NX Slim Nicotine Pouches comes in a very handy carry case. 4NX pouches are all-white and 100% Tobacco free.</span><br data-mce-fragment=""1""><br data-mce-fragment=""1""><strong data-mce-fragment=""1"">Specifications:</strong><br data-mce-fragment=""1""><span data-mce-fragment=""1"">Strength: 10 mg/g</span><br data-mce-fragment=""1""><span data-mce-fragment=""1"">Nicotine level: Strong</span><br data-mce-fragment=""1""><span data-mce-fragment=""1"">Doses: 20 pouches</span></p>",4NX,Health & Beauty > Health Care > Medicine & Drugs > Smoking Cessation Aids,Smoking Products,"0mg, 10mg, ice, nic_strength=10, nicotine_pouches, parse_attributes_0, pouch, tobacco",TRUE,Title,Default Title,,,,,,,,BB0020X0475,49.8951607,shopify,0,deny,manual,3.52,4.4,TRUE,TRUE,,,,,,https://cdn.shopify.com/s/files/1/0901/3696/9543/files/4nx-10mg-icy-mint-slim-nicotine-pouches-20-pouches-2489462.webp?v=1766077447,1,4NX 10mg Icy Mint Slim Nicotine Pouches 20 Pouches - Vapourism,FALSE,4NX 10mg Icy Mint Slim Nicotine Pouches 20 Pouches,"Buy 4NX 4NX Icy Mint 10mg nicotine pouches. Tobacco-free, discreet pouches. Fast UK delivery, 18+ age verified.",Health & Beauty > Health Care > Medicine & Drugs,unisex,adult,BB0020X0475,new,FALSE,,,,,,,,,,,,,,,,,,,,,,,"4nx, 10mg, 10 mg, mint, nicotine pouches, nic pouches, tobacco free",https://cdn.shopify.com/s/files/1/0901/3696/9543/files/4nx-10mg-icy-mint-slim-nicotine-pouches-20-pouches-2489462.webp?v=1766077447,lb,,2.2,active
6mg-arctic7-wild-berry-slim-nicotine-pouches-20-pouches,6mg Arctic7 Wild Berry Slim Nicotine Pouches - 20 Pouches,"<p data-mce-fragment=""1"">Indulge in the invigorating taste of Arctic7's 6mg Wild Berry Slim Nicotine Pouches, expertly formulated to elevate your nicotine intake. Each slim pouch offers a burst of refreshing Spearmint flavour, providing a gratifying alternative to standard smoking. This pack features 20 accurately-measured pouches for convenient, on-the-go use.<br data-mce-fragment=""1""><strong data-mce-fragment=""1""></strong></p>
<p data-mce-fragment=""1""><strong data-mce-fragment=""1"">Specifications:</strong><br data-mce-fragment=""1""></p>
<ul data-mce-fragment=""1"">
<li data-mce-fragment=""1"">Strength: 6mg Per Pouch</li>
<li data-mce-fragment=""1"">Doses: 20 pouches</li>
<li data-mce-fragment=""1"">Tobacco-free, smoke-free and vapour-free</li>
<li data-mce-fragment=""1"">Wild Berry Flavouring</li>
</ul>
<br data-mce-fragment=""1""><strong data-mce-fragment=""1"">Direction of Use:</strong> Place one pouch under your top or bottom lip. Position the pouch to the side of your lip for comfort. Remove after 30 to 60 minutes.",Artic7,Health & Beauty > Health Care > Medicine & Drugs > Smoking Cessation Aids,Smoking Products,"6mg, nic_strength=6, nicotine_pouches, parse_attributes_0, pouch, tobacco",TRUE,Title,Default Title,,,,,,,,EE0029X0499,18.1436948,shopify,0,deny,manual,4,5,TRUE,TRUE,,,,,5744000041353,https://cdn.shopify.com/s/files/1/0901/3696/9543/files/6mg-arctic7-wild-berry-slim-nicotine-pouches-20-pouches-7207201.webp?v=1766077506,1,6mg Arctic7 Wild Berry Slim Nicotine Pouches - 20 Pouches - Vapourism,FALSE,Artic7 6mg Arctic7 Wild Berry Slim Nicotine Pouches - 20 ...,"Buy Artic7 Arctic7 Wild Berry 6mg nicotine pouches. Tobacco-free, discreet pouches. Fast UK delivery, 18+ age verified.",Health & Beauty > Health Care > Medicine & Drugs,unisex,adult,EE0029X0499,new,FALSE,,,,,,6mg,,,,,,,,,,,,,,,,,"artic7, 6mg, 6 mg, berry, nicotine pouches, nic pouches, tobacco free",https://cdn.shopify.com/s/files/1/0901/3696/9543/files/6mg-arctic7-wild-berry-slim-nicotine-pouches-20-pouches-7207201.webp?v=1766077506,lb,,2.5,active
50mg-nois-mini-extreme-nicotine-pouches-33-pouches,50mg NOIS Mini Extreme Nicotine Pouches - 33 Pouches,"<p>For those who desire a powerful nicotine hit, 50mg NOIS Mini Extreme Nicotine Pouches are the ultimate option. This pack of 33 pouches is perfect for experienced users, offering value and convenience in one. These mini pouches have a remarkable 50mg/g nicotine strength, providing a fast and invigorating effect that sets them apart from other extra strong nicotine pouches on the UK market. Their discreet mini format allows for discreet, comfortable use anywhere, while their tobacco-free, smoke-free, and vapour-free design means you can enjoy a clean and odourless experience without worrying about staining your teeth. The bold mint flavour infused with a cooling menthol sensation adds a refreshing burst of taste to every use, making these NOIS Mini Extreme pouches the ideal choice for those who want both strength and flavour in their nicotine routine. Regardless of whether you're trying to quit smoking or simply prefer a convenient, high-strength alternative, NOIS Mini Extreme Nicotine Pouch</p>
<p data-start=""0"" data-end=""524""><strong>Specifications:</strong></p>
<ul>
<li data-start=""0"" data-end=""524"">Nicotine Strength: 50mg/g Strength</li>
<li data-start=""0"" data-end=""524"">Tobacco-Free</li>
<li data-start=""0"" data-end=""524"">Smoke-Free</li>
<li data-start=""0"" data-end=""524"">Format: Mini</li>
<li>33 Pouches Per Pack</li>
</ul>
<p><strong>Flavours:</strong></p>
<ul>
<li>Extreme</li>
</ul>
<p><strong>Direction of Use:</strong> Place one pouch under your top or bottom lip. Position the pouch to the side of your lip for comfort. Remove after 30 to 60 minutes.</p>",NOIS,Health & Beauty > Health Care > Medicine & Drugs > Smoking Cessation Aids,Smoking Products,"0mg, ice, nic_strength=50, nicotine_pouches, parse_attributes_0, pouch, tobacco",TRUE,Title,Default Title,,,,,,,,AH0071Z0155,31.7514659,shopify,220,deny,manual,3.12,3.9,TRUE,TRUE,,,,,,https://cdn.shopify.com/s/files/1/0901/3696/9543/files/50mg-nois-mini-extreme-nicotine-pouches-33-pouches-2391571.webp?v=1766077627,1,50mg NOIS Mini Extreme Nicotine Pouches - 33 Pouches - Vapourism,FALSE,50mg NOIS Mini Extreme Nicotine Pouches - 33 Pouches,"Buy NOIS NOIS Mini Extreme 50mg nicotine pouches. Tobacco-free, discreet pouches. Fast UK delivery, 18+ age verified.",Health & Beauty > Health Care > Medicine & Drugs,unisex,adult,AH0071Z0155,new,FALSE,,,,,,50mg,,,,,,,,,,,,,,,,,"nois, 50mg, 50 mg, nicotine pouches, nic pouches, tobacco free",https://cdn.shopify.com/s/files/1/0901/3696/9543/files/50mg-nois-mini-extreme-nicotine-pouches-33-pouches-2391571.webp?v=1766077627,lb,,1.95,active
helwit-9mg-nicotine-pouches-mocha-20-pouches,HELWIT 9mg Nicotine Pouches Mocha - 20 Pouches,"<p><span data-mce-fragment=""1"">Experience a balanced and flavorful nicotine sensation with HELWIT 9mg Nicotine Pouches Mocha - 20 Pouches (Buy 2 Get 1 Free). Each slim can contain 20 pouches, each delivering a 9mg/g nicotine level. These all-white, tobacco-free pouches offer a rich and aromatic mocha flavour, perfect for convenient consumption on the go. With a net weight of 10g, they easily fit under the upper lip for a quick and satisfying release. Enjoy the moderate nicotine strength and indulge in the delicious mocha taste, especially in smoke-free environments. Discover the contemporary and discreet way to enjoy nicotine today.</span><br data-mce-fragment=""1""><br data-mce-fragment=""1""></p>
<ul data-mce-fragment=""1"">
<li data-mce-fragment=""1"">Strength - 3/4</li>
<li data-mce-fragment=""1"">9mg Nicotine Salt</li>
<li data-mce-fragment=""1"">Slim Packaging</li>
<li data-mce-fragment=""1"">Shelf Life 365 days</li>
<li data-mce-fragment=""1"">Made In Sweden</li>
<li data-mce-fragment=""1"">Weight: 10g</li>
</ul>
<p><br data-mce-fragment=""1""><strong data-mce-fragment=""1"">Flavour:</strong><span data-mce-fragment=""1"">  Mocha</span><br data-mce-fragment=""1""><br data-mce-fragment=""1""><strong data-mce-fragment=""1"">Ingredients:</strong><span data-mce-fragment=""1""> Cellulose fiber (E460i), Humectant (E422), Water, Flavourings, Nicotine Polacrilex, Salt, Erythritol (E968), Acidity regulator (E500), Sweetener (E955)</span></p>",HELWIT,Health & Beauty > Health Care > Medicine & Drugs > Smoking Cessation Aids,Smoking Products,"9mg, nic_salt, nic_strength=9, nicotine_pouches, parse_attributes_0, pouch, tobacco",TRUE,Title,Default Title,,,,,,,,AG0207X0474,9.0718474,shopify,0,deny,manual,3.92,4.9,TRUE,TRUE,,,,,,https://cdn.shopify.com/s/files/1/0901/3696/9543/files/267288841.webp?v=1763965681,1,267288841.webp,FALSE,HELWIT 9mg Nicotine Pouches Mocha - 20 Pouches,"Buy HELWIT HELWIT Mocha 9mg nicotine pouches. Tobacco-free, discreet pouches. Fast UK delivery, 18+ age verified.",Health & Beauty > Health Care > Medicine & Drugs,unisex,adult,AG0207X0474,new,FALSE,,,,,,,,,,,,,,,,,,,,,,,"helwit, 9mg, 9 mg, nicotine pouches, nic pouches, tobacco free",https://cdn.shopify.com/s/files/1/0901/3696/9543/files/267288841.webp?v=1763965681,lb,,2.45,active
helwit-7mg-nicotine-pouches-cola-20-pouches,HELWIT 7mg Nicotine Pouches Cola - 20 Pouches,"<p><span data-mce-fragment=""1"">Experience modern and convenient nicotine enjoyment with HELWIT 7mg Nicotine Pouches Cola - 20 Pouches! Each slim pouch contains 7mg/g of nicotine and boasts a classic cola flavour, making it a discreet and pleasurable option for nicotine consumption. With a net weight of 10g, these all-white, tobacco-free pouches can easily fit under the upper lip for a quick and efficient release of nicotine. Choose these pouches for a balanced and satisfying nicotine experience in any environment.</span><br data-mce-fragment=""1""><br data-mce-fragment=""1""></p>
<ul>
<li><span data-mce-fragment=""1"">Strength - 2/4</span></li>
<li><span data-mce-fragment=""1"">7mg Nicotine Salt</span></li>
<li><span data-mce-fragment=""1"">Slim Packaging</span></li>
<li><span data-mce-fragment=""1"">Shelf Life 365 days</span></li>
<li><span data-mce-fragment=""1"">Made In Sweden</span></li>
<li><span data-mce-fragment=""1"">Weight: 10g</span></li>
</ul>
<p><br data-mce-fragment=""1""><strong data-mce-fragment=""1"">Flavour:</strong><span data-mce-fragment=""1""> Cola </span><br data-mce-fragment=""1""><br data-mce-fragment=""1""><strong data-mce-fragment=""1"">Ingredients:</strong><span data-mce-fragment=""1""> Cellulose fiber (E460i), Humectant (E422), Water, Flavourings, Nicotine Polacrilex, Salt, Erythritol (E968), Acidity regulator (E500), Sweetener (E955)</span><br data-mce-fragment=""1""><br data-mce-fragment=""1""></p>",HELWIT,Health & Beauty > Health Care > Medicine & Drugs > Smoking Cessation Aids,Smoking Products,"7mg, nic_salt, nic_strength=7, nic_strength=8, nicotine_pouches, parse_attributes_0, pouch, tobacco",TRUE,Title,Default Title,,,,,,,,AG0203X0474,9.0718474,shopify,0,deny,manual,3.92,4.9,TRUE,TRUE,,,,,,https://cdn.shopify.com/s/files/1/0901/3696/9543/files/helwit-7mg-nicotine-pouches-cola-20-pouches-2727698.webp?v=1766077446,1,HELWIT 7mg Nicotine Pouches Cola - 20 Pouches - Vapourism,FALSE,HELWIT 7mg Nicotine Pouches Cola - 20 Pouches,"Buy HELWIT HELWIT Cola 7mg nicotine pouches. Tobacco-free, discreet pouches. Fast UK delivery, 18+ age verified.",Health & Beauty > Health Care > Medicine & Drugs,unisex,adult,AG0203X0474,new,FALSE,,,,,,7mg,,,,,,,,,,,,,,,,,"helwit, 7mg, 7 mg, cola, nicotine pouches, nic pouches, tobacco free",https://cdn.shopify.com/s/files/1/0901/3696/9543/files/helwit-7mg-nicotine-pouches-cola-20-pouches-2727698.webp?v=1766077446,lb,,2.45,active
helwit-12mg-nicotine-pouches-salmiak-20-pouches,HELWIT 12mg Nicotine Pouches Salmiak - 20 Pouches,"<p><span data-mce-fragment=""1"">Experience the potent and flavorful nicotine delivery offered by HELWIT 12mg Nicotine Pouches Salmiak. This modern and discreet product contains 20 slim pouches per can, each with a nicotine level of 12mg. Enjoy the unique salmiak flavour of these tobacco-free, all-white pouches, designed for a quick and efficient release of nicotine. With a net weight of 10g, these pouches fit comfortably under the upper lip, making them perfect for smoke-free environments. Don't miss out on the robust nicotine strength and distinct salmiak taste - try HELWIT 12mg Nicotine Pouches Salmiak today! </span><br data-mce-fragment=""1""><br data-mce-fragment=""1""></p>
<ul data-mce-fragment=""1"">
<li data-mce-fragment=""1"">Strength - 4/4</li>
<li data-mce-fragment=""1"">12mg Nicotine Salt</li>
<li data-mce-fragment=""1"">Slim Packaging</li>
<li data-mce-fragment=""1"">Shelf Life 365 days</li>
<li data-mce-fragment=""1"">Made In Sweden</li>
<li data-mce-fragment=""1"">Weight: 10g</li>
</ul>
<p><br data-mce-fragment=""1""><strong data-mce-fragment=""1"">Flavour:</strong><span data-mce-fragment=""1"">  Salmiak </span><br data-mce-fragment=""1""><br data-mce-fragment=""1""><strong data-mce-fragment=""1"">Ingredients:</strong><span data-mce-fragment=""1""> Cellulose fiber (E460i), Humectant (E422), Water, Flavourings, Nicotine Polacrilex, Salt, Erythritol (E968), Acidity regulator (E500), Sweetener (E955)</span><br data-mce-fragment=""1""></p>",HELWIT,Health & Beauty > Health Care > Medicine & Drugs > Smoking Cessation Aids,Smoking Products,"12mg, nic_salt, nic_strength=12, nicotine_pouches, parse_attributes_0, pouch, tobacco",TRUE,Title,Default Title,,,,,,,,AG0206X0474,9.0718474,shopify,0,deny,manual,3.92,4.9,TRUE,TRUE,,,,,,https://cdn.shopify.com/s/files/1/0901/3696/9543/files/267289259.webp?v=1763965571,1,267289259.webp,FALSE,HELWIT 12mg Nicotine Pouches Salmiak - 20 Pouches,"Buy HELWIT HELWIT Salmiak 12mg nicotine pouches. Tobacco-free, discreet pouches. Fast UK delivery, 18+ age verified.",Health & Beauty > Health Care > Medicine & Drugs,unisex,adult,AG0206X0474,new,FALSE,,,,,,,,,,,,,,,,,,,,,,,"helwit, 12mg, 12 mg, nicotine pouches, nic pouches, tobacco free",https://cdn.shopify.com/s/files/1/0901/3696/9543/files/267289259.webp?v=1763965571,lb,,2.45,active
6mg-muse-nicotine-pouches-cdu-bundle-30-units-free-stand,6mg Muse Nicotine Pouches CDU Bundle 30 Units + Free Stand,"<h3>First UK Made Nicotine Pouch Brand!  </h3>
<h4><strong>Tobacco Free &amp; Sugar Free!</strong></h4>
<p>Looking for a premium nicotine pouch experience? The 6mg Muse Nicotine Pouches CDU Bundle is your perfect choice, offering a set of 30 units with six unique flavours to suit every taste. This bundle includes 5x Cool Mint, 5x Liquorice, 5x Strawberry Raspberry Cherry, 5x Orange Mango, 5x Iron Brew, and 5x Cola Ice—each crafted to deliver a smooth, tobacco-free nicotine experience. Whether you crave the refreshing chill of mint, the boldness of liquorice, or the fruity zest of orange mango, this bundle has it all. Perfect for adult users seeking a discreet, sugar-free alternative, Muse nicotine pouches are designed for convenience and satisfaction. exceptional product line that's a game-changer for retail stores across the United Kingdom.<br><br>Order now to enjoy this exclusive variety pack and elevate your nicotine experience with Muse's signature British-inspired flavours, don’t miss out!</p>
<p><strong>Specifications: </strong><br></p>
<ul>
<li>30 Muse Nicotine Pouch Cans Total <br>
</li>
<li>6mg Nicotine Pouch Strengths</li>
<li>Limited Time Offer</li>
<li>6 Flavours in total!</li>
<li>Original &amp; Mix Range</li>
</ul>
<p><strong>What's in the Bundle: </strong><br></p>
<ul>
<li>30x Muse Nicotine Pouch Cans<br>
</li>
<li>1x Counter Top Display Unit  </li>
</ul>
<p><strong>Flavours: <br></strong></p>
<ul>
<li>5x 6mg Cool Mint <br>
</li>
<li>5x 6mg Liquorice</li>
<li>5x 6mg Strawberry Raspberry Cherry </li>
<li>5x 6mg Orange Mango</li>
<li>5x 6mg Iron Brew </li>
<li>5x 6mg Cola Ice</li>
</ul>
<p> </p>",Muse,Health & Beauty > Health Care > Medicine & Drugs > Smoking Cessation Aids,Smoking Products,"6mg, fruity, ice, nic_salt, nic_strength=6, nicotine_pouches, parse_attributes_0, pouch, tobacco",TRUE,Title,Default Title,,,,,,,,Z8809,1501.390745,shopify,10,deny,manual,96,120,TRUE,TRUE,,,,,,https://cdn.shopify.com/s/files/1/0901/3696/9543/files/6mg-muse-nicotine-pouches-cdu-bundle-30-units-free-stand-5574131.webp?v=1766077686,1,6mg Muse Nicotine Pouches CDU Bundle 30 Units + Free Stand - Vapourism,FALSE,6mg Muse Nicotine Pouches CDU Bundle 30 Units + Free Stand,"Buy Muse Muse CDU Bundle 6mg nicotine pouches. Tobacco-free, discreet pouches. Fast UK delivery, 18+ age verified.",Health & Beauty > Health Care > Medicine & Drugs,unisex,adult,Z8809,new,FALSE,,,,,,,,,,,,,,,,,,,,,,,"muse, 6mg, 6 mg, nicotine pouches, nic pouches, tobacco free",https://cdn.shopify.com/s/files/1/0901/3696/9543/files/6mg-muse-nicotine-pouches-cdu-bundle-30-units-free-stand-5574131.webp?v=1766077686,lb,,60,unlisted
11mg-ubbs-menthol-strong-nicotine-pouches-20-pouches,11mg Übbs Menthol Strong Nicotine Pouches - 20 Pouches,"<p data-mce-fragment=""1""><span data-mce-fragment=""1"">Übbs Strong Nicotine Pouches! </span>Discover a refreshing burst of flavour with 11mg. Each convenient pack contains 20 pouches that quickly disperse nicotine in your mouth for a satisfying hit without smoke or unpleasant odours. Designed for those seeking a clean and enjoyable alternative to traditional tobacco products, Übbs Nicotine Pouches offer a convenient and discreet way to enjoy nicotine without tobacco. With a wide range of flavours and a focus on convenience, these pouches are perfect for anyone looking for a new, smoke-free nicotine experience.<br data-mce-fragment=""1""><br data-mce-fragment=""1""><strong data-mce-fragment=""1"">Specifications:</strong><br data-mce-fragment=""1""></p>
<ul data-mce-fragment=""1"">
<li data-mce-fragment=""1"">Strength: 11 mg/g</li>
<li data-mce-fragment=""1"">Regular Strength </li>
<li data-mce-fragment=""1"">Weight: 30g </li>
<li data-mce-fragment=""1"">Doses: 20 pouches</li>
</ul>
<p data-mce-fragment=""1""><strong data-mce-fragment=""1"">Direction of Use:</strong><span data-mce-fragment=""1""> </span>Place one pouch under your top or bottom lip. Position the pouch to the side of your lip for comfort. Remove after 30 to 60 minutes. <br data-mce-fragment=""1""><br data-mce-fragment=""1""><strong data-mce-fragment=""1"">Flavour: <br data-mce-fragment=""1""></strong></p>
<ul data-mce-fragment=""1"">
<li data-mce-fragment=""1"">Menthol</li>
</ul>",Übbs,Health & Beauty > Health Care > Medicine & Drugs > Smoking Cessation Aids,Smoking Products,"11mg, ice, nic_strength=11, nicotine_pouches, parse_attributes_0, pouch, tobacco, traditional_nicotine",TRUE,Title,Default Title,,,,,,,,AJ0071X0467,31.7514659,shopify,146,deny,manual,4,5,TRUE,TRUE,,,,,8904415400375,https://cdn.shopify.com/s/files/1/0901/3696/9543/files/267289299.webp?v=1763965378,1,267289299.webp,FALSE,11mg Übbs Menthol Strong Nicotine Pouches - 20 Pouches,"Buy Übbs Übbs Menthol Strong 11mg nicotine pouches. Tobacco-free, discreet pouches. Fast UK delivery, 18+ age verified.",Health & Beauty > Health Care > Medicine & Drugs,unisex,adult,AJ0071X0467,new,FALSE,,,,,,,,,,,,,,,,,,,,,,,"übbs, 11mg, 11 mg, menthol, nicotine pouches, nic pouches, tobacco free",https://cdn.shopify.com/s/files/1/0901/3696/9543/files/267289299.webp?v=1763965378,lb,,2.5,active
16mg-poke-mint-nicotine-pouches-20-pouches,16mg Poke Mint Nicotine Pouches - 20 Pouches,"Experience 16mg Poke Mint Nicotine Pouches, a convenient and refreshing option for nicotine consumption without the use of smoke or vapor. Each package includes 20 pouches, offering a satisfying experience with a minty twist. Perfect for on-the-go use, these pouches provide a discreet and smoke-free choice for nicotine consumption. The 16mg strength balances flavour and nicotine delivery, catering to both experienced users and those looking to moderate their intake. Indulge in a burst of minty freshness at any time with Poke Mint Nicotine Pouches.<br data-mce-fragment=""1""><br data-mce-fragment=""1""><strong data-mce-fragment=""1"">Specifications:</strong><br data-mce-fragment=""1"">
<ul data-mce-fragment=""1"">
<li data-mce-fragment=""1"">Strength: 16mg Per Pouch</li>
<li data-mce-fragment=""1"">Doses: 20 pouches</li>
<li data-mce-fragment=""1"">Tobacco-free, smoke-free and vapour-free</li>
<li data-mce-fragment=""1"">Mint Flavouring</li>
</ul>
<br data-mce-fragment=""1""><strong data-mce-fragment=""1"">Direction of Use:</strong> Place one pouch under your top or bottom lip. Position the pouch to the side of your lip for comfort. Remove after 30 to 60 minutes.",Poke,Health & Beauty > Health Care > Medicine & Drugs > Smoking Cessation Aids,Smoking Products,"16mg, ice, nicotine_pouches, parse_attributes_0, pouch, tobacco",TRUE,Title,Default Title,,,,,,,,EE0032X0496,31.7514659,shopify,0,deny,manual,3.2,4,TRUE,TRUE,,,,,5744000049991,https://cdn.shopify.com/s/files/1/0901/3696/9543/files/267288885.webp?v=1763965308,1,267288885.webp,FALSE,16mg Poke Mint Nicotine Pouches - 20 Pouches,"Buy Poke Poke Mint 16mg nicotine pouches. Tobacco-free, discreet pouches. Fast UK delivery, 18+ age verified.",Health & Beauty > Health Care > Medicine & Drugs,unisex,adult,EE0032X0496,new,FALSE,,,,,,,,,,,,,,,,,,,,,,,"poke, 16mg, 16 mg, mint, nicotine pouches, nic pouches, tobacco free",https://cdn.shopify.com/s/files/1/0901/3696/9543/files/267288885.webp?v=1763965308,lb,,2,active
helwit-7mg-nicotine-pouches-mint-20-pouches,HELWIT 7mg Nicotine Pouches Mint - 20 Pouches,"<p><span data-mce-fragment=""1"">Experience the invigorating freshness and discreet convenience of HELWIT 7mg Nicotine Pouches Mint. Each sleek can contains 20 slim, all-white pouches delivering 7mg/g of nicotine. Enjoy the balanced and refreshing mint flavour while on the go, with the pouches designed to fit comfortably under the upper lip for a fast and efficient nicotine release. Perfect for those seeking a satisfying nicotine experience in smoke-free environments, these pouches offer a mellow strength and powerful taste. Add an energizing twist to your day with HELWIT 7mg Nicotine Pouches Mint!</span><br data-mce-fragment=""1""></p>
<ul data-mce-fragment=""1"">
<li data-mce-fragment=""1"">Strength - 2/4</li>
<li data-mce-fragment=""1"">7mg Nicotine Salt</li>
<li data-mce-fragment=""1"">Slim Packaging</li>
<li data-mce-fragment=""1"">Shelf Life 365 days</li>
<li data-mce-fragment=""1"">Made In Sweden</li>
<li data-mce-fragment=""1"">Weight: 10g</li>
</ul>
<p><br data-mce-fragment=""1""><strong data-mce-fragment=""1"">Flavour:</strong><span data-mce-fragment=""1""> Mint </span><br data-mce-fragment=""1""><br data-mce-fragment=""1""><strong data-mce-fragment=""1"">Ingredients:</strong><span data-mce-fragment=""1""> Cellulose fiber (E460i), Humectant (E422), Water, Flavourings, Nicotine Polacrilex, Salt, Erythritol (E968), Acidity regulator (E500), Sweetener (E955)</span></p>",HELWIT,Health & Beauty > Health Care > Medicine & Drugs > Smoking Cessation Aids,Smoking Products,"7mg, ice, nic_salt, nic_strength=7, nic_strength=8, nicotine_pouches, parse_attributes_0, pouch",TRUE,Title,Default Title,,,,,,,,AG0201X0474,9.0718474,shopify,0,deny,manual,3.92,4.9,TRUE,TRUE,,,,,,https://cdn.shopify.com/s/files/1/0901/3696/9543/files/267289329.webp?v=1763965294,1,267289329.webp,FALSE,HELWIT 7mg Nicotine Pouches Mint - 20 Pouches,"Buy HELWIT HELWIT Mint 7mg nicotine pouches. Tobacco-free, discreet pouches. Fast UK delivery, 18+ age verified.",Health & Beauty > Health Care > Medicine & Drugs,unisex,adult,AG0201X0474,new,FALSE,,,,,,7mg,,,,,,,,,,,,,,,,,"helwit, 7mg, 7 mg, mint, nicotine pouches, nic pouches, tobacco free",https://cdn.shopify.com/s/files/1/0901/3696/9543/files/267289329.webp?v=1763965294,lb,,2.45,active
12mg-syke-nicotine-pouches-20-pouches,12mg SYKE Nicotine Pouches - 20 Pouches,"<p><span>SYKE Nicotine Pouches in 12mg strength offer a modern, tobacco-free alternative for those seeking a clean and convenient nicotine experience. Each can contains 20 slim, discreet pouches designed for comfortable placement under the upper lip, delivering a smooth and steady release of nicotine throughout the day. These pouches are formulated with pharmaceutical-grade nicotine and premium flavourings, ensuring a gratifying sensation with every use.</span></p>
<p><strong>Specifications:</strong></p>
<ul>
<li><span>Nicotine Strength: 12mg</span></li>
<li><span>20 Pouches</span></li>
<li><span>Tobacco Free</span></li>
</ul>
<p><strong>Flavours:</strong></p>
<ul>
<li><span>Spearmint</span></li>
<li><span>Strawberry Lime</span></li>
<li><span>Watermelon</span></li>
<li><span>Cherry Kisses</span></li>
</ul>",SYKE,Health & Beauty > Health Care > Medicine & Drugs > Smoking Cessation Aids,Smoking Products,"12mg, fruity, ice, nic_salt, nic_strength=12, nicotine_pouches, parse_attributes_0, pouch",TRUE,Flavour,Spearmint,,,,,,,,EI0330X0535,31.7514659,shopify,88,deny,manual,3.28,4.1,TRUE,TRUE,,,,,,https://cdn.shopify.com/s/files/1/0901/3696/9543/files/267290012.webp?v=1763965273,1,267290012.webp,FALSE,12mg SYKE Nicotine Pouches - 20 Pouches,"Buy SYKE SYKE 12mg nicotine pouches. Tobacco-free, discreet pouches. Fast UK delivery, 18+ age verified.",Health & Beauty > Health Care > Medicine & Drugs,unisex,adult,EI0330X0535,new,FALSE,,,,,,,,,,,,,,,,,,,,,,,"syke, 12mg, 12 mg, nicotine pouches, nic pouches, tobacco free",,lb,,2.05,active
12mg-syke-nicotine-pouches-20-pouches,,,,,,,,,Strawberry & Lime,,,,,,,,EI0331X0535,31.7514659,shopify,85,deny,manual,3.28,4.1,TRUE,TRUE,,,,,,https://cdn.shopify.com/s/files/1/0901/3696/9543/files/267290013.webp?v=1763965274,2,267290013.webp,,,,,,,,,,,,,,,,,,,,,,,,,,,,,,,,,,lb,,2.05,
12mg-syke-nicotine-pouches-20-pouches,,,,,,,,,Watermelon & Guava,,,,,,,,EI0332X0535,31.7514659,shopify,89,deny,manual,3.28,4.1,TRUE,TRUE,,,,,,https://cdn.shopify.com/s/files/1/0901/3696/9543/files/267290014.webp?v=1763965273,3,267290014.webp,,,,,,,,,,,,,,,,,,,,,,,,,,,,,,,,,,lb,,2.05,
12mg-syke-nicotine-pouches-20-pouches,,,,,,,,,Cherry Kisses,,,,,,,,EC0202X0535,31.7514659,shopify,88,deny,manual,3.28,4.1,TRUE,TRUE,,,,,,https://cdn.shopify.com/s/files/1/0901/3696/9543/files/267290015.webp?v=1763965274,4,267290015.webp,,,,,,,,,,,,,,,,,,,,,,,,,,,,,,,,,,lb,,2.05,
12mg-syke-nicotine-pouches-20-pouches,,,,,,,,,,,,,,,,,,,,,,,,,,,,,,,,https://cdn.shopify.com/s/files/1/0901/3696/9543/files/267290016.webp?v=1763965274,5,267290016.webp,,,,,,,,,,,,,,,,,,,,,,,,,,,,,,,,,,,,,
16mg-poke-tropical-nicotine-pouches-20-pouches,16mg Poke Tropical Nicotine Pouches - 20 Pouches,"Experience a tropical getaway with Poke Tropical Nicotine Pouches - 16mg strength, 20 pouches per package. Enjoy a unique blend of exotic flavours without smoke or vapour. Perfect for those seeking a taste of the tropics, these pouches offer a discreet and convenient way to consume nicotine. With controlled and balanced delivery, it's suitable for both experienced users and those looking for a milder option. Escape to a tropical oasis with every pouch and add some sunshine and relaxation to your day.<br data-mce-fragment=""1""><br data-mce-fragment=""1""><strong data-mce-fragment=""1"">Specifications:</strong><br data-mce-fragment=""1"">
<ul data-mce-fragment=""1"">
<li data-mce-fragment=""1"">Strength: 16mg Per Pouch</li>
<li data-mce-fragment=""1"">Doses: 20 pouches</li>
<li data-mce-fragment=""1"">Tobacco-free, smoke-free and vapour-free</li>
<li data-mce-fragment=""1"">Tropical Flavouring</li>
</ul>
<br data-mce-fragment=""1""><strong data-mce-fragment=""1"">Direction of Use:</strong> Place one pouch under your top or bottom lip. Position the pouch to the side of your lip for comfort. Remove after 30 to 60 minutes.",Poke,Health & Beauty > Health Care > Medicine & Drugs > Smoking Cessation Aids,Smoking Products,"16mg, nicotine_pouches, parse_attributes_0, pouch, tobacco",TRUE,Title,Default Title,,,,,,,,EE0041X0496,31.7514659,shopify,0,deny,manual,3.2,4,TRUE,TRUE,,,,,5744000049960,https://cdn.shopify.com/s/files/1/0901/3696/9543/files/267289160.webp?v=1763965128,1,267289160.webp,FALSE,16mg Poke Tropical Nicotine Pouches - 20 Pouches,"Buy Poke Poke Tropical 16mg nicotine pouches. Tobacco-free, discreet pouches. Fast UK delivery, 18+ age verified.",Health & Beauty > Health Care > Medicine & Drugs,unisex,adult,EE0041X0496,new,FALSE,,,,,,,,,,,,,,,,,,,,,,,"poke, 16mg, 16 mg, nicotine pouches, nic pouches, tobacco free",https://cdn.shopify.com/s/files/1/0901/3696/9543/files/267289160.webp?v=1763965128,lb,,2,active
3mg-on-mini-regular-coffee-nicotine-pouches-20-pouches,3mg On! Mini Regular Coffee Nicotine Pouches - 20 Pouches,"<span data-mce-fragment=""1"">Enhance your nicotine experience with 3mg On! Mini Regular Coffee Nicotine Pouches. These 20 conveniently-sized pouches are perfect for your daily routine. Each discreet, flavorful pouch delivers a satisfying hit and is easily portable. Whether you're a new or seasoned user, these pouches offer a versatile and enjoyable option for satisfying cravings. Don't miss out - try them now and see why they're a must-have for tobacco enthusiasts!</span><br data-mce-fragment=""1""><br data-mce-fragment=""1""><strong data-mce-fragment=""1"">Specifications:</strong><br data-mce-fragment=""1"">
<ul data-mce-fragment=""1"">
<li data-mce-fragment=""1"">Strength: 3 mg Per Pouch </li>
<li data-mce-fragment=""1"">Regular Strength</li>
<li data-mce-fragment=""1"">Weight: 30g</li>
<li data-mce-fragment=""1"">Doses: 20 pouches</li>
</ul>
<br data-mce-fragment=""1""><strong data-mce-fragment=""1"">Direction of Use:</strong><span data-mce-fragment=""1""> Place one pouch under your top or bottom lip. Position the pouch to the side of your lip for comfort. Remove after 30 to 60 minutes.</span><br data-mce-fragment=""1""><br data-mce-fragment=""1""><strong data-mce-fragment=""1"">Flavour:</strong><br data-mce-fragment=""1"">
<ul data-mce-fragment=""1"">
<li data-mce-fragment=""1"">Coffee</li>
</ul>",On!,Health & Beauty > Health Care > Medicine & Drugs > Smoking Cessation Aids,Smoking Products,"3mg, nic_strength=3, nicotine_pouches, parse_attributes_0, pouch, tobacco",TRUE,Title,Default Title,,,,,,,,EB0190X0473,31.7514659,shopify,0,deny,manual,7.57,9.46,TRUE,TRUE,,,,,0000073188018,https://cdn.shopify.com/s/files/1/0901/3696/9543/files/3mg-on-mini-regular-coffee-nicotine-pouches-20-pouches-1215766.webp?v=1766077626,1,3mg On! Mini Regular Coffee Nicotine Pouches - 20 Pouches - Vapourism,FALSE,3mg On! Mini Regular Coffee Nicotine Pouches - 20 Pouches,"Buy On! On! Mini Regular 3mg nicotine pouches. Tobacco-free, discreet pouches. Fast UK delivery, 18+ age verified.",Health & Beauty > Health Care > Medicine & Drugs,unisex,adult,EB0190X0473,new,FALSE,,,,,,3mg,,,,,,,,,,,,,,,,,"on!, 3mg, 3 mg, coffee, nicotine pouches, nic pouches, tobacco free",https://cdn.shopify.com/s/files/1/0901/3696/9543/files/3mg-on-mini-regular-coffee-nicotine-pouches-20-pouches-1215766.webp?v=1766077626,lb,,4.73,active
6mg-ubbs-peppermint-regular-strength-nicotine-pouches-20-pouches,6mg Übbs Peppermint Regular Strength Nicotine Pouches - 20 Pouches,"<p data-mce-fragment=""1"">The Übbs Nicotine Pouches in 6mg strength offer a convenient and discreet way to enjoy nicotine without tobacco. Each pack contains 20 pouches that dissolve quickly in the mouth, providing a satisfying nicotine hit without smoke or unpleasant odours. These pouches are designed to offer a clean and enjoyable alternative to traditional tobacco products, making them perfect for those seeking a refreshing burst of flavour. With a focus on convenience and a wide range of flavours, Übbs Nicotine Pouches are an ideal choice for individuals looking for a new nicotine experience without the need for smoking or vaping.<br data-mce-fragment=""1""><br data-mce-fragment=""1""><strong data-mce-fragment=""1"">Specifications:</strong><br data-mce-fragment=""1""></p>
<ul data-mce-fragment=""1"">
<li data-mce-fragment=""1"">Strength: 6 mg/g</li>
<li data-mce-fragment=""1"">Regular Strength </li>
<li data-mce-fragment=""1"">Weight: 30g</li>
<li data-mce-fragment=""1"">Doses: 20 pouches</li>
</ul>
<p data-mce-fragment=""1""><strong data-mce-fragment=""1"">Direction of Use:</strong><span data-mce-fragment=""1""> </span>Place one pouch under your top or bottom lip. Position the pouch to the side of your lip for comfort. Remove after 30 to 60 minutes. <br data-mce-fragment=""1""><br data-mce-fragment=""1""><strong data-mce-fragment=""1"">Flavour: <br data-mce-fragment=""1""></strong></p>
<ul data-mce-fragment=""1"">
<li data-mce-fragment=""1"">Peppermint </li>
</ul>",Übbs,Health & Beauty > Health Care > Medicine & Drugs > Smoking Cessation Aids,Smoking Products,"6mg, nic_strength=6, nicotine_pouches, parse_attributes_0, pouch, tobacco, traditional_nicotine",TRUE,Title,Default Title,,,,,,,,AJ0066X0467,31.7514659,shopify,52,deny,manual,4,5,TRUE,TRUE,,,,,8904415400344,https://cdn.shopify.com/s/files/1/0901/3696/9543/files/6mg-ubbs-peppermint-regular-strength-nicotine-pouches-20-pouches-2552284.webp?v=1766077566,1,6mg Übbs Peppermint Regular Strength Nicotine Pouches - 20 Pouches - Vapourism,FALSE,6mg Übbs Peppermint Regular Strength Nicotine Pouches - 2...,"Buy Übbs Übbs Peppermint Regular 6mg nicotine pouches. Tobacco-free, discreet pouches. Fast UK delivery, 18+ age verified.",Health & Beauty > Health Care > Medicine & Drugs,unisex,adult,AJ0066X0467,new,FALSE,,,,,,6mg,,,,,,,,,,,,,,,,,"übbs, 6mg, 6 mg, mint, peppermint, nicotine pouches, nic pouches, tobacco free",https://cdn.shopify.com/s/files/1/0901/3696/9543/files/6mg-ubbs-peppermint-regular-strength-nicotine-pouches-20-pouches-2552284.webp?v=1766077566,lb,,2.5,active
20mg-nor-slim-falketind-nicotine-pouches-20-pouches,20mg NOR Slim Falketind  Nicotine Pouches - 20 Pouches,"<p>Experience the exhilarating rush of the Norwegian mountains with 20mg NOR Slim Falketind Nicotine Pouches. This premium pack offers 20 slim, discreet pouches, each delivering a potent 20mg nicotine hit for those seeking a robust and satisfying experience. Inspired by the majestic Falketind peak, these pouches bring a refreshing, alpine-like sensation to your nicotine routine. The slim design ensures a comfortable fit under your lip, allowing for inconspicuous use in any setting. Crafted with NOR's commitment to quality, these tobacco-free pouches provide a clean, mess-free alternative to traditional nicotine products. The Falketind variant boasts a unique flavour profile that captures the essence of crisp mountain air, invigorating your senses with every use. Perfect for experienced users or those requiring a stronger nicotine delivery, these pouches offer long-lasting satisfaction without the need for smoke or vapour. Embrace the strength and purity of the Norwegian wilderness with NOR Slim Falketind Nicotine Pouches, your passport to a powerful, discreet, and refined nicotine experience. <strong><br><br>Specifications:</strong></p>
<ul>
<li>Strength: 20mg/g<br>
</li>
<li>S6 Strength<br>
</li>
<li>Weight: 30g<br>
</li>
<li>Doses: 20 pouches</li>
<li>Slim Pouches </li>
</ul>
<p><br><strong>Direction of Use: </strong>Place one pouch under your top or bottom lip. Position the pouch to the side of your lip for comfort. Remove after 30 to 60 minutes.</p>
<p><strong>Flavours:  <br></strong></p>
<ul>
<li>Falketind | Slim | No.1 - Peppermint , Menthol, Mint<strong><br></strong>
</li>
</ul>
<!----><!---->",NOR,Health & Beauty > Health Care > Medicine & Drugs > Smoking Cessation Aids,Smoking Products,"0mg, ice, nic_strength=20, nicotine_pouches, parse_attributes_0, pouch, tobacco, traditional_nicotine",TRUE,Title,Default Title,,,,,,,,EG0308X0359,31.7514659,shopify,0,deny,manual,4.8,6,TRUE,TRUE,,,,,,https://cdn.shopify.com/s/files/1/0901/3696/9543/files/20mg-nor-slim-falketind-nicotine-pouches-20-pouches-2493353.webp?v=1766077627,1,20mg NOR Slim Falketind Nicotine Pouches - 20 Pouches - Vapourism,FALSE,20mg NOR Slim Falketind  Nicotine Pouches - 20 Pouches,"Buy NOR NOR Falketind 20mg nicotine pouches. Tobacco-free, discreet pouches. Fast UK delivery, 18+ age verified.",Health & Beauty > Health Care > Medicine & Drugs,unisex,adult,EG0308X0359,new,FALSE,,,,,,20mg,,,,,,,,,,,,,,,,,"nor, 20mg, 20 mg, nicotine pouches, nic pouches, tobacco free",https://cdn.shopify.com/s/files/1/0901/3696/9543/files/20mg-nor-slim-falketind-nicotine-pouches-20-pouches-2493353.webp?v=1766077627,lb,,3,active
20mg-gilo-nicotine-pouch-raspberry-biteback-20-pouches-buy-1-get-1-free,20mg GILO Nicotine Pouch Raspberry Biteback - 20 Pouches (Buy 1 Get 1 Free),"<p><b><i>Limited Time Offer: Buy 1 Get 1 Free</i></b></p>
<p><span>Gilo Nicotine Pouch in Raspberry Biteback is a bold and exhilarating option for those seeking a powerful nicotine experience. Each pouch contains 20 mg of nicotine, delivering a robust punch that combines the sweet, juicy flavor of ripe raspberries with an intense, refreshing bite. This unique flavor profile is designed to tantalize your taste buds while providing a satisfying nicotine release.</span></p>
<p><strong>Specifications:</strong></p>
<ul>
<li><span>20mg per pouch</span></li>
<li><span>20 Pouches</span></li>
</ul>
<p><span><strong>Ingredients: </strong><span data-teams=""true"">Filler (E460), nicotine, acidity regulator (E500), water, humectant (E1520), preservative (E202), salt, water retention agent (E420), stabilizer (E1400), flavouring, sweetener (E950)</span></span></p>",Gilo,Health & Beauty > Health Care > Medicine & Drugs > Smoking Cessation Aids,Smoking Products,"0mg, nic_strength=20, nicotine_pouches, parse_attributes_0, pouch",TRUE,Title,Default Title,,,,,,,,AJ0044X0522,13.6077711,shopify,0,deny,manual,3.44,4.3,TRUE,TRUE,,,,,,https://cdn.shopify.com/s/files/1/0901/3696/9543/files/267289926.webp?v=1763964998,1,267289926.webp,FALSE,20mg GILO Nicotine Pouch Raspberry Biteback - 20 Pouches ...,"Buy Gilo GILO Raspberry Biteback 20mg nicotine pouches. Tobacco-free, discreet pouches. Fast UK delivery, 18+ age verified.",Health & Beauty > Health Care > Medicine & Drugs,unisex,adult,AJ0044X0522,new,FALSE,,,,,,20mg,,,,,,,,,,,,,,,,,"gilo, 20mg, 20 mg, berry, nicotine pouches, nic pouches, tobacco free",https://cdn.shopify.com/s/files/1/0901/3696/9543/files/267289926.webp?v=1763964998,lb,,2.15,active
14mg-ubbs-watermelon-ice-max-strength-nicotine-pouches-20-pouches,14mg Übbs Watermelon Ice Max Strength Nicotine Pouches - 20 Pouches,"<p data-mce-fragment=""1"">Indulge in the refreshing taste of summer with the 14mg Übbs Watermelon Ice Max Strength Nicotine Pouches, perfect for those seeking a vibrant and tobacco-free nicotine experience. Each pack contains 20 pouches, each designed to deliver a burst of juicy watermelon flavor combined with a cool, icy finish that invigorates your senses. These nicotine pouches are crafted from natural ingredients and refined nicotine, ensuring a smooth and satisfying experience without the harmful effects of tobacco. Simply place a pouch between your upper lip and gum, and enjoy the delightful flavor and nicotine release for up to 30 minutes. With Übbs, you can enjoy a discreet and convenient way to satisfy your nicotine cravings while savoring the delicious taste of watermelon ice, making it an ideal choice for both seasoned users and newcomers alike.<br><br data-mce-fragment=""1""><br data-mce-fragment=""1""><strong data-mce-fragment=""1"">Specifications:</strong><br data-mce-fragment=""1""></p>
<ul data-mce-fragment=""1"">
<li data-mce-fragment=""1"">Strength: 14 mg/g</li>
<li data-mce-fragment=""1"">Strong Strength </li>
<li data-mce-fragment=""1"">Weight: 30g </li>
<li data-mce-fragment=""1"">Doses: 20 pouches</li>
</ul>
<p data-mce-fragment=""1""><strong data-mce-fragment=""1"">Direction of Use:</strong><span data-mce-fragment=""1""> </span>Place one pouch under your top or bottom lip. Position the pouch to the side of your lip for comfort. Remove after 30 to 60 minutes. <br data-mce-fragment=""1""><br data-mce-fragment=""1""><strong data-mce-fragment=""1"">Flavour: </strong><br data-mce-fragment=""1""></p>
<ul data-mce-fragment=""1"">
<li data-mce-fragment=""1"">Watermelon Ice</li>
</ul>
<!---->",Übbs,Health & Beauty > Health Care > Medicine & Drugs > Smoking Cessation Aids,Smoking Products,"14mg, ice, nic_salt, nic_strength=14, nicotine_pouches, parse_attributes_0, pouch, tobacco, unflavoured",TRUE,Title,Default Title,,,,,,,,EH0220X0467,31.7514659,shopify,134,deny,manual,4,5,TRUE,TRUE,,,,,,https://cdn.shopify.com/s/files/1/0901/3696/9543/files/267289595.webp?v=1763964853,1,267289595.webp,FALSE,14mg Übbs Watermelon Ice Max Strength Nicotine Pouches - ...,"Buy Übbs Übbs Watermelon Ice 14mg nicotine pouches. Tobacco-free, discreet pouches. Fast UK delivery, 18+ age verified.",Health & Beauty > Health Care > Medicine & Drugs,unisex,adult,EH0220X0467,new,FALSE,,,,,,,,,,,,,,,,,,,,,,,"übbs, 14mg, 14 mg, melon, watermelon, ice, nicotine pouches, nic pouches, tobacco free",https://cdn.shopify.com/s/files/1/0901/3696/9543/files/267289595.webp?v=1763964853,lb,,2.5,active
24mg-muse-nicotine-pouches-cdu-bundle-30-units-free-stand,24mg  Muse Nicotine Pouches CDU Bundle 30 Units + Free Stand,"<h3>First UK Made Nicotine Pouch Brand!  </h3>
<h4><strong>Tobacco Free &amp; Sugar Free!</strong></h4>
<p>Transform your nicotine experience with 24mg Muse Nicotine Pouches CDU Bundle + 30 Units Set, the perfect choice for sophisticated adult users looking for a discreet and sugar-free option. Skillfully crafted with six irresistible and original flavors – Cool Mint, Liquorice, Strawberry Raspberry Cherry, Orange Mango, Iron Brew, and Cola Ice – each pouch delivers a smooth and tobacco-free hit. Embrace this exclusive variety pack and unlock your full potential with Muse, the exceptional product line that is revolutionizing the UK retail scene. Elevate your nicotine game today with Muse's signature, British-inspired flavors. Don't wait – order now before it's too late!</p>
<p><strong>Specifications: </strong><br></p>
<ul>
<li>30 Muse Nicotine Pouch Cans Total <br>
</li>
<li>24mg Nicotine Pouch Strengths</li>
<li>Limited Time Offer</li>
<li>6 Flavours in total!</li>
<li>Original &amp; Mix Range</li>
</ul>
<p><strong>What's in the Bundle: </strong><br></p>
<ul>
<li>30x Muse Nicotine Pouch Cans<br>
</li>
<li>1x Counter Top Display Unit  </li>
</ul>
<p><strong>Flavours: <br></strong></p>
<ul>
<li>5x 24mg Cool Mint <br>
</li>
<li>5x 24mg Liquorice</li>
<li>5x 24mg Strawberry Raspberry Cherry </li>
<li>5x 24mg Orange Mango</li>
<li>5x 24mg Iron Brew </li>
<li>5x 24mg Cola Ice</li>
</ul>",Muse,Health & Beauty > Health Care > Medicine & Drugs > Smoking Cessation Aids,Smoking Products,"0mg, ice, nic_salt, nic_strength=24, parse_attributes_0, pouch, tobacco",TRUE,Title,Default Title,,,,,,,,Z8812,1501.390745,shopify,13,deny,manual,96,120,TRUE,TRUE,,,,,,https://cdn.shopify.com/s/files/1/0901/3696/9543/files/24mg-muse-nicotine-pouches-cdu-bundle-30-units-free-stand-3606660.webp?v=1766077686,1,24mg Muse Nicotine Pouches CDU Bundle 30 Units + Free Stand - Vapourism,FALSE,24mg  Muse Nicotine Pouches CDU Bundle 30 Units + Free Stand,"Buy Muse Muse CDU Bundle 24mg nicotine pouches. Tobacco-free, discreet pouches. Fast UK delivery, 18+ age verified.",Health & Beauty > Health Care > Medicine & Drugs,unisex,adult,Z8812,new,FALSE,,,,,,,,,,,,,,,,,,,,,,,"muse, 24mg, 24 mg, nicotine pouches, nic pouches, tobacco free",https://cdn.shopify.com/s/files/1/0901/3696/9543/files/24mg-muse-nicotine-pouches-cdu-bundle-30-units-free-stand-3606660.webp?v=1766077686,lb,,60,unlisted
20mg-ignite-blueberry-slim-nicotine-pouches-20-pouches,20mg Ignite Blueberry Slim Nicotine Pouches - 20 Pouches,"<p data-mce-fragment=""1"">Experience the invigorating flavour of 20mg Ignite Blueberry Slim Nicotine Pouches - 20 Pouches, expertly crafted to enhance your nicotine intake. Each slim pouch delivers a burst of vibrant blueberry taste, offering a fulfilling substitute for traditional smoking. With 20 pouches per pack, enjoy the convenience of a portable and discreet nicotine option.<br data-mce-fragment=""1""><strong data-mce-fragment=""1""></strong></p>
<p data-mce-fragment=""1""><strong data-mce-fragment=""1"">Specifications:</strong><br data-mce-fragment=""1""></p>
<ul data-mce-fragment=""1"">
<li data-mce-fragment=""1"">Strength: 20mg Per Pouch</li>
<li data-mce-fragment=""1"">Doses: 20 pouches</li>
<li data-mce-fragment=""1"">Tobacco-free, smoke-free and vapour-free</li>
<li data-mce-fragment=""1"">Blueberry Flavouring</li>
</ul>
<br data-mce-fragment=""1""><strong data-mce-fragment=""1"">Direction of Use:</strong> Place one pouch under your top or bottom lip. Position the pouch to the side of your lip for comfort. Remove after 30 to 60 minutes.",IGNITE,Health & Beauty > Health Care > Medicine & Drugs > Smoking Cessation Aids,Smoking Products,"0mg, nic_strength=20, nicotine_pouches, parse_attributes_0, pouch, tobacco, traditional_nicotine",TRUE,Title,Default Title,,,,,,,,ED0176Z0142,31.7514659,shopify,0,deny,manual,3.68,4.6,TRUE,TRUE,,,,,,https://cdn.shopify.com/s/files/1/0901/3696/9543/files/267289322.webp?v=1763964726,1,267289322.webp,FALSE,20mg Ignite Blueberry Slim Nicotine Pouches - 20 Pouches,"Buy IGNITE Ignite Blueberry 20mg nicotine pouches. Tobacco-free, discreet pouches. Fast UK delivery, 18+ age verified.",Health & Beauty > Health Care > Medicine & Drugs,unisex,adult,ED0176Z0142,new,FALSE,,,,,,20mg,,,,,,,,,,,,,,,,,"ignite, 20mg, 20 mg, berry, nicotine pouches, nic pouches, tobacco free",https://cdn.shopify.com/s/files/1/0901/3696/9543/files/267289322.webp?v=1763964726,lb,,2.3,active
12mg-ignite-double-apple-slim-nicotine-pouch-20-pouches,12mg Ignite Double Apple Slim Nicotine Pouch - 20 Pouches,"Indulge in the refreshing taste of 12mg Ignite Blueberry Slim Nicotine Pouch, a delightful blend crafted to elevate your nicotine experience. Each sleek pouch contains a burst of vibrant blueberry flavour, providing a satisfying alternative to traditional smoking. With 20 meticulously crafted pouches per pack, enjoy the convenience of a portable and discreet nicotine solution. <br data-mce-fragment=""1""><br data-mce-fragment=""1""><strong data-mce-fragment=""1"">Specifications:</strong><br data-mce-fragment=""1"">
<ul data-mce-fragment=""1"">
<li data-mce-fragment=""1"">Strength: 12mg Per Pouch</li>
<li data-mce-fragment=""1"">Doses: 20 pouches</li>
<li data-mce-fragment=""1"">Tobacco-free, smoke-free and vapour-free</li>
<li data-mce-fragment=""1"">Blueberry Flavouring</li>
</ul>
<br data-mce-fragment=""1""><strong data-mce-fragment=""1"">Direction of Use:</strong> Place one pouch under your top or bottom lip. Position the pouch to the side of your lip for comfort. Remove after 30 to 60 minutes.",IGNITE,Health & Beauty > Health Care > Medicine & Drugs > Smoking Cessation Aids,Smoking Products,"12mg, nic_strength=12, nicotine_pouches, parse_attributes_0, pouch, tobacco, traditional_nicotine",TRUE,Title,Default Title,,,,,,,,ED0177Z0142,31.7514659,shopify,0,deny,manual,3.68,4.6,TRUE,TRUE,,,,,,https://cdn.shopify.com/s/files/1/0901/3696/9543/files/267288957.webp?v=1763964700,1,267288957.webp,FALSE,12mg Ignite Double Apple Slim Nicotine Pouch - 20 Pouches...,"Buy IGNITE Ignite Double Apple 12mg nicotine pouches. Tobacco-free, discreet pouches. Fast UK delivery, 18+ age verified.",Health & Beauty > Health Care > Medicine & Drugs,unisex,adult,ED0177Z0142,new,FALSE,,,,,,,,,,,,,,,,,,,,,,,"ignite, 12mg, 12 mg, apple, nicotine pouches, nic pouches, tobacco free",https://cdn.shopify.com/s/files/1/0901/3696/9543/files/267288957.webp?v=1763964700,lb,,2.3,active
helwit-9mg-nicotine-pouches-cherry-20-pouches,HELWIT 9mg Nicotine Pouches Cherry - 20 Pouches,"<p><span data-mce-fragment=""1"">Indulge in the HELWIT 9mg Nicotine Pouches Cherry - a modern, sleek can with 20 slim, 9mg/g pouches. This tobacco-free, all-white pouches boast a delightful blend of sweet cherry flavour, perfect for the cherry lovers out there. Enjoy nicotine discreetly with this convenient, on-the-go option. Whether you crave cherry or a lighter nicotine hit, these pouches offer an irresistible and satisfying choice.</span><br data-mce-fragment=""1""><br data-mce-fragment=""1""></p>
<ul data-mce-fragment=""1"">
<li data-mce-fragment=""1"">Strength - 3/4</li>
<li data-mce-fragment=""1"">9mg Nicotine Salt</li>
<li data-mce-fragment=""1"">Slim Packaging</li>
<li data-mce-fragment=""1"">Shelf Life 365 days</li>
<li data-mce-fragment=""1"">Made In Sweden</li>
<li data-mce-fragment=""1"">Weight: 10g</li>
</ul>
<p><br data-mce-fragment=""1""><strong data-mce-fragment=""1"">Flavour:<span data-mce-fragment=""1""> </span></strong><span data-mce-fragment=""1"">Cherry </span><br data-mce-fragment=""1""><br data-mce-fragment=""1""><strong data-mce-fragment=""1"">Ingredients:</strong><span data-mce-fragment=""1""> Cellulose fiber (E460i), Humectant (E422), Water, Flavourings, Nicotine Polacrilex, Salt, Erythritol (E968), Acidity regulator (E500), Sweetener (E955)</span><br data-mce-fragment=""1""><br data-mce-fragment=""1""></p>",HELWIT,Health & Beauty > Health Care > Medicine & Drugs > Smoking Cessation Aids,Smoking Products,"9mg, nic_salt, nic_strength=9, nicotine_pouches, parse_attributes_0, pouch, tobacco",TRUE,Title,Default Title,,,,,,,,AG0200X0474,9.0718474,shopify,0,deny,manual,3.92,4.9,TRUE,TRUE,,,,,,https://cdn.shopify.com/s/files/1/0901/3696/9543/files/267289174.webp?v=1763964581,1,267289174.webp,FALSE,HELWIT 9mg Nicotine Pouches Cherry - 20 Pouches,"Buy HELWIT HELWIT Cherry 9mg nicotine pouches. Tobacco-free, discreet pouches. Fast UK delivery, 18+ age verified.",Health & Beauty > Health Care > Medicine & Drugs,unisex,adult,AG0200X0474,new,FALSE,,,,,,,,,,,,,,,,,,,,,,,"helwit, 9mg, 9 mg, cherry, nicotine pouches, nic pouches, tobacco free",https://cdn.shopify.com/s/files/1/0901/3696/9543/files/267289174.webp?v=1763964581,lb,,2.45,active
3mg-on-mini-regular-citrus-nicotine-pouches-20-pouches,3mg On! Mini Regular Citrus Nicotine Pouches - 20 Pouches,"<span data-mce-fragment=""1"">Indulge in the ultimate nicotine satisfaction with 3mg On! Mini Regular Citrus Nicotine Pouches - the perfect addition to your daily routine. With 20 mini pouches per can, these discreet and flavourful pouches offer a convenient and enjoyable experience wherever you go. Whether you're a new or experienced nicotine user, these versatile pouches are a must-have for any tobacco enthusiast. Don't wait, try them now and see for yourself!</span><br data-mce-fragment=""1""><br data-mce-fragment=""1""><strong data-mce-fragment=""1"">Specifications:</strong><br data-mce-fragment=""1"">
<ul data-mce-fragment=""1"">
<li data-mce-fragment=""1"">Strength: 3 mg Per Pouch </li>
<li data-mce-fragment=""1"">Regular Strength</li>
<li data-mce-fragment=""1"">Weight: 30g</li>
<li data-mce-fragment=""1"">Doses: 20 pouches</li>
</ul>
<br data-mce-fragment=""1""><strong data-mce-fragment=""1"">The direction of Use:</strong><span data-mce-fragment=""1""> Place one pouch under your top or bottom lip. Position the pouch to the side of your lip for comfort. Remove after 30 to 60 minutes.</span><br data-mce-fragment=""1""><br data-mce-fragment=""1""><strong data-mce-fragment=""1"">Flavour:</strong><span data-mce-fragment=""1""></span>
<ul data-mce-fragment=""1"">
<li data-mce-fragment=""1"">Citrus <br data-mce-fragment=""1"">
</li>
</ul>",On!,Health & Beauty > Health Care > Medicine & Drugs > Smoking Cessation Aids,Smoking Products,"3mg, nic_strength=3, nicotine_pouches, parse_attributes_0, pouch, tobacco",TRUE,Title,Default Title,,,,,,,,EB0185X0473,31.7514659,shopify,0,deny,manual,7.58,9.48,TRUE,TRUE,,,,,0000073188001,https://cdn.shopify.com/s/files/1/0901/3696/9543/files/267289112.webp?v=1763964490,1,267289112.webp,FALSE,3mg On! Mini Regular Citrus Nicotine Pouches - 20 Pouches,"Buy On! On! Mini Regular 3mg nicotine pouches. Tobacco-free, discreet pouches. Fast UK delivery, 18+ age verified.",Health & Beauty > Health Care > Medicine & Drugs,unisex,adult,EB0185X0473,new,FALSE,,,,,,3mg,,,,,,,,,,,,,,,,,"on!, 3mg, 3 mg, citrus, nicotine pouches, nic pouches, tobacco free",https://cdn.shopify.com/s/files/1/0901/3696/9543/files/267289112.webp?v=1763964490,lb,,4.74,active
3mg-on-mini-regular-spearmint-nicotine-pouches-20-pouches,3mg On! Mini Regular Spearmint Nicotine Pouches - 20 Pouches,"<span data-mce-fragment=""1"">Discover a new way to enjoy nicotine with 3mg On! Mini Regular Spearmint Nicotine Pouches - the perfect addition to your daily routine. These discreet, flavour-packed pouches deliver a satisfying nicotine experience with each use. Featuring 20 mini pouches per can, they're easy to store and take on the go. Plus, these pouches provide a versatile and convenient option for nicotine enjoyment. Try them today and see why they're a must-have for tobacco enthusiasts! </span><br data-mce-fragment=""1""><br data-mce-fragment=""1""><strong data-mce-fragment=""1"">Specifications:</strong><br data-mce-fragment=""1"">
<ul data-mce-fragment=""1"">
<li data-mce-fragment=""1"">Strength: 3 mg Per Pouch </li>
<li data-mce-fragment=""1"">Regular Strength</li>
<li data-mce-fragment=""1"">Weight: 30g</li>
<li data-mce-fragment=""1"">Doses: 20 pouches</li>
</ul>
<br data-mce-fragment=""1""><strong data-mce-fragment=""1"">Direction of Use:</strong><span data-mce-fragment=""1""> Place one pouch under your top or bottom lip. Position the pouch to the side of your lip for comfort. Remove after 30 to 60 minutes.</span><br data-mce-fragment=""1""><br data-mce-fragment=""1""><strong data-mce-fragment=""1"">Flavour:</strong><br data-mce-fragment=""1"">
<ul data-mce-fragment=""1"">
<li data-mce-fragment=""1"">Spearmint </li>
</ul>",On!,Health & Beauty > Health Care > Medicine & Drugs > Smoking Cessation Aids,Smoking Products,"3mg, nic_strength=3, nicotine_pouches, parse_attributes_0, pouch, tobacco",TRUE,Title,Default Title,,,,,,,,EB0183X0473,31.7514659,shopify,0,deny,manual,7.58,9.48,TRUE,TRUE,,,,,0000073188049,https://cdn.shopify.com/s/files/1/0901/3696/9543/files/267289276.webp?v=1763964449,1,267289276.webp,FALSE,3mg On! Mini Regular Spearmint Nicotine Pouches - 20 Pouches,"Buy On! On! Mini Regular 3mg nicotine pouches. Tobacco-free, discreet pouches. Fast UK delivery, 18+ age verified.",Health & Beauty > Health Care > Medicine & Drugs,unisex,adult,EB0183X0473,new,FALSE,,,,,,3mg,,,,,,,,,,,,,,,,,"on!, 3mg, 3 mg, mint, spearmint, nicotine pouches, nic pouches, tobacco free",https://cdn.shopify.com/s/files/1/0901/3696/9543/files/267289276.webp?v=1763964449,lb,,4.74,active
12mg-poke-raspberry-nicotine-pouches-20-pouches,12mg Poke Raspberry Nicotine Pouches - 20 Pouches,"Experience a burst of fruity delight with Poke Raspberry Nicotine Pouches. Each package contains 20 pouches filled with the luscious flavour of raspberries, offering a sweet and tangy twist to your nicotine indulgence. Ideal for those craving a fruity and satisfying alternative to traditional nicotine products, these pouches provide a convenient and discreet way to enjoy nicotine without the need for smoke or vapour. <br data-mce-fragment=""1""><br data-mce-fragment=""1""><strong data-mce-fragment=""1"">Specifications:</strong><br data-mce-fragment=""1"">
<ul data-mce-fragment=""1"">
<li data-mce-fragment=""1"">Strength: 12mg Per Pouch</li>
<li data-mce-fragment=""1"">Doses: 20 pouches</li>
<li data-mce-fragment=""1"">Tobacco-free, smoke-free and vapour-free</li>
<li data-mce-fragment=""1"">Raspberry Flavouring</li>
</ul>
<br data-mce-fragment=""1""><strong data-mce-fragment=""1"">Direction of Use:</strong> Place one pouch under your top or bottom lip. Position the pouch to the side of your lip for comfort. Remove after 30 to 60 minutes.",Poke,Health & Beauty > Health Care > Medicine & Drugs > Smoking Cessation Aids,Smoking Products,"12mg, fruity, nic_strength=12, nicotine_pouches, parse_attributes_0, pouch, tobacco, traditional_nicotine",TRUE,Title,Default Title,,,,,,,,EE0046X0496,31.7514659,shopify,0,deny,manual,3.2,4,TRUE,TRUE,,,,,5744000041339,https://cdn.shopify.com/s/files/1/0901/3696/9543/files/267289310.webp?v=1763964395,1,267289310.webp,FALSE,12mg Poke Raspberry Nicotine Pouches - 20 Pouches,"Buy Poke Poke Raspberry 12mg nicotine pouches. Tobacco-free, discreet pouches. Fast UK delivery, 18+ age verified.",Health & Beauty > Health Care > Medicine & Drugs,unisex,adult,EE0046X0496,new,FALSE,,,,,,,,,,,,,,,,,,,,,,,"poke, 12mg, 12 mg, berry, nicotine pouches, nic pouches, tobacco free",https://cdn.shopify.com/s/files/1/0901/3696/9543/files/267289310.webp?v=1763964395,lb,,2,active
3mg-on-mini-regular-lemon-berry-nicotine-pouches-20-pouches,3mg On! Mini Regular Lemon Berry Nicotine Pouches - 20 Pouches,"<span data-mce-fragment=""1"">Experience a whole new level of nicotine satisfaction with 3mg On! Mini Regular Lemon Berry Nicotine Pouches - the perfect addition to your daily routine. These discreet and flavorful pouches offer a convenient and enjoyable way to get your fix. With 20 mini pouches per can, they're easy to store and perfect for on-the-go use. Whether you're new to nicotine or a seasoned user, these pouches are a versatile choice that's sure to please. Give them a try today and discover why they're a must-have for any tobacco enthusiast!</span><br data-mce-fragment=""1""><br data-mce-fragment=""1""><strong data-mce-fragment=""1"">Specifications:</strong><br data-mce-fragment=""1"">
<ul data-mce-fragment=""1"">
<li data-mce-fragment=""1"">Strength: 3 mg Per Pouch </li>
<li data-mce-fragment=""1"">Regular Strength</li>
<li data-mce-fragment=""1"">Weight: 30g</li>
<li data-mce-fragment=""1"">Doses: 20 pouches</li>
</ul>
<br data-mce-fragment=""1""><strong data-mce-fragment=""1"">Direction of Use:</strong><span data-mce-fragment=""1""> Place one pouch under your top or bottom lip. Position the pouch to the side of your lip for comfort. Remove after 30 to 60 minutes.</span><br data-mce-fragment=""1""><br data-mce-fragment=""1""><strong data-mce-fragment=""1"">Flavour:</strong><br data-mce-fragment=""1"">
<ul data-mce-fragment=""1"">
<li data-mce-fragment=""1"">Lemon Berry<br><br data-mce-fragment=""1"">
</li>
</ul>",On!,Health & Beauty > Health Care > Medicine & Drugs > Smoking Cessation Aids,Smoking Products,"3mg, nic_strength=3, nicotine_pouches, parse_attributes_0, pouch, tobacco",TRUE,Title,Default Title,,,,,,,,EB0188X0473,31.7514659,shopify,0,deny,manual,7.58,9.48,TRUE,TRUE,,,,,0000073189503,https://cdn.shopify.com/s/files/1/0901/3696/9543/files/267289163.webp?v=1763964375,1,267289163.webp,FALSE,3mg On! Mini Regular Lemon Berry Nicotine Pouches - 20 Po...,"Buy On! On! Mini Regular 3mg nicotine pouches. Tobacco-free, discreet pouches. Fast UK delivery, 18+ age verified.",Health & Beauty > Health Care > Medicine & Drugs,unisex,adult,EB0188X0473,new,FALSE,,,,,,3mg,,,,,,,,,,,,,,,,,"on!, 3mg, 3 mg, berry, lemon, nicotine pouches, nic pouches, tobacco free",https://cdn.shopify.com/s/files/1/0901/3696/9543/files/267289163.webp?v=1763964375,lb,,4.74,active
4nx-10mg-blue-raspberry-ice-slim-nicotine-pouches-20-pouches,4NX 10mg Blue Raspberry Ice Slim Nicotine Pouches - 20 Pouches,"<span data-mce-fragment=""1"">Bringing the potent blended tastes of sugary sweet and tangy sour flavoured blue raspberries with a piercing icy hit, these 4NX Blue Raspberry Ice Slim Nicotine Pouches offer a strong nicotine intake through discreet and casual means. Made in the UK, these 4NX Slim Nicotine Pouches are 10mg strength, providing a strong nicotine hit once experienced.</span><br data-mce-fragment=""1""><br data-mce-fragment=""1""><span data-mce-fragment=""1"">The 4NX pouches are slim enough that one can be subtly placed under the top lip for a conveniently discreet nicotine hit. Being 100% tobacco-free means you don’t have to spit while you're using them. In addition, no vapour, smoke or odour are produced, which allows you to use them discreetly at any time or on the go whilst you conveniently satisfy your nicotine cravings.</span><br data-mce-fragment=""1""><br data-mce-fragment=""1""><span data-mce-fragment=""1"">Each pouch lasts for up to 30 minutes, which allows the nicotine to be absorbed through your gums. When finished, the 4NX tin comes with a waste compartment to place your used pouches in, keeping the process of disposal as discreet as possible.</span><br data-mce-fragment=""1""><br data-mce-fragment=""1""><strong data-mce-fragment=""1"">Specifications:</strong><br data-mce-fragment=""1"">
<ul data-mce-fragment=""1"">
<li data-mce-fragment=""1"">Made in the UK</li>
<li data-mce-fragment=""1"">20 Pouches per Tin</li>
<li data-mce-fragment=""1"">Strength: 10mg</li>
<li data-mce-fragment=""1"">Nicotine Level: Strong</li>
<li data-mce-fragment=""1"">Slim Design</li>
<li data-mce-fragment=""1"">Discreet Nicotine Enjoyment</li>
<li data-mce-fragment=""1"">Tobacco Free</li>
</ul>",4NX,Health & Beauty > Health Care > Medicine & Drugs > Smoking Cessation Aids,Smoking Products,"0mg, candy/sweets, ice, nic_strength=10, nicotine_pouches, parse_attributes_0, pouch, tobacco",TRUE,Title,Default Title,,,,,,,,BJ0059X0475,49.8951607,shopify,0,deny,manual,3.52,4.4,TRUE,TRUE,,,,,,https://cdn.shopify.com/s/files/1/0901/3696/9543/files/267288980.webp?v=1763964362,1,267288980.webp,FALSE,4NX 10mg Blue Raspberry Ice Slim Nicotine Pouches - 20 Po...,"Buy 4NX 4NX Blue Raspberry 10mg nicotine pouches. Tobacco-free, discreet pouches. Fast UK delivery, 18+ age verified.",Health & Beauty > Health Care > Medicine & Drugs,unisex,adult,BJ0059X0475,new,FALSE,,,,,,,,,,,,,,,,,,,,,,,"4nx, 10mg, 10 mg, berry, ice, nicotine pouches, nic pouches, tobacco free",https://cdn.shopify.com/s/files/1/0901/3696/9543/files/267288980.webp?v=1763964362,lb,,2.2,active
12mg-muse-nicotine-pouches-cdu-bundle-30-units-free-stand,12mg  Muse Nicotine Pouches CDU Bundle 30 Units + Free Stand,"<h3>First UK Made Nicotine Pouch Brand!  </h3>
<h4><strong>Tobacco Free &amp; Sugar Free!</strong></h4>
<p>Discover the ultimate nicotine pouch experience with the 12mg Muse Nicotine Pouches CDU Bundle + 30 Units Set. This bundle features 6 delicious and unique flavors, including Cool Mint, Liquorice, Strawberry Raspberry Cherry, Orange Mango, Iron Brew, and Cola Ice, all perfectly crafted for a smooth and tobacco-free nicotine hit. Designed with adult users in mind, seeking a discreet and sugar-free alternative, this bundle is a convenient and satisfying choice. Elevate your nicotine game with Muse, the exceptional product line revolutionizing retail stores in the United Kingdom. Unleash your full potential with the exclusive variety pack of 12mg Muse Nicotine Pouches CDU Bundle + 30 Units Set. Experience Muse's signature British-inspired flavors now, and don't miss out on this one-of-a-kind offer.</p>
<p><strong>Specifications: </strong><br></p>
<ul>
<li>30 Muse Nicotine Pouch Cans Total <br>
</li>
<li>12mg Nicotine Pouch Strengths</li>
<li>Limited Time Offer</li>
<li>6 Flavours in total!</li>
<li>Original &amp; Mix Range</li>
</ul>
<p><strong>What's in the Bundle: </strong><br></p>
<ul>
<li>30x Muse Nicotine Pouch Cans<br>
</li>
<li>1x Counter Top Display Unit  </li>
</ul>
<p><strong>Flavours: <br></strong></p>
<ul>
<li>5x 12mg Cool Mint <br>
</li>
<li>5x 12mg Liquorice</li>
<li>5x 12mg Strawberry Raspberry Cherry </li>
<li>5x 12mg Orange Mango</li>
<li>5x 12mg Iron Brew </li>
<li>5x 12mg Cola Ice</li>
</ul>",Muse,Health & Beauty > Health Care > Medicine & Drugs > Smoking Cessation Aids,Smoking Products,"12mg, ice, nic_salt, nic_strength=12, nicotine_pouches, parse_attributes_0, pouch, tobacco",TRUE,Title,Default Title,,,,,,,,Z8810,1501.390745,shopify,53,deny,manual,96,120,TRUE,TRUE,,,,,,https://cdn.shopify.com/s/files/1/0901/3696/9543/files/267289366.webp?v=1763964327,1,267289366.webp,FALSE,12mg  Muse Nicotine Pouches CDU Bundle 30 Units + Free Stand,"Buy Muse Muse CDU Bundle 12mg nicotine pouches. Tobacco-free, discreet pouches. Fast UK delivery, 18+ age verified.",Health & Beauty > Health Care > Medicine & Drugs,unisex,adult,Z8810,new,FALSE,,,,,,,,,,,,,,,,,,,,,,,"muse, 12mg, 12 mg, nicotine pouches, nic pouches, tobacco free",https://cdn.shopify.com/s/files/1/0901/3696/9543/files/267289366.webp?v=1763964327,lb,,60,unlisted
helwit-9mg-nicotine-pouches-blueberry-20-pouches,HELWIT 9mg Nicotine Pouches Blueberry - 20 Pouches,"<p><span data-mce-fragment=""1"">The HELWIT 9mg Nicotine Pouches Blueberry - 20 Pouches offer a discreet and convenient way to enjoy nicotine with a modern can and slim pouches. Each pouch contains 9mg/g of nicotine, providing a fast and efficient release. With a sweet and fruity blueberry flavour, these all-white, tobacco-free pouches are perfect for those seeking a balanced and delicious nicotine experience. They fit comfortably under the upper lip and are great for environments where smoking is not allowed.</span><br data-mce-fragment=""1""><br data-mce-fragment=""1""></p>
<ul data-mce-fragment=""1"">
<li data-mce-fragment=""1"">Strength - 3/4</li>
<li data-mce-fragment=""1"">9mg Nicotine Salt</li>
<li data-mce-fragment=""1"">Slim Packaging</li>
<li data-mce-fragment=""1"">Shelf Life 365 days</li>
<li data-mce-fragment=""1"">Made In Sweden</li>
<li data-mce-fragment=""1"">Weight: 10g</li>
</ul>
<p><br data-mce-fragment=""1""><strong data-mce-fragment=""1"">Flavour:</strong><span data-mce-fragment=""1""> Blueberry </span><br data-mce-fragment=""1""><br data-mce-fragment=""1""><span data-mce-fragment=""1"">Ingredients: Cellulose fibre (E460i), Humectant (E422), Water, Flavourings, Nicotine Polacrilex, Salt, Erythritol (E968), Acidity regulator (E500), Sweetener (E955)</span></p>",HELWIT,Health & Beauty > Health Care > Medicine & Drugs > Smoking Cessation Aids,Smoking Products,"9mg, fruity, nic_salt, nic_strength=9, nicotine_pouches, parse_attributes_0, pouch, tobacco",TRUE,Title,Default Title,,,,,,,,AG0202X0474,9.0718474,shopify,0,deny,manual,3.92,4.9,TRUE,TRUE,,,,,,https://cdn.shopify.com/s/files/1/0901/3696/9543/files/267289345.webp?v=1763964320,1,267289345.webp,FALSE,HELWIT 9mg Nicotine Pouches Blueberry - 20 Pouches,"Buy HELWIT HELWIT Blueberry 9mg nicotine pouches. Tobacco-free, discreet pouches. Fast UK delivery, 18+ age verified.",Health & Beauty > Health Care > Medicine & Drugs,unisex,adult,AG0202X0474,new,FALSE,,,,,,,,,,,,,,,,,,,,,,,"helwit, 9mg, 9 mg, berry, nicotine pouches, nic pouches, tobacco free",https://cdn.shopify.com/s/files/1/0901/3696/9543/files/267289345.webp?v=1763964320,lb,,2.45,active
12mg-ignite-mint-slim-nicotine-pouch-20-pouches,12mg Ignite Mint Slim Nicotine Pouch - 20 Pouches,"<p data-mce-fragment=""1"">Discover the invigorating taste of 12mg Ignite Mint Slim Nicotine Pouches, carefully designed to elevate your nicotine intake. Each slim pouch is filled with a burst of lively Mint flavor, providing a fulfilling alternative to traditional smoking. This pack contains 20 accurately measured pouches for convenient, on-the-go use.<br data-mce-fragment=""1""></p>
<p data-mce-fragment=""1""><strong data-mce-fragment=""1"">Specifications:</strong><br data-mce-fragment=""1""></p>
<ul data-mce-fragment=""1"">
<li data-mce-fragment=""1"">Strength: 12mg Per Pouch</li>
<li data-mce-fragment=""1"">Doses: 20 pouches</li>
<li data-mce-fragment=""1"">Tobacco-free, smoke-free and vapour-free</li>
<li data-mce-fragment=""1"">Mint Flavouring</li>
</ul>
<br data-mce-fragment=""1""><strong data-mce-fragment=""1"">Direction of Use:</strong> Place one pouch under your top or bottom lip. Position the pouch to the side of your lip for comfort. Remove after 30 to 60 minutes.",IGNITE,Health & Beauty > Health Care > Medicine & Drugs > Smoking Cessation Aids,Smoking Products,"12mg, ice, nic_strength=12, nicotine_pouches, parse_attributes_0, pouch, tobacco, traditional_nicotine",TRUE,Title,Default Title,,,,,,,,ED0178Z0142,31.7514659,shopify,0,deny,manual,3.68,4.6,TRUE,TRUE,,,,,,https://cdn.shopify.com/s/files/1/0901/3696/9543/files/267289138.webp?v=1763964298,1,267289138.webp,FALSE,12mg Ignite Mint Slim Nicotine Pouch - 20 Pouches | Nicot...,"Buy IGNITE Ignite Mint 12mg nicotine pouches. Tobacco-free, discreet pouches. Fast UK delivery, 18+ age verified.",Health & Beauty > Health Care > Medicine & Drugs,unisex,adult,ED0178Z0142,new,FALSE,,,,,,,,,,,,,,,,,,,,,,,"ignite, 12mg, 12 mg, mint, nicotine pouches, nic pouches, tobacco free",https://cdn.shopify.com/s/files/1/0901/3696/9543/files/267289138.webp?v=1763964298,lb,,2.3,active
12mg-nor-slim-nicotine-pouches-20-pouches,12mg NOR Slim Nicotine Pouches - 20 Pouches,"<p>Discover a perfectly satisfying, discreet nicotine experience with 12mg NOR Slim Nicotine Pouches. This premium pack features 20 expertly crafted, tobacco-free pouches designed to deliver a consistent, smooth hit of nicotine. The slim profile ensures a comfortable fit under your lip, making these pouches perfect for on-the-go use without any mess or odor. With a moderate 12mg nicotine strength, these pouches cater to both experienced users seeking a controlled intake and those transitioning from traditional tobacco products. NOR's dedication to quality shines through in each pouch, offering a clean and satisfying alternative that can be enjoyed anytime, anywhere. Whether you're at work, socializing, or simply unwinding, these pouches provide a discreet and effective solution to managing your nicotine cravings. Embrace the modern, smoke-free lifestyle with NOR Slim Nicotine Pouches and elevate your nicotine routine.<strong><br><br>Specifications:</strong></p>
<ul>
<li>Strength: 12mg/g<br>
</li>
<li>S3 Strength<br>
</li>
<li>Weight: 30g<br>
</li>
<li>Doses: 20 pouches<br>
</li>
<li>Slim Pouches <br><br><strong>Direction of Use: </strong>Place one pouch under your top or bottom lip. Position the pouch to the side of your lip for comfort. Remove after 30 to 60 minutes.</li>
</ul>
<p><strong>Flavours:  <br></strong></p>
<ul>
<li>Hardanger | Slim | No.4 - Strawberry <br>
</li>
<li>Lillesand | Slim | No.11 - Rhubarb <strong><br></strong><strong></strong>
</li>
</ul>
<!----><!---->",NOR,Health & Beauty > Health Care > Medicine & Drugs > Smoking Cessation Aids,Smoking Products,"12mg, fruity, nic_salt, nic_strength=12, nicotine_pouches, parse_attributes_0, pouch, tobacco, traditional_nicotine",TRUE,Flavour,Lillesand - Rhubarb,,,,,,,,EG0315X0359,31.7514659,shopify,0,deny,manual,4.8,6,TRUE,TRUE,,,,,,https://cdn.shopify.com/s/files/1/0901/3696/9543/files/267289372.webp?v=1763964273,1,267289372.webp,FALSE,12mg NOR Slim Nicotine Pouches - 20 Pouches,"Buy NOR NOR 12mg nicotine pouches. Tobacco-free, discreet pouches. Fast UK delivery, 18+ age verified.",Health & Beauty > Health Care > Medicine & Drugs,unisex,adult,EG0315X0359,new,FALSE,,,,,,,,,,,,,,,,,,,,,,,"nor, 12mg, 12 mg, nicotine pouches, nic pouches, tobacco free",https://cdn.shopify.com/s/files/1/0901/3696/9543/files/267289376.webp?v=1763964279,lb,,3,active
12mg-nor-slim-nicotine-pouches-20-pouches,,,,,,,,,Hardanger - Strawberry,,,,,,,,EG0311X0359,31.7514659,shopify,0,deny,manual,4.8,6,TRUE,TRUE,,,,,,https://cdn.shopify.com/s/files/1/0901/3696/9543/files/267289374.webp?v=1763964277,2,267289374.webp,,,,,,,,,,,,,,,,,,,,,,,,,,,,,,,,,https://cdn.shopify.com/s/files/1/0901/3696/9543/files/267289374.webp?v=1763964277,lb,,3,
12mg-nor-slim-nicotine-pouches-20-pouches,,,,,,,,,,,,,,,,,,,,,,,,,,,,,,,,https://cdn.shopify.com/s/files/1/0901/3696/9543/files/267289376.webp?v=1763964279,3,267289376.webp,,,,,,,,,,,,,,,,,,,,,,,,,,,,,,,,,,,,,
7mg-helwit-banana-nicotine-pouches-20-pouches,7mg HELWIT Banana Nicotine Pouches - 20 Pouches,"<p>Discover the modern and convenient way to enjoy nicotine with 7mg HELWIT Banana Nicotine Pouches - 20 Pouches! Each slim pouch offers a classic Banana flavour and contains 7mg/g of nicotine, providing a discreet and pleasurable option for nicotine consumption. With a net weight of 10g, these all-white, tobacco-free pouches can easily fit under the upper lip for a quick and efficient release of nicotine. Elevate your nicotine experience with these pouches and savor the balanced and satisfying sensations in any setting!<br><br></p>
<ul>
<li>Strength - 2/4</li>
<li>7mg Nicotine</li>
<li>Slim Packaging</li>
<li>Shelf Life 365 days</li>
<li>Made In Sweden</li>
<li>Weight: 10g</li>
</ul>
<p><br><strong>Flavour:</strong> Banana <br><br><strong>Ingredients:</strong> Cellulose fiber (E460i), Humectant (E422), Water, Flavourings, Nicotine Polacrilex, Salt, Erythritol (E968), Acidity regulator (E500), Sweetener (E955)<br><br><br></p>",HELWIT,Health & Beauty > Health Care > Medicine & Drugs > Smoking Cessation Aids,Smoking Products,"7mg, nic_strength=7, nic_strength=8, nicotine_pouches, parse_attributes_0, pouch, tobacco",TRUE,Title,Default Title,,,,,,,,AB0284X0474,9.0718474,shopify,0,deny,manual,3.92,4.9,TRUE,TRUE,,,,,,https://cdn.shopify.com/s/files/1/0901/3696/9543/files/267289945.webp?v=1763964132,1,267289945.webp,FALSE,7mg HELWIT Banana Nicotine Pouches - 20 Pouches,"Buy HELWIT HELWIT Banana 7mg nicotine pouches. Tobacco-free, discreet pouches. Fast UK delivery, 18+ age verified.",Health & Beauty > Health Care > Medicine & Drugs,unisex,adult,AB0284X0474,new,FALSE,,,,,,7mg,,,,,,,,,,,,,,,,,"helwit, 7mg, 7 mg, banana, nicotine pouches, nic pouches, tobacco free",https://cdn.shopify.com/s/files/1/0901/3696/9543/files/267289945.webp?v=1763964132,lb,,2.45,active
35mg-nois-cool-strong-slim-nicotine-pouches-27-pouches,35mg NOIS Cool Strong Slim Nicotine Pouches - 27 Pouches,"<p data-start=""0"" data-end=""524"">Crafted to provide a satisfying and discreet smoke-free experience, NOIS 35mg Nicotine Pouches offer a convenient alternative to traditional tobacco products. With a compact and portable design, these pouches deliver a long-lasting nicotine release and refreshing sensation without the need for vaping or smoking. Enjoy a balanced and enjoyable experience with each pouch, making them perfect for both new and seasoned users.</p>
<p data-start=""0"" data-end=""524""><strong>Specifications:</strong></p>
<ul>
<li data-start=""0"" data-end=""524"">Nicotine Strength: 35mg/g Strength</li>
<li data-start=""0"" data-end=""524"">Tobacco-Free</li>
<li data-start=""0"" data-end=""524"">Smoke-Free</li>
<li data-start=""0"" data-end=""524"">Format: Slim</li>
<li>27 Pouches Per Pack</li>
</ul>
<p><strong>Flavour:</strong></p>
<ul>
<li>Cool Strong<br>
</li>
</ul>
<p><strong>Direction of Use:</strong> Place one pouch under your top or bottom lip. Position the pouch to the side of your lip for comfort. Remove after 30 to 60 minutes.</p>",NOIS,Health & Beauty > Health Care > Medicine & Drugs > Smoking Cessation Aids,Smoking Products,"0mg, ice, nic_strength=35, nicotine_pouches, parse_attributes_0, pouch, tobacco, traditional_nicotine",TRUE,Title,Default Title,,,,,,,,AH0063Z0155,31.7514659,shopify,164,deny,manual,3.12,3.9,TRUE,TRUE,,,,,,https://cdn.shopify.com/s/files/1/0901/3696/9543/files/267289742.webp?v=1763964062,1,267289742.webp,FALSE,35mg NOIS Cool Strong Slim Nicotine Pouches - 27 Pouches,"Buy NOIS NOIS Cool Strong 35mg nicotine pouches. Tobacco-free, discreet pouches. Fast UK delivery, 18+ age verified.",Health & Beauty > Health Care > Medicine & Drugs,unisex,adult,AH0063Z0155,new,FALSE,,,,,,35mg,,,,,,,,,,,,,,,,,"nois, 35mg, 35 mg, cool, nicotine pouches, nic pouches, tobacco free",https://cdn.shopify.com/s/files/1/0901/3696/9543/files/267289742.webp?v=1763964062,lb,,1.95,active
11mg-ubbs-watermelon-strong-nicotine-pouches-20-pouches,11mg Übbs Watermelon Strong Nicotine Pouches - 20 Pouches,"<p data-mce-fragment=""1""><span data-mce-fragment=""1"">Übbs Strong Nicotine Pouches! </span>Discover a refreshing burst of flavour with 11mg. Each convenient pack contains 20 pouches that quickly disperse nicotine in your mouth for a satisfying hit without smoke or unpleasant odours. Designed for those seeking a clean and enjoyable alternative to traditional tobacco products, Übbs Nicotine Pouches offer a convenient and discreet way to enjoy nicotine without tobacco. With a wide range of flavours and a focus on convenience, these pouches are perfect for anyone looking for a new, smoke-free nicotine experience.<br data-mce-fragment=""1""><br data-mce-fragment=""1""><strong data-mce-fragment=""1"">Specifications:</strong><br data-mce-fragment=""1""></p>
<ul data-mce-fragment=""1"">
<li data-mce-fragment=""1"">Strength: 11 mg/g</li>
<li data-mce-fragment=""1"">Regular Strength </li>
<li data-mce-fragment=""1"">Weight: 30g </li>
<li data-mce-fragment=""1"">Doses: 20 pouches</li>
</ul>
<p data-mce-fragment=""1""><strong data-mce-fragment=""1"">Direction of Use:</strong><span data-mce-fragment=""1""> </span>Place one pouch under your top or bottom lip. Position the pouch to the side of your lip for comfort. Remove after 30 to 60 minutes. <br data-mce-fragment=""1""><br data-mce-fragment=""1""><strong data-mce-fragment=""1"">Flavours: <br data-mce-fragment=""1""></strong></p>
<ul data-mce-fragment=""1"">
<li data-mce-fragment=""1"">Watermelon </li>
</ul>",Übbs,Health & Beauty > Health Care > Medicine & Drugs > Smoking Cessation Aids,Smoking Products,"11mg, nic_strength=11, nicotine_pouches, parse_attributes_0, pouch, tobacco, traditional_nicotine",TRUE,Title,Default Title,,,,,,,,AJ0075X0467,31.7514659,shopify,93,deny,manual,4,5,TRUE,TRUE,,,,,8904415400405,https://cdn.shopify.com/s/files/1/0901/3696/9543/files/267288836.webp?v=1763964041,1,267288836.webp,FALSE,11mg Übbs Watermelon Strong Nicotine Pouches - 20 Pouches,"Buy Übbs Übbs Watermelon Strong 11mg nicotine pouches. Tobacco-free, discreet pouches. Fast UK delivery, 18+ age verified.",Health & Beauty > Health Care > Medicine & Drugs,unisex,adult,AJ0075X0467,new,FALSE,,,,,,,,,,,,,,,,,,,,,,,"übbs, 11mg, 11 mg, melon, watermelon, nicotine pouches, nic pouches, tobacco free",https://cdn.shopify.com/s/files/1/0901/3696/9543/files/267288836.webp?v=1763964041,lb,,2.5,active
15mg-helwit-extra-strong-cola-nicotine-pouches-20-pouches,15mg HELWIT Extra Strong Cola Nicotine Pouches - 20 Pouches,"<p>Elevate your nicotine experience with Helwit's Extra Strong Cola Nicotine Pouches. These Swedish-crafted, tobacco-free pouches deliver an intense 15mg/g nicotine hit wrapped in a classic cola flavour. Designed for discerning users seeking a powerful and discreet nicotine solution, each slim pouch offers up to 30 minutes of flavourful satisfaction. Perfect for those wanting a convenient, smoke-free alternative that can be enjoyed anywhere. Packaged in a 20-pouch tub with an innovative storage compartment for used pouches, Helwit ensures both quality and convenience.</p>
<ul>
<li>Extra Strong</li>
<li>15mg/g Nicotine </li>
<li>Slim Packaging</li>
<li>Shelf Life 365 days</li>
<li>Made In Sweden</li>
<li>Weight: 10g</li>
</ul>
<p><br><strong>Flavour:</strong> Cola<br><br>Ingredients: Cellulose fibre (E460i), Humectant (E422), Water, Flavourings, Nicotine Polacrilex, Salt, Erythritol (E968), Acidity regulator (E500), Sweetener (E955)<br></p>",HELWIT,Health & Beauty > Health Care > Medicine & Drugs > Smoking Cessation Aids,Smoking Products,"15mg, nic_strength=15, nicotine_pouches, parse_attributes_0, pouch, tobacco",TRUE,Title,Default Title,,,,,,,,AB0282X0474,9.0718474,shopify,0,deny,manual,3.92,4.9,TRUE,TRUE,,,,,,https://cdn.shopify.com/s/files/1/0901/3696/9543/files/267290018.webp?v=1763964031,1,267290018.webp,FALSE,15mg HELWIT Extra Strong Cola Nicotine Pouches - 20 Pouches,"Buy HELWIT HELWIT Extra Strong 15mg nicotine pouches. Tobacco-free, discreet pouches. Fast UK delivery, 18+ age verified.",Health & Beauty > Health Care > Medicine & Drugs,unisex,adult,AB0282X0474,new,FALSE,,,,,,,,,,,,,,,,,,,,,,,"helwit, 15mg, 15 mg, cola, nicotine pouches, nic pouches, tobacco free",https://cdn.shopify.com/s/files/1/0901/3696/9543/files/267290018.webp?v=1763964031,lb,,2.45,active
18mg-muse-nicotine-pouches-cdu-bundle-30-units-free-stand,18mg  Muse Nicotine Pouches CDU Bundle 30 Units + Free Stand,"<h3>First UK Made Nicotine Pouch Brand!  </h3>
<h4><strong>Tobacco Free &amp; Sugar Free!</strong></h4>
<p>Experience unparalleled indulgence with the 18mg Muse Nicotine Pouches CDU Bundle + 30 Units Set. Made with a variety of 6 delicious and distinct flavors - Cool Mint, Liquorice, Strawberry Raspberry Cherry, Orange Mango, Iron Brew, and Cola Ice - each pouch is carefully crafted to provide a smooth and nicotine-free hit. Perfect for adults seeking a discreet and sugar-free alternative, this bundle offers convenience and satisfaction. Elevate your nicotine game with Muse, the revolutionary product line taking the UK retail market by storm. Unleash your full potential with the exclusive variety pack of 18mg Muse Nicotine Pouches CDU Bundle + 30 Units Set. Elevate your nicotine experience with Muse's signature, British-inspired flavors. Don't miss out on this unique opportunity, order now!</p>
<p><strong>Specifications: </strong><br></p>
<ul>
<li>30 Muse Nicotine Pouch Cans Total <br>
</li>
<li>18mg Nicotine Pouch Strengths</li>
<li>Limited Time Offer</li>
<li>6 Flavours in total!</li>
<li>Original &amp; Mix Range</li>
</ul>
<p><strong>What's in the Bundle: </strong><br></p>
<ul>
<li>30x Muse Nicotine Pouch Cans<br>
</li>
<li>1x Counter Top Display Unit  </li>
</ul>
<p><strong>Flavours: <br></strong></p>
<ul>
<li>5x 18mg Cool Mint <br>
</li>
<li>5x 18mg Liquorice</li>
<li>5x 18mg Strawberry Raspberry Cherry </li>
<li>5x 18mg Orange Mango</li>
<li>5x 18mg Iron Brew </li>
<li>5x 18mg Cola Ice</li>
</ul>",Muse,Health & Beauty > Health Care > Medicine & Drugs > Smoking Cessation Aids,Smoking Products,"18mg, ice, nic_salt, nic_strength=18, nicotine_pouches, parse_attributes_0, pouch, tobacco",TRUE,Title,Default Title,,,,,,,,Z8811,1501.390745,shopify,56,deny,manual,96,120,TRUE,TRUE,,,,,,https://cdn.shopify.com/s/files/1/0901/3696/9543/files/267289928.webp?v=1763964011,1,267289928.webp,FALSE,18mg  Muse Nicotine Pouches CDU Bundle 30 Units + Free Stand,"Buy Muse Muse CDU Bundle 18mg nicotine pouches. Tobacco-free, discreet pouches. Fast UK delivery, 18+ age verified.",Health & Beauty > Health Care > Medicine & Drugs,unisex,adult,Z8811,new,FALSE,,,,,,,,,,,,,,,,,,,,,,,"muse, 18mg, 18 mg, nicotine pouches, nic pouches, tobacco free",https://cdn.shopify.com/s/files/1/0901/3696/9543/files/267289928.webp?v=1763964011,lb,,60,unlisted
11mg-14mg-ubbs-strong-max-nicotine-pouches-bundle-40-cans-40-cans-for-the-price-30-cans,11mg & 14mg Ubbs Strong & Max Nicotine Pouches Bundle 40 Cans (40 Cans For The Price 30 Cans),"<p>The 11mg and 14mg Ubbs Nicotine Pouch Bundle offers an exceptional value with 40 cans for the price of 30, making it an ideal choice for retailers looking to maximize their inventory while providing customers with a premium product. This bundle includes 10 cans each of four delightful flavors: Spearmint, Cola Ice, Menthol, and Watermelon , ensuring a diverse selection that caters to various taste preferences. Each can contains 20 pouches, delivering a total of 800 nicotine pouches that are crafted with high-quality, tobacco-free ingredients, providing a smooth and satisfying experience. Designed for convenience, these pouches fit discreetly under the lip, allowing for a clean and enjoyable way to indulge in nicotine without the mess of traditional tobacco products. With its appealing flavors and excellent value, this bundle is perfect for retailers aiming to attract and satisfy a wide range of customers.<br></p>
<p><strong>Specifications: </strong><br></p>
<ul>
<li>40 Ubbs Nicotine Pouch Cans For The Price of 30!<br>
</li>
<li>11mg &amp;14mg Nicotine Pouch Strength</li>
<li>40 Nicotine Pouch Cans </li>
<li>20 Pouches Per Can</li>
<li>Limited Time Offer</li>
</ul>
<p><strong>What's in the Bundle: </strong><br></p>
<ul>
<li>20x 11mg Ubbs Nicotine Pouch Cans</li>
<li>20x 14mg Ubbs Nicotine Pouch Cans</li>
</ul>
<p><strong>Flavours: <br></strong></p>
<ul>
<li>10x 11mg Spearmint  <br>
</li>
<li>10x 11mg Cola Ice <br>
</li>
<li>10x 14mg Menthol<br>
</li>
<li>10x 14mg Watermelon </li>
</ul>
<!----><!---->",Übbs,Health & Beauty > Health Care > Medicine & Drugs > Smoking Cessation Aids,Smoking Products,"11mg, ice, nic_salt, nic_strength=11, nic_strength=14, nicotine_pouches, parse_attributes_0, pouch, tobacco, traditional_nicotine",TRUE,Title,Default Title,,,,,,,,EH0351X0467,498.951607,shopify,4,deny,manual,120,150,TRUE,TRUE,,,,,,https://cdn.shopify.com/s/files/1/0901/3696/9543/files/267290057.webp?v=1763963731,1,267290057.webp,FALSE,Übbs 11mg & 14mg Ubbs Strong & Max Nicotine Pouches Bundl...,"Buy Übbs & Ubbs Strong 11mg nicotine pouches. Tobacco-free, discreet pouches. Fast UK delivery, 18+ age verified.",Health & Beauty > Health Care > Medicine & Drugs,unisex,adult,EH0351X0467,new,FALSE,,,,,,,,,,,,,,,,,,,,,,,"übbs, 11mg, 11 mg, ice, nicotine pouches, nic pouches, tobacco free",https://cdn.shopify.com/s/files/1/0901/3696/9543/files/267290057.webp?v=1763963731,lb,,75,active
16mg-mafia-slim-nicotine-pouches-20-pouches,16mg Mafia Slim Nicotine Pouches - 20 Pouches,"<p>Introducing the 16mg Mafia Slim Nicotine Pouches, a premium option for those seeking a balanced and satisfying nicotine experience. Each pack contains 20 slim-format pouches, each delivering a moderate 16mg dose of nicotine. These pouches are designed for discreet and convenient use, fitting comfortably under your lip for a smooth and consistent release of nicotine. Ideal for both newcomers and experienced users, the Mafia Slim Nicotine Pouches offer a reliable alternative to smoking or vaping, providing long-lasting satisfaction without the need for tobacco. Crafted with high-quality ingredients, these pouches ensure a clean and enjoyable experience, making them perfect for use anytime, anywhere. Whether you're at work, on the go, or relaxing at home, the 16mg Mafia Slim Nicotine Pouches offer a versatile and effective solution to manage your nicotine cravings. Elevate your nicotine experience with the refined quality and convenience of Mafia Slim Nicotine Pouches.<strong data-mce-fragment=""1""><br><br><br>Specifications:</strong></p>
<ul data-mce-fragment=""1"">
<li data-mce-fragment=""1"">Strength: 16mg Per Gram </li>
<li data-mce-fragment=""1"">Standard Strength<br>
</li>
<li data-mce-fragment=""1"">No Tobacco </li>
<li data-mce-fragment=""1"">Slim Pouch </li>
<li data-mce-fragment=""1"">Weight: 30g</li>
<li data-mce-fragment=""1"">Doses: 20 pouches<br>
</li>
</ul>
<p><strong>Direction of Use:</strong> Place one pouch under your top or bottom lip. Position the pouch to the side of your lip for comfort. Remove after 30 to 60 minutes.<br data-mce-fragment=""1""><br data-mce-fragment=""1""><strong>Flavour: <br></strong></p>
<ul>
<li>Apple Lemon Pear Cake </li>
<li>Cherry Raspberry Strawberry </li>
<li>Strawberry Raspberry Bubblegum </li>
</ul>
<p><!----><br></p>
<!----><!---->",Mafia,Health & Beauty > Health Care > Medicine & Drugs > Smoking Cessation Aids,Smoking Products,"16mg, candy/sweets, desserts/bakery, fruity, nic_salt, nicotine_pouches, parse_attributes_0, pouch",TRUE,Flavour,Strawberry Raspberry Bubblegum,,,,,,,,EH0084X0510,31.7514659,shopify,22,deny,manual,3.04,3.8,TRUE,TRUE,,,,,,https://cdn.shopify.com/s/files/1/0901/3696/9543/files/267289380.webp?v=1763963676,1,267289380.webp,FALSE,16mg Mafia Slim Nicotine Pouches - 20 Pouches,"Buy Mafia Mafia 16mg nicotine pouches. Tobacco-free, discreet pouches. Fast UK delivery, 18+ age verified.",Health & Beauty > Health Care > Medicine & Drugs,unisex,adult,EH0084X0510,new,FALSE,,,,,,,,,,,,,,,,,,,,,,,"mafia, 16mg, 16 mg, nicotine pouches, nic pouches, tobacco free",https://cdn.shopify.com/s/files/1/0901/3696/9543/files/267289388.webp?v=1763963682,lb,,1.9,active
16mg-mafia-slim-nicotine-pouches-20-pouches,,,,,,,,,Apple Lemon Pear Cake,,,,,,,,EH0082X0510,31.7514659,shopify,172,deny,manual,3.04,3.8,TRUE,TRUE,,,,,,https://cdn.shopify.com/s/files/1/0901/3696/9543/files/267289384.webp?v=1763963683,2,267289384.webp,,,,,,,,,,,,,,,,,,,,,,,,,,,,,,,,,https://cdn.shopify.com/s/files/1/0901/3696/9543/files/267289384.webp?v=1763963683,lb,,1.9,
16mg-mafia-slim-nicotine-pouches-20-pouches,,,,,,,,,Cherry Raspberry Strawberry,,,,,,,,EH0083X0510,31.7514659,shopify,70,deny,manual,3.04,3.8,TRUE,TRUE,,,,,,https://cdn.shopify.com/s/files/1/0901/3696/9543/files/267289385.webp?v=1763963680,3,267289385.webp,,,,,,,,,,,,,,,,,,,,,,,,,,,,,,,,,https://cdn.shopify.com/s/files/1/0901/3696/9543/files/267289385.webp?v=1763963680,lb,,1.9,
16mg-mafia-slim-nicotine-pouches-20-pouches,,,,,,,,,,,,,,,,,,,,,,,,,,,,,,,,https://cdn.shopify.com/s/files/1/0901/3696/9543/files/267289388.webp?v=1763963682,4,267289388.webp,,,,,,,,,,,,,,,,,,,,,,,,,,,,,,,,,,,,,
8mg-velo-slim-medium-strength-lime-flame-nicotine-pouches-20-pouches,8mg Velo Slim Medium Strength Lime Flame Nicotine Pouches - 20 Pouches,"<p data-mce-fragment=""1"">Enhance your day with the tantalizing taste of Tropic Breeze and more with their nicotine pouches. Indulge in a lush, taste-filled experience with each pouch providing a delightful burst of flavour and effortless distribution of nicotine in the mouth. Savour the satisfaction without any smoke or unpleasant odours. Exclusively designed for the refined and discerning consumer.<br data-mce-fragment=""1""><br data-mce-fragment=""1""><strong data-mce-fragment=""1"">Specifications:</strong><br data-mce-fragment=""1""></p>
<ul data-mce-fragment=""1"">
<li data-mce-fragment=""1"">Strength: 8mg/g</li>
<li data-mce-fragment=""1"">Medium Strength </li>
<li data-mce-fragment=""1"">Weight: 30g </li>
<li data-mce-fragment=""1"">Doses: 20 pouches</li>
</ul>
<p data-mce-fragment=""1""><strong data-mce-fragment=""1"">Direction of Use:</strong><span data-mce-fragment=""1""> </span>Place one pouch under your top or bottom lip. Position the pouch to the side of your lip for comfort. Remove after 30 to 60 minutes. <br data-mce-fragment=""1""><br data-mce-fragment=""1""><strong data-mce-fragment=""1"">Flavour: <br data-mce-fragment=""1""></strong></p>
<ul data-mce-fragment=""1"">
<li data-mce-fragment=""1"">
<span data-mce-fragment=""1"" mce-data-marked=""1"">Lime Flame</span><span data-mce-fragment=""1"" mce-data-marked=""1""></span>
</li>
</ul>
<ul data-mce-fragment=""1""></ul>",Velo,Health & Beauty > Health Care > Medicine & Drugs > Smoking Cessation Aids,Smoking Products,"8mg, fruity, nic_strength=8, nicotine_pouches, parse_attributes_0, pouch",TRUE,Flavour,Default Title,,,,,,,,VeloPouches8mgLimeFlame,0,shopify,0,deny,manual,0,,TRUE,TRUE,,,,,,https://cdn.shopify.com/s/files/1/0901/3696/9543/files/267288930.webp?v=1763963646,1,267288930.webp,FALSE,8mg Velo Slim Medium Strength Lime Flame Nicotine Pouches...,"Buy Velo Velo Medium Strength 8mg nicotine pouches. Tobacco-free, discreet pouches. Fast UK delivery, 18+ age verified.",Health & Beauty > Health Care > Medicine & Drugs,unisex,adult,VeloPouches8mgLimeFlame,new,FALSE,,,,,,8mg,,,,,,,,,,,,,,,,,"velo, 8mg, 8 mg, nicotine pouches, nic pouches, tobacco free",,lb,,,active
11mg-ubbs-strong-nicotine-pouches-bundle-40-cans-40-cans-for-the-price-30-cans,11mg Ubbs Strong Nicotine Pouches Bundle 40 Cans (40 Cans For The Price 30 Cans),"<p>The 11mg Ubbs Nicotine Pouch Bundle offers an exceptional value with 40 cans for the price of 30, making it an ideal choice for retailers looking to maximize their inventory while providing customers with a premium product. This bundle includes 10 cans each of four delightful flavours: Berry, Cola Ice, Spearmint, and Peppermint, ensuring a diverse selection that caters to various taste preferences. Each can contains 20 pouches, delivering a total of 800 nicotine pouches that are crafted with high-quality, tobacco-free ingredients, providing a smooth and satisfying experience. Designed for convenience, these pouches fit discreetly under the lip, allowing for a clean and enjoyable way to indulge in nicotine without the mess of traditional tobacco products. With its appealing flavours and excellent value, this bundle is perfect for retailers aiming to attract and satisfy a wide range of customers.<br></p>
<p><strong>Specifications: </strong><br></p>
<ul>
<li>40 Ubbs Nicotine Pouch Cans For The Price of 30!<br>
</li>
<li>11mg Nicotine Pouch Strength</li>
<li>40 Nicotine Pouch Cans </li>
<li>20 Pouches Per Can</li>
<li>Limited Time Offer</li>
</ul>
<p><strong>What's in the Bundle: </strong><br></p>
<ul>
<li>40x 11mg Ubbs Nicotine Pouch Cans</li>
</ul>
<p><strong>Flavours: <br></strong></p>
<ul>
<li>10x 11mg Berry  <br>
</li>
<li>10x 11mg Cola Ice <br>
</li>
<li>10x 11mg Spearmint <br>
</li>
<li>10x 11mg Peppermint </li>
</ul>
<!----><!---->",Übbs,Health & Beauty > Health Care > Medicine & Drugs > Smoking Cessation Aids,Smoking Products,"11mg, ice, nic_salt, nic_strength=11, nicotine_pouches, parse_attributes_0, pouch, tobacco, traditional_nicotine",TRUE,Title,Default Title,,,,,,,,11mgBundleX0467,498.951607,shopify,3,deny,manual,120,150,TRUE,TRUE,,,,,,https://cdn.shopify.com/s/files/1/0901/3696/9543/files/267289469.webp?v=1763963610,1,267289469.webp,FALSE,Übbs 11mg Ubbs Strong Nicotine Pouches Bundle 40 Cans (40...,"Buy Übbs Ubbs Strong Bundle 11mg nicotine pouches. Tobacco-free, discreet pouches. Fast UK delivery, 18+ age verified.",Health & Beauty > Health Care > Medicine & Drugs,unisex,adult,11mgBundleX0467,new,FALSE,,,,,,,,,,,,,,,,,,,,,,,"übbs, 11mg, 11 mg, ice, nicotine pouches, nic pouches, tobacco free",https://cdn.shopify.com/s/files/1/0901/3696/9543/files/267289469.webp?v=1763963610,lb,,75,active
helwit-9mg-nicotine-pouches-orange-20-pouches-buy-2-get-1-free,HELWIT 9mg Nicotine Pouches Orange - 20 Pouches (Buy 2 Get 1 Free),"<p><span data-mce-fragment=""1"">The HELWIT 7mg Nicotine Pouches Violet offers a discreet and convenient way to consume nicotine. With 20 pouches in each can and a nicotine level of 7mg/g, they provide a balanced and pleasant experience with a unique violet flavour. These slim, tobacco-free pouches fit comfortably under the upper lip for a quick and efficient release of nicotine. Whether in smoke-free environments or for those seeking a contemporary option, these pouches are the perfect choice.</span><br data-mce-fragment=""1""><br data-mce-fragment=""1""></p>
<ul data-mce-fragment=""1"">
<li data-mce-fragment=""1""><span data-mce-fragment=""1"">Strength - 3/4</span></li>
<li data-mce-fragment=""1""><span data-mce-fragment=""1"">9mg Nicotine Salt</span></li>
<li data-mce-fragment=""1""><span data-mce-fragment=""1"">Slim Packaging</span></li>
<li data-mce-fragment=""1""><span data-mce-fragment=""1"">Shelf Life 365 days</span></li>
<li data-mce-fragment=""1""><span data-mce-fragment=""1"">Made In Sweden</span></li>
<li data-mce-fragment=""1""><span data-mce-fragment=""1"">Weight: 10g</span></li>
</ul>
<p><br data-mce-fragment=""1""><span data-mce-fragment=""1""><strong data-mce-fragment=""1"">Flavour:</strong> Orange</span><br data-mce-fragment=""1""><br data-mce-fragment=""1""><span data-mce-fragment=""1""><strong data-mce-fragment=""1"">Ingredients:</strong> Cellulose fiber (E460i), Humectant (E422), Water, Flavourings, Nicotine Polacrilex, Salt, Erythritol (E968), Acidity regulator (E500), Sweetener (E955)</span></p>",HELWIT,Health & Beauty > Health Care > Medicine & Drugs > Smoking Cessation Aids,Smoking Products,"9mg, nic_salt, nic_strength=7, nic_strength=8, nic_strength=9, nicotine_pouches, parse_attributes_0, pouch, tobacco",TRUE,Title,Default Title,,,,,,,,AG0205X0474,9.0718474,shopify,34,deny,manual,3.92,4.9,TRUE,TRUE,,,,,,https://cdn.shopify.com/s/files/1/0901/3696/9543/files/267289213.webp?v=1763963603,1,267289213.webp,FALSE,HELWIT 9mg Nicotine Pouches Orange - 20 Pouches (Buy 2 Ge...,"Buy HELWIT HELWIT Orange (Buy 9mg nicotine pouches. Tobacco-free, discreet pouches. Fast UK delivery, 18+ age verified.",Health & Beauty > Health Care > Medicine & Drugs,unisex,adult,AG0205X0474,new,FALSE,,,,,,,,,,,,,,,,,,,,,,,"helwit, 9mg, 9 mg, orange, nicotine pouches, nic pouches, tobacco free",https://cdn.shopify.com/s/files/1/0901/3696/9543/files/267289213.webp?v=1763963603,lb,,2.45,active
16mg-nor-slim-folgefonna-nicotine-pouches-20-pouches,16mg NOR Slim Folgefonna Nicotine Pouches - 20 Pouches,"<p>Experience the remarkable effects of 16mg NOR Slim Folgefonna Nicotine Pouches - a high-quality, tobacco-free alternative carefully crafted for discerning users seeking a strong kick of nicotine. Each sleek container contains 20 discreet pouches, designed to provide a consistent and gratifying release. The Folgefonna variation boasts a refreshing flavor inspired by the crisp and pure air of Norway's glaciers, delivering a revitalizing sensation with every use. These pouches are expertly designed to comfortably fit under your lip, ensuring a mess-free and inconspicuous nicotine experience anytime, anywhere. With a powerful strength of 16mg, NOR Slim Folgefonna caters to seasoned users who desire a potent nicotine delivery system without the hassle of smoke or vapor. Embrace the convenience and sophistication of these slim pouches, ideal for those who value quality and discretion in their nicotine products. Indulge in the pure, glacier-inspired essence of Folgefonna while enjoying the reliable satisfaction<strong><br><br><br>Specifications:</strong></p>
<ul>
<li>Strength: 16mg/g<br>
</li>
<li>S5 Strength<br>
</li>
<li>Weight: 30g<br>
</li>
<li>Doses: 20 pouches<br>
</li>
<li>Slim Pouches <br><br><strong>Direction of Use: </strong>Place one pouch under your top or bottom lip. Position the pouch to the side of your lip for comfort. Remove after 30 to 60 minutes.</li>
</ul>
<p><strong>Flavours:  <br></strong></p>
<ul>
<li>Folgefonna | Slim | No.2 - Peppermint / Menthol <strong><br></strong>
</li>
</ul>
<!----><!---->",NOR,Health & Beauty > Health Care > Medicine & Drugs > Smoking Cessation Aids,Smoking Products,"16mg, ice, nicotine_pouches, parse_attributes_0, pouch, tobacco",TRUE,Title,Default Title,,,,,,,,EG0309X0359,31.7514659,shopify,0,deny,manual,4.8,6,TRUE,TRUE,,,,,,https://cdn.shopify.com/s/files/1/0901/3696/9543/files/267289939.webp?v=1763963538,1,267289939.webp,FALSE,16mg NOR Slim Folgefonna Nicotine Pouches - 20 Pouches,"Buy NOR NOR Folgefonna 16mg nicotine pouches. Tobacco-free, discreet pouches. Fast UK delivery, 18+ age verified.",Health & Beauty > Health Care > Medicine & Drugs,unisex,adult,EG0309X0359,new,FALSE,,,,,,,,,,,,,,,,,,,,,,,"nor, 16mg, 16 mg, nicotine pouches, nic pouches, tobacco free",https://cdn.shopify.com/s/files/1/0901/3696/9543/files/267289939.webp?v=1763963538,lb,,3,active
70mg-muse-focus-energy-pouches-uk-made-20-pouches-buy-2-get-1-free,70mg Muse Focus Energy Pouches (UK Made) - 20 Pouches (Buy 2 Get 1 Free),"<p data-end=""703"" data-start=""311"">Experience calm, clean focus with Muse Focus Energy Pouches—your everyday companion for smooth energy and mental clarity. Each can contains 20 thoughtfully crafted pouches, delivering a reliable 70mg caffeine boost (about one cup of coffee) without overstimulation or crashes. Perfect for work, study, reading, or creative flow, Muse Focus keeps you sharp and present. </p>
<p data-end=""703"" data-start=""311""><meta charset=""UTF-8""> Powered by Caffeine, L-Theanine, and Alpha GPC, this blend supports steady focus, reduces mental fatigue, and promotes a balanced state of concentration—no jitters, just clarity. The slim, discreet pouches tuck comfortably under your lip, offering a mess-free boost anytime, anywhere.</p>
<p><strong>Specifications:</strong></p>
<ul>
<li>70mg per pouch (approx. 1 cup of coffee)</li>
<li>Recyclable Packaging</li>
<li>Slim, discreet pouches</li>
<li>Tobacco Free</li>
<li data-end=""1397"" data-start=""1363"">Slow-Releasing &amp; Fast-Acting</li>
<li>Includes Alpha GPC, L-Theanine, Beta-Alanine</li>
<li data-end=""1424"" data-start=""1400"">Recyclable Packaging<span></span>
</li>
</ul>
<p><br><strong>Direction of Use:</strong><span> Place one pouch between your upper lip and gum. Use for up to 60 minutes. When finished, dispose of the pouch in the waste compartment located at the top of the container.</span></p>
<p><strong>Ingredients: </strong>Microcrystalline Cellulose, Caffeine, Flavours, Alpha GPC, L-Theanine, Beta Alanine, Sodium Chloride, Sucralose.</p>
<p><strong>Flavours:</strong></p>
<ul>
<li>Blue Razz Lemonade</li>
<li>Cola Ice</li>
<li>Cool Mint</li>
<li>Creamy Coffee</li>
<li>Iron Brew</li>
<li>Kiwi Passionfruit Guava</li>
<li>Liquorice</li>
<li>Orange Mango</li>
<li>Strawberry Raspberry Cherry</li>
<li>Tropical</li>
</ul>",Muse,Health & Beauty > Health Care > Medicine & Drugs > Smoking Cessation Aids,Smoking Products,"0mg, beverages, candy/sweets, desserts/bakery, fruity, nic_salt, nicotine_pouches, parse_attributes_0, pouch",TRUE,Flavour,Blue Razz Lemonade,,,,,,,,Z9045,31.7514659,shopify,4422,deny,manual,4.4,5.5,TRUE,TRUE,,,,,,https://cdn.shopify.com/s/files/1/0901/3696/9543/files/267289504.webp?v=1763963292,1,267289504.webp,FALSE,70mg Muse Focus Energy Pouches (UK Made) - 20 Pouches (Bu...,"Buy Muse Muse Focus Energy 70mg nicotine pouches. Tobacco-free, discreet pouches. Fast UK delivery, 18+ age verified.",Health & Beauty > Health Care > Medicine & Drugs,unisex,adult,Z9045,new,FALSE,,,,,,,,,,,,,,,,,,,,,,,"muse, 70mg, 70 mg, nicotine pouches, nic pouches, tobacco free",,lb,,2.75,active
70mg-muse-focus-energy-pouches-uk-made-20-pouches-buy-2-get-1-free,,,,,,,,,Creamy Coffee,,,,,,,,Z9049,31.7514659,shopify,4923,deny,manual,4.4,5.5,TRUE,TRUE,,,,,,https://cdn.shopify.com/s/files/1/0901/3696/9543/files/267289505.webp?v=1763963292,2,267289505.webp,,,,,,,,,,,,,,,,,,,,,,,,,,,,,,,,,,lb,,2.75,
70mg-muse-focus-energy-pouches-uk-made-20-pouches-buy-2-get-1-free,,,,,,,,,,,,,,,,,,,,,,,,,,,,,,,,https://cdn.shopify.com/s/files/1/0901/3696/9543/files/267289506.webp?v=1763963292,3,267289506.webp,,,,,,,,,,,,,,,,,,,,,,,,,,,,,,,,,,,,,
70mg-muse-focus-energy-pouches-uk-made-20-pouches-buy-2-get-1-free,,,,,,,,,,,,,,,,,,,,,,,,,,,,,,,,https://cdn.shopify.com/s/files/1/0901/3696/9543/files/267289507.webp?v=1763963292,4,267289507.webp,,,,,,,,,,,,,,,,,,,,,,,,,,,,,,,,,,,,,
70mg-muse-focus-energy-pouches-uk-made-20-pouches-buy-2-get-1-free,,,,,,,,,,,,,,,,,,,,,,,,,,,,,,,,https://cdn.shopify.com/s/files/1/0901/3696/9543/files/267289508.webp?v=1763963293,5,267289508.webp,,,,,,,,,,,,,,,,,,,,,,,,,,,,,,,,,,,,,
70mg-muse-focus-energy-pouches-uk-made-20-pouches-buy-2-get-1-free,,,,,,,,,,,,,,,,,,,,,,,,,,,,,,,,https://cdn.shopify.com/s/files/1/0901/3696/9543/files/267289509.webp?v=1763963293,6,267289509.webp,,,,,,,,,,,,,,,,,,,,,,,,,,,,,,,,,,,,,
70mg-muse-focus-energy-pouches-uk-made-20-pouches-buy-2-get-1-free,,,,,,,,,,,,,,,,,,,,,,,,,,,,,,,,https://cdn.shopify.com/s/files/1/0901/3696/9543/files/267289510.webp?v=1763963294,7,267289510.webp,,,,,,,,,,,,,,,,,,,,,,,,,,,,,,,,,,,,,
70mg-muse-focus-energy-pouches-uk-made-20-pouches-buy-2-get-1-free,,,,,,,,,,,,,,,,,,,,,,,,,,,,,,,,https://cdn.shopify.com/s/files/1/0901/3696/9543/files/267289511.webp?v=1763963294,8,267289511.webp,,,,,,,,,,,,,,,,,,,,,,,,,,,,,,,,,,,,,
70mg-muse-focus-energy-pouches-uk-made-20-pouches-buy-2-get-1-free,,,,,,,,,,,,,,,,,,,,,,,,,,,,,,,,https://cdn.shopify.com/s/files/1/0901/3696/9543/files/267289512.webp?v=1763963294,9,267289512.webp,,,,,,,,,,,,,,,,,,,,,,,,,,,,,,,,,,,,,
70mg-muse-focus-energy-pouches-uk-made-20-pouches-buy-2-get-1-free,,,,,,,,,,,,,,,,,,,,,,,,,,,,,,,,https://cdn.shopify.com/s/files/1/0901/3696/9543/files/267289513.webp?v=1763963295,10,267289513.webp,,,,,,,,,,,,,,,,,,,,,,,,,,,,,,,,,,,,,
70mg-muse-focus-energy-pouches-uk-made-20-pouches-buy-2-get-1-free,,,,,,,,,,,,,,,,,,,,,,,,,,,,,,,,https://cdn.shopify.com/s/files/1/0901/3696/9543/files/267289514.webp?v=1763963295,11,267289514.webp,,,,,,,,,,,,,,,,,,,,,,,,,,,,,,,,,,,,,
14mg-ubbs-menthol-max-strength-nicotine-pouches-20-pouches,14mg Übbs Menthol Max Strength Nicotine Pouches - 20 Pouches,"<p data-mce-fragment=""1"">Übbs Max Strength Nicotine Pouches - a convenient and discreet alternative to tobacco products. Each pack contains 20 pouches designed to deliver a quick and satisfying nicotine hit without smoke or odours. These pouches offer an enjoyable and refreshing experience for anyone seeking a new way to enjoy nicotine. Elevate your nicotine experience with Übbs Nicotine Pouches - no smoking or vaping necessary!<br data-mce-fragment=""1""><br data-mce-fragment=""1""><strong data-mce-fragment=""1"">Specifications:</strong><br data-mce-fragment=""1""></p>
<ul data-mce-fragment=""1"">
<li data-mce-fragment=""1"">Strength: 14 mg/g</li>
<li data-mce-fragment=""1"">Strong Strength </li>
<li data-mce-fragment=""1"">Weight: 30g </li>
<li data-mce-fragment=""1"">Doses: 20 pouches</li>
</ul>
<p data-mce-fragment=""1""><strong data-mce-fragment=""1"">Direction of Use:</strong><span data-mce-fragment=""1""> </span>Place one pouch under your top or bottom lip. Position the pouch to the side of your lip for comfort. Remove after 30 to 60 minutes. <br data-mce-fragment=""1""><br data-mce-fragment=""1""><strong data-mce-fragment=""1"">Flavour: </strong><br data-mce-fragment=""1""></p>
<ul data-mce-fragment=""1"">
<li data-mce-fragment=""1"">Menthol </li>
</ul>",Übbs,Health & Beauty > Health Care > Medicine & Drugs > Smoking Cessation Aids,Smoking Products,"14mg, ice, nic_strength=14, nicotine_pouches, parse_attributes_0, pouch, tobacco",TRUE,Title,Default Title,,,,,,,,AJ0077X0467,31.7514659,shopify,79,deny,manual,4,5,TRUE,TRUE,,,,,18904415400723,https://cdn.shopify.com/s/files/1/0901/3696/9543/files/267289171.webp?v=1763962769,1,267289171.webp,FALSE,14mg Übbs Menthol Max Strength Nicotine Pouches - 20 Pouches,"Buy Übbs Übbs Menthol Max 14mg nicotine pouches. Tobacco-free, discreet pouches. Fast UK delivery, 18+ age verified.",Health & Beauty > Health Care > Medicine & Drugs,unisex,adult,AJ0077X0467,new,FALSE,,,,,,,,,,,,,,,,,,,,,,,"übbs, 14mg, 14 mg, menthol, nicotine pouches, nic pouches, tobacco free",https://cdn.shopify.com/s/files/1/0901/3696/9543/files/267289171.webp?v=1763962769,lb,,2.5,active
6mg-ubbs-salted-caramel-regular-strength-nicotine-pouches-20-pouches,6mg Übbs Salted Caramel Regular Strength Nicotine Pouches - 20 Pouches,"<p data-mce-fragment=""1"">Experience the indulgent flavour of the 6mg Übbs Salted Caramel Regular Strength Nicotine Pouches, designed for those seeking a satisfying and tobacco-free nicotine experience. Each pack contains 20 pouches, providing a convenient and discreet way to enjoy nicotine without the hassle of smoking or vaping. The salted caramel flavor delivers a rich and creamy taste, perfectly balanced with a hint of salt to enhance the sweetness, creating a delightful flavor journey that lasts. These pouches are crafted from natural ingredients and refined nicotine, ensuring a smooth and enjoyable experience while being free from tobacco and its harmful effects. Simply tuck a pouch between your upper lip and gum, and savor the flavor and nicotine release for 30 to 40 minutes. With Übbs, you can enjoy a premium nicotine experience that fits seamlessly into your lifestyle.<br><br data-mce-fragment=""1""><br data-mce-fragment=""1""><strong data-mce-fragment=""1"">Specifications:</strong><br data-mce-fragment=""1""></p>
<ul data-mce-fragment=""1"">
<li data-mce-fragment=""1"">Strength: 6 mg/g</li>
<li data-mce-fragment=""1"">Regular Strength </li>
<li data-mce-fragment=""1"">Weight: 30g</li>
<li data-mce-fragment=""1"">Doses: 20 pouches</li>
</ul>
<p data-mce-fragment=""1""><strong data-mce-fragment=""1"">Direction of Use:</strong><span data-mce-fragment=""1""> </span>Place one pouch under your top or bottom lip. Position the pouch to the side of your lip for comfort. Remove after 30 to 60 minutes. <br data-mce-fragment=""1""><br data-mce-fragment=""1""><strong data-mce-fragment=""1"">Flavour: <br data-mce-fragment=""1""></strong></p>
<ul data-mce-fragment=""1"">
<li data-mce-fragment=""1"">Salted Caramel</li>
</ul>
<!---->",Übbs,Health & Beauty > Health Care > Medicine & Drugs > Smoking Cessation Aids,Smoking Products,"6mg, nic_salt, nic_strength=6, nicotine_pouches, parse_attributes_0, pouch, tobacco, unflavoured",TRUE,Title,Default Title,,,,,,,,EH0221X0467,31.7514659,shopify,105,deny,manual,4,5,TRUE,TRUE,,,,,,https://cdn.shopify.com/s/files/1/0901/3696/9543/files/267289687.webp?v=1763962487,1,267289687.webp,FALSE,6mg Übbs Salted Caramel Regular Strength Nicotine Pouches...,"Buy Übbs Übbs Salted Caramel 6mg nicotine pouches. Tobacco-free, discreet pouches. Fast UK delivery, 18+ age verified.",Health & Beauty > Health Care > Medicine & Drugs,unisex,adult,EH0221X0467,new,FALSE,,,,,,6mg,,,,,,,,,,,,,,,,,"übbs, 6mg, 6 mg, nicotine pouches, nic pouches, tobacco free",https://cdn.shopify.com/s/files/1/0901/3696/9543/files/267289687.webp?v=1763962487,lb,,2.5,active
50mg-iceberg-extreme-nicotine-pouches-20-pouches,50mg Iceberg Extreme Nicotine Pouches - 20 Pouches,"<p><meta charset=""UTF-8""><span>Iceberg Extreme 50mg Nicotine Pouches deliver an exceptionally strong nicotine experience, crafted specifically for seasoned users who demand maximum intensity. Each can contains 20 slim, all-white pouches, each offering a potent dose of up to 50mg of nicotine per pouch, making them among the strongest available on the market</span><a href=""https://nicotinos.com/products/iceberg-black-extreme-50mg"" aria-label=""ICEBERG Black Extreme 50mg"" data-state=""closed"" class=""citation ml-xs inline"" rel=""nofollow noopener"" target=""_blank""></a><a href=""https://redboxvape.com/products/iceberg-extreme-nicotine-pouches-50mg"" aria-label=""Iceberg Extreme Nicotine Pouches – 50mg"" data-state=""closed"" class=""citation ml-xs inline"" rel=""nofollow noopener"" target=""_blank""></a><span class=""whitespace-nowrap""><a href=""https://pouches.eu/en/products/iceberg-limited-edition-grape-gum"" aria-label=""ICEBERG Grape Gum Extreme -50mg/g"" data-state=""closed"" class=""mr-[2px] citation ml-xs inline"" rel=""nofollow noopener"" target=""_blank""></a>.</span><span> These pouches are completely tobacco-free, ensuring a cleaner and discreet alternative to traditional tobacco products, and they are designed not to stain your teeth</span><a href=""https://mynicco.com/product/iceberg-cola-extra-strong-50mg/"" aria-label=""Iceberg Cola Extra Strong 50mg"" data-state=""closed"" class=""citation ml-xs inline"" rel=""nofollow noopener"" target=""_blank""></a><a href=""https://whitepouch.co.uk/product/iceberg-extreme-coco-jambo-50mg-g/"" aria-label=""Iceberg Extreme Coco Jambo 50mg/g - White Pouch"" data-state=""closed"" class=""citation ml-xs inline"" rel=""nofollow noopener"" target=""_blank""></a><span class=""whitespace-nowrap""><a href=""https://www.snusport.com/product/iceberg-extreme-dragonfruit-50mg-g/"" aria-label=""Iceberg Extreme Dragonfruit 50mg/g"" data-state=""closed"" class=""mr-[2px] citation ml-xs inline"" rel=""nofollow noopener"" target=""_blank""></a>.</span><span> </span></p>
<p><b>Specifications:</b><b></b></p>
<ul>
<li>
<span></span>Nicotine Strength: 50mg</li>
<li>
<span></span>20 Pouches</li>
<li><span style=""font-size: 0.875rem;"">Tobacco Free</span></li>
</ul>
<p><strong><span style=""font-size: 0.875rem;"">Flavours:</span></strong></p>
<ul>
<li>Double Apple</li>
<li>Kiwi Strawberry</li>
<li>Raspberry Gum</li>
</ul>",Iceberg,Health & Beauty > Health Care > Medicine & Drugs > Smoking Cessation Aids,Smoking Products,"0mg, fruity, nic_strength=50, nicotine_pouches, parse_attributes_0, pouch, traditional_nicotine",TRUE,Flavour,Double Apple,,,,,,,,EJ0128X0536,0,shopify,211,deny,manual,3.52,4.4,TRUE,TRUE,,,,,,https://cdn.shopify.com/s/files/1/0901/3696/9543/files/267289930.webp?v=1763962417,1,267289930.webp,FALSE,50mg Iceberg Extreme Nicotine Pouches - 20 Pouches,"Buy Iceberg Iceberg Extreme 50mg nicotine pouches. Tobacco-free, discreet pouches. Fast UK delivery, 18+ age verified.",Health & Beauty > Health Care > Medicine & Drugs,unisex,adult,EJ0128X0536,new,FALSE,,,,,,50mg,,,,,,,,,,,,,,,,,"iceberg, 50mg, 50 mg, ice, nicotine pouches, nic pouches, tobacco free",,lb,,2.2,active
50mg-iceberg-extreme-nicotine-pouches-20-pouches,,,,,,,,,Kiwi Strawberry,,,,,,,,EJ0130X0536,0,shopify,209,deny,manual,3.52,4.4,TRUE,TRUE,,,,,,https://cdn.shopify.com/s/files/1/0901/3696/9543/files/267289932.webp?v=1763962417,2,267289932.webp,,,,,,,,,,,,,,,,,,,,,,,,,,,,,,,,,,lb,,2.2,
50mg-iceberg-extreme-nicotine-pouches-20-pouches,,,,,,,,,Raspberry Gum,,,,,,,,EJ0131X0536,0,shopify,210,deny,manual,3.52,4.4,TRUE,TRUE,,,,,,https://cdn.shopify.com/s/files/1/0901/3696/9543/files/267289933.webp?v=1763962418,3,267289933.webp,,,,,,,,,,,,,,,,,,,,,,,,,,,,,,,,,,lb,,2.2,
50mg-iceberg-extreme-nicotine-pouches-20-pouches,,,,,,,,,,,,,,,,,,,,,,,,,,,,,,,,https://cdn.shopify.com/s/files/1/0901/3696/9543/files/267289934.webp?v=1763962418,4,267289934.webp,,,,,,,,,,,,,,,,,,,,,,,,,,,,,,,,,,,,,
16-5mg-ice-nicotine-pouches-20-pouches,16.5mg Ice Nicotine Pouches - 20 Pouches,"<p>Experience the ultimate satisfaction of nicotine and a refreshing coolness with 16.5mg Ice Nicotine Pouches - 20 pouches. These sleek and convenient pouches provide a discreet and hassle-free way to satisfy your cravings. Each pouch contains a precise 16.5mg dose of nicotine for a consistent and fulfilling experience. The standout feature is the invigorating icy flavour, delivering a burst of coolness with every use. Whether on-the-go, at work, or looking for a smoke-free alternative, these pouches seamlessly integrate into your lifestyle, offering a perfect balance of satisfaction and freshness. Order now and elevate your nicotine experience!<br><br><br><br><strong data-mce-fragment=""1"">Specifications:</strong><br data-mce-fragment=""1""></p>
<ul data-mce-fragment=""1"">
<li data-mce-fragment=""1"">Strength: 16.5mg Per Gram</li>
<li data-mce-fragment=""1"">Weight: 30g</li>
<li data-mce-fragment=""1"">Doses: 20 pouches</li>
<li data-mce-fragment=""1"">Tobacco-free, smoke-free and vapour-free</li>
</ul>
<p><br data-mce-fragment=""1""><strong data-mce-fragment=""1"">Direction of Use:</strong><span data-mce-fragment=""1""> Place one pouch under your top or bottom lip. Position the pouch to the side of your lip for comfort. Remove after 30 to 60 minutes.</span><br data-mce-fragment=""1""><br data-mce-fragment=""1""><strong data-mce-fragment=""1"">Flavours:</strong></p>
<ul>
<li>Banana Chilli </li>
<li>Lemon Berry </li>
<li>Freeze </li>
</ul>
<!----><!----><!---->",Ice,Health & Beauty > Health Care > Medicine & Drugs > Smoking Cessation Aids,Smoking Products,"16.5mg, fruity, ice, nicotine_pouches, parse_attributes_0, pouch",TRUE,Flavour,Freeze,,,,,,,,EF0162X0505,31.7514659,shopify,0,deny,manual,2.88,3.6,TRUE,TRUE,,,,,5694230550470,https://cdn.shopify.com/s/files/1/0901/3696/9543/files/267289272.webp?v=1763962399,1,267289272.webp,FALSE,16.5mg Ice Nicotine Pouches - 20 Pouches,"Buy Ice 16.5mg Ice 16.5mg nicotine pouches. Tobacco-free, discreet pouches. Fast UK delivery, 18+ age verified.",Health & Beauty > Health Care > Medicine & Drugs,unisex,adult,EF0162X0505,new,FALSE,,,,,,,,,,,,,,,,,,,,,,,"ice, 16.5mg, 16.5 mg, nicotine pouches, nic pouches, tobacco free",https://cdn.shopify.com/s/files/1/0901/3696/9543/files/267289275.webp?v=1763962405,lb,,1.8,active
16-5mg-ice-nicotine-pouches-20-pouches,,,,,,,,,Banana Chilli,,,,,,,,EF0160X0505,31.7514659,shopify,0,deny,manual,2.88,3.6,TRUE,TRUE,,,,,,https://cdn.shopify.com/s/files/1/0901/3696/9543/files/267289273.webp?v=1763962407,2,267289273.webp,,,,,,,,,,,,,,,,,,,,,,,,,,,,,,,,,https://cdn.shopify.com/s/files/1/0901/3696/9543/files/267289273.webp?v=1763962407,lb,,1.8,
16-5mg-ice-nicotine-pouches-20-pouches,,,,,,,,,Lemon Berry,,,,,,,,EF0161X0505,31.7514659,shopify,0,deny,manual,2.88,3.6,TRUE,TRUE,,,,,5694230435999,https://cdn.shopify.com/s/files/1/0901/3696/9543/files/267289274.webp?v=1763962404,3,267289274.webp,,,,,,,,,,,,,,,,,,,,,,,,,,,,,,,,,https://cdn.shopify.com/s/files/1/0901/3696/9543/files/267289274.webp?v=1763962404,lb,,1.8,
16-5mg-ice-nicotine-pouches-20-pouches,,,,,,,,,,,,,,,,,,,,,,,,,,,,,,,,https://cdn.shopify.com/s/files/1/0901/3696/9543/files/267289275.webp?v=1763962405,4,267289275.webp,,,,,,,,,,,,,,,,,,,,,,,,,,,,,,,,,,,,,
6mg-on-mini-strong-mint-nicotine-pouches-20-pouches,6mg On! Mini Strong Mint Nicotine Pouches - 20 Pouches,"<span data-mce-fragment=""1"">Transform your daily routine with 6mg On! Mini Strong Mint Nicotine Pouches - the ultimate nicotine sensation packed with flavour! With discreet and hassle-free 20 pouches per can, indulge in pure satisfaction on the go. Ideal for both new and experienced nicotine users, these versatile pouches offer convenience and delightful craving fulfilment. Experience the must-have product for any true nicotine enthusiast - try them now! </span><br data-mce-fragment=""1""><br data-mce-fragment=""1""><strong data-mce-fragment=""1"">Specifications:</strong><br data-mce-fragment=""1"">
<ul data-mce-fragment=""1"">
<li data-mce-fragment=""1"">Strength: 6 mg Per Pouch </li>
<li data-mce-fragment=""1"">Strong Strength</li>
<li data-mce-fragment=""1"">Weight: 30g</li>
<li data-mce-fragment=""1"">Doses: 20 pouches</li>
</ul>
<br data-mce-fragment=""1""><strong data-mce-fragment=""1"">Direction of Use:</strong><span data-mce-fragment=""1""> Place one pouch under your top or bottom lip. Position the pouch to the side of your lip for comfort. Remove after 30 to 60 minutes.</span><br data-mce-fragment=""1""><br data-mce-fragment=""1""><strong data-mce-fragment=""1"">Flavour:</strong><br data-mce-fragment=""1"">
<ul data-mce-fragment=""1"">
<li data-mce-fragment=""1"">Mint <br><br data-mce-fragment=""1"">
</li>
</ul>",On!,Health & Beauty > Health Care > Medicine & Drugs > Smoking Cessation Aids,Smoking Products,"6mg, ice, nic_strength=6, nicotine_pouches, parse_attributes_0, pouch",TRUE,Title,Default Title,,,,,,,,EB0182X0473,31.7514659,shopify,0,deny,manual,7.58,9.48,TRUE,TRUE,,,,,0000073188032,https://cdn.shopify.com/s/files/1/0901/3696/9543/files/267289212.webp?v=1763962317,1,267289212.webp,FALSE,6mg On! Mini Strong Mint Nicotine Pouches - 20 Pouches,"Buy On! On! Mini Strong 6mg nicotine pouches. Tobacco-free, discreet pouches. Fast UK delivery, 18+ age verified.",Health & Beauty > Health Care > Medicine & Drugs,unisex,adult,EB0182X0473,new,FALSE,,,,,,6mg,,,,,,,,,,,,,,,,,"on!, 6mg, 6 mg, mint, nicotine pouches, nic pouches, tobacco free",https://cdn.shopify.com/s/files/1/0901/3696/9543/files/267289212.webp?v=1763962317,lb,,4.74,active
15mg-helwit-extra-strong-violet-nicotine-pouches-20-pouches,15mg HELWIT Extra Strong Violet Nicotine Pouches - 20 Pouches,"<p>Elevate your nicotine consumption game with HELWIT Extra Strong 15mg Nicotine Pouches Violet - 20 Pouches! Experience the convenience and discretion of these slim pouches, featuring a unique violet flavor and a balanced 15mg nicotine level. Indulge in a pleasant and contemporary option that allows for quick and efficient nicotine release. Each can contains 20 pouches, making it the perfect choice for on-the-go lifestyles. Try it now and discover a new, modern way to satisfy your nicotine craving.</p>
<ul>
<li>Extra Strong</li>
<li>15mg/g Nicotine </li>
<li>Slim Packaging</li>
<li>Shelf Life 365 days</li>
<li>Made In Sweden</li>
<li>Weight: 10g</li>
</ul>
<p><br><strong>Flavour:</strong> Violet <br><br><strong>Ingredients:</strong> Cellulose fiber (E460i), Humectant (E422), Water, Flavourings, Nicotine Polacrilex, Salt, Erythritol (E968), Acidity regulator (E500), Sweetener (E955)<br><br></p>",HELWIT,Health & Beauty > Health Care > Medicine & Drugs > Smoking Cessation Aids,Smoking Products,"15mg, nic_strength=15, nicotine_pouches, parse_attributes_0, pouch",TRUE,Title,Default Title,,,,,,,,AB0283X0474,9.0718474,shopify,0,deny,manual,3.92,4.9,TRUE,TRUE,,,,,,https://cdn.shopify.com/s/files/1/0901/3696/9543/files/267289356.webp?v=1763962259,1,267289356.webp,FALSE,15mg HELWIT Extra Strong Violet Nicotine Pouches - 20 Pou...,"Buy HELWIT HELWIT Extra Strong 15mg nicotine pouches. Tobacco-free, discreet pouches. Fast UK delivery, 18+ age verified.",Health & Beauty > Health Care > Medicine & Drugs,unisex,adult,AB0283X0474,new,FALSE,,,,,,,,,,,,,,,,,,,,,,,"helwit, 15mg, 15 mg, nicotine pouches, nic pouches, tobacco free",https://cdn.shopify.com/s/files/1/0901/3696/9543/files/267289356.webp?v=1763962259,lb,,2.45,active
20mg-stripe-nicotine-pouches-20-pouches,20mg Stripe Nicotine Pouches - 20 Pouches,"<p data-mce-fragment=""1"">20mg Stripe Nicotine Pouches bring all the satisfaction of smoking with none of the health risks! These deliciously discreet pouches are a hit with people who want to reduce their daily tobacco use, as they contain a moderate 20mg of nicotine that provides a smooth, satisfying buzz. Plus, a tantalising variety of flavours make it easy to find your perfect pouch! Each pack contains 20 pouches, so you can enjoy your smoke-free, nicotine-filled experience - discreetly.<strong data-mce-fragment=""1""><br data-mce-fragment=""1""><br data-mce-fragment=""1"">Specifications<br data-mce-fragment=""1""></strong></p>
<ul data-mce-fragment=""1"">
<li data-mce-fragment=""1"">20 portions per pouch </li>
<li data-mce-fragment=""1"">strength - 20mg  </li>
<li data-mce-fragment=""1"">weight - 10g </li>
</ul>
<strong data-mce-fragment=""1""><br data-mce-fragment=""1"">Flavour </strong><span data-mce-fragment=""1""></span>
<ul data-mce-fragment=""1"">
<li data-mce-fragment=""1"">Blizzard - Mint </li>
<li data-mce-fragment=""1"">Summer Vibe - Ice Cream, Melon &amp; Strawberry</li>
<li data-mce-fragment=""1"">Frosty Vine - Grape &amp; Ice </li>
<li data-mce-fragment=""1"">Citrus Cloud - Orange &amp; Vanilla Ice Cream </li>
<li data-mce-fragment=""1"">Sugar Pine - Spicy &amp; Sweet with Wild herbs</li>
</ul>",Stripe,Health & Beauty > Health Care > Medicine & Drugs > Smoking Cessation Aids,Smoking Products,"0mg, candy/sweets, fruity, ice, nic_salt, nic_strength=20, nicotine_pouches, parse_attributes_0, pouch, spices_&_herbs, tobacco",TRUE,Flavour,Sugar Pine,,,,,,,,BF0596Z0134,99.7903214,shopify,0,deny,manual,4.27,5.34,TRUE,TRUE,,,,,5907761403468,https://cdn.shopify.com/s/files/1/0901/3696/9543/files/267288959.webp?v=1763962169,1,267288959.webp,FALSE,20mg Stripe Nicotine Pouches - 20 Pouches,"Buy Stripe Stripe 20mg nicotine pouches. Tobacco-free, discreet pouches. Fast UK delivery, 18+ age verified.",Health & Beauty > Health Care > Medicine & Drugs,unisex,adult,BF0596Z0134,new,FALSE,,,,,,20mg,,,,,,,,,,,,,,,,,"stripe, 20mg, 20 mg, nicotine pouches, nic pouches, tobacco free",https://cdn.shopify.com/s/files/1/0901/3696/9543/files/267288964.webp?v=1763962173,lb,,2.67,active
20mg-stripe-nicotine-pouches-20-pouches,,,,,,,,,Summer Vibe,,,,,,,,BF0593Z0134,99.7903214,shopify,0,deny,manual,4.27,5.34,TRUE,TRUE,,,,,5907761403413,https://cdn.shopify.com/s/files/1/0901/3696/9543/files/267288960.webp?v=1763962175,2,267288960.webp,,,,,,,,,,,,,,,,,,,,,,,,,,,,,,,,,https://cdn.shopify.com/s/files/1/0901/3696/9543/files/267288961.webp?v=1763962176,lb,,2.67,
20mg-stripe-nicotine-pouches-20-pouches,,,,,,,,,Blizzard,,,,,,,,BF0592Z0134,99.7903214,shopify,0,deny,manual,4.27,5.34,TRUE,TRUE,,,,,5907761403420,https://cdn.shopify.com/s/files/1/0901/3696/9543/files/267288961.webp?v=1763962176,3,267288961.webp,,,,,,,,,,,,,,,,,,,,,,,,,,,,,,,,,https://cdn.shopify.com/s/files/1/0901/3696/9543/files/267288960.webp?v=1763962175,lb,,2.67,
20mg-stripe-nicotine-pouches-20-pouches,,,,,,,,,Frosty Vine,,,,,,,,BF0594Z0134,99.7903214,shopify,0,deny,manual,4.27,5.34,TRUE,TRUE,,,,,5907761403437,https://cdn.shopify.com/s/files/1/0901/3696/9543/files/267288962.webp?v=1763962177,4,267288962.webp,,,,,,,,,,,,,,,,,,,,,,,,,,,,,,,,,https://cdn.shopify.com/s/files/1/0901/3696/9543/files/267288962.webp?v=1763962177,lb,,2.67,
20mg-stripe-nicotine-pouches-20-pouches,,,,,,,,,Citrus Cloud,,,,,,,,BF0595Z0134,99.7903214,shopify,0,deny,manual,4.27,5.34,TRUE,TRUE,,,,,5907761403444,https://cdn.shopify.com/s/files/1/0901/3696/9543/files/267288963.webp?v=1763962179,5,267288963.webp,,,,,,,,,,,,,,,,,,,,,,,,,,,,,,,,,https://cdn.shopify.com/s/files/1/0901/3696/9543/files/267288963.webp?v=1763962179,lb,,2.67,
20mg-stripe-nicotine-pouches-20-pouches,,,,,,,,,,,,,,,,,,,,,,,,,,,,,,,,https://cdn.shopify.com/s/files/1/0901/3696/9543/files/267288964.webp?v=1763962173,6,267288964.webp,,,,,,,,,,,,,,,,,,,,,,,,,,,,,,,,,,,,,
11mg-nordic-spirit-extra-strong-nicotine-pouches-20-pouches,11mg Nordic Spirit Extra Strong Nicotine Pouches - 20 Pouches,"<p><meta charset=""UTF-8""><span><meta charset=""UTF-8"">The 11mg Nordic Spirit X-Strong Nicotine Pouches – 20 Pouches deliver a powerful and discreet nicotine experience without tobacco, smoke, or vapour. Each pouch contains 11mg of nicotine, making them ideal for experienced users seeking a more intense and satisfying effect. The pouches are crafted from soft, plant-based fibres for a comfortable fit under the lip and provide a consistent release of nicotine and clean, refreshing flavour profiles, including crisp mint, icy menthol, or sweet mint options. Their leak-resistant and slim design ensures easy, mess-free use anywhere. </span><br></p>
<p><strong>Specifications:</strong></p>
<ul>
<li><span>20 slim pouches per can</span></li>
<li><span>Nicotine Strengths: 11mg X-Strong</span></li>
<li><span>Tobacco-free and discreet</span></li>
</ul>
<p><strong>Flavours:</strong></p>
<ul>
<li>
<span>Forest Berries</span><br><span></span>
</li>
<li>
<span>Frosty Berry</span><br><span></span>
</li>
<li>
<span>Frosty Mint</span><br><span></span>
</li>
<li>
<span>Mint</span><br><span></span>
</li>
<li>
<span>Raspberry</span><br><span></span>
</li>
<li>
<span>Spearmint</span><br><span></span>
</li>
<li>
<span>Sweet Mint</span><br><span></span>
</li>
<li>
<span>Tropical Mix</span><br><span></span>
</li>
<li><span>Watermelon</span></li>
</ul>",Nordic Spirit,Health & Beauty > Health Care > Medicine & Drugs > Smoking Cessation Aids,Smoking Products,"11mg, fruity, ice, nic_strength=11, nicotine_pouches, parse_attributes_0, pouch",TRUE,Flavour,Spearmint,,,,,,,,11mgNordicSpiritXStrongSpearmint,31.7514659,shopify,0,deny,manual,4.34,5.42,TRUE,TRUE,,,,,,https://cdn.shopify.com/s/files/1/0901/3696/9543/files/267290071.webp?v=1763962156,1,267290071.webp,FALSE,11mg Nordic Spirit Extra Strong Nicotine Pouches - 20 Pou...,"Buy Nordic Spirit Nordic Spirit Extra 11mg nicotine pouches. Tobacco-free, discreet pouches. Fast UK delivery, 18+ age verified.",Health & Beauty > Health Care > Medicine & Drugs,unisex,adult,11mgNordicSpiritXStrongSpearmint,new,FALSE,,,,,,,TRUE,,,,,,,,,,,,,,,,"nordic spirit, 11mg, 11 mg, nicotine pouches, nic pouches, tobacco free",,lb,,2.71,active
11mg-nordic-spirit-extra-strong-nicotine-pouches-20-pouches,,,,,,,,,Mint,,,,,,,,11mgNordicSpiritXStrongMint,31.7514659,shopify,85,deny,manual,4.34,5.42,TRUE,TRUE,,,,,,https://cdn.shopify.com/s/files/1/0901/3696/9543/files/267290073.webp?v=1763962156,2,267290073.webp,,,,,,,,,,,,,,,,,,,,,,,,,,,,,,,,,,lb,,2.71,
11mg-nordic-spirit-extra-strong-nicotine-pouches-20-pouches,,,,,,,,,Sweet Mint,,,,,,,,11mgNordicSpiritXStrongSweetMint,31.7514659,shopify,30,deny,manual,4.34,5.42,TRUE,TRUE,,,,,,https://cdn.shopify.com/s/files/1/0901/3696/9543/files/267290074.webp?v=1763962156,3,267290074.webp,,,,,,,,,,,,,,,,,,,,,,,,,,,,,,,,,,lb,,2.71,
11mg-nordic-spirit-extra-strong-nicotine-pouches-20-pouches,,,,,,,,,Frosty Mint,,,,,,,,11mgNordicSpiritXStrongFrostyMint,31.7514659,shopify,29,deny,manual,4.34,5.42,TRUE,TRUE,,,,,,https://cdn.shopify.com/s/files/1/0901/3696/9543/files/267290076.webp?v=1763962156,4,267290076.webp,,,,,,,,,,,,,,,,,,,,,,,,,,,,,,,,,,lb,,2.71,
11mg-nordic-spirit-extra-strong-nicotine-pouches-20-pouches,,,,,,,,,Frosty Berry,,,,,,,,11mgNordicSpiritXStrongFrostyBerry,31.7514659,shopify,73,deny,manual,4.34,5.42,TRUE,TRUE,,,,,,https://cdn.shopify.com/s/files/1/0901/3696/9543/files/267290078.webp?v=1763962157,5,267290078.webp,,,,,,,,,,,,,,,,,,,,,,,,,,,,,,,,,,lb,,2.71,
11mg-nordic-spirit-extra-strong-nicotine-pouches-20-pouches,,,,,,,,,,,,,,,,,,,,,,,,,,,,,,,,https://cdn.shopify.com/s/files/1/0901/3696/9543/files/267290080.webp?v=1763962157,6,267290080.webp,,,,,,,,,,,,,,,,,,,,,,,,,,,,,,,,,,,,,
short-dated-15mg-kelly-white-slim-medium-cool-mint-nicotine-pouches-20-pouches,Short Dated :: 15mg Kelly White Slim Medium Cool Mint Nicotine Pouches - 20 Pouches,"<p><b>Please Note: The Best Before date of this product is 19/04/25</b></p>
<p>Elevate your nicotine experience with the 15mg Kelly White Slim Medium Cool Mint Nicotine Pouches, conveniently packaged in a set of 20. These pouches are designed for those who appreciate a refreshing and invigorating flavor, featuring a cool menthol and peppermint blend that delivers a crisp, revitalizing sensation. Each slim pouch contains a robust nicotine strength of 15mg, providing a satisfying kick that caters to both new users and seasoned enthusiasts. Crafted with a tobacco-free formula, these all-white pouches ensure a clean and discreet experience, perfect for use anytime and anywhere. <br></p>
<p><strong>Specifications:</strong></p>
<p>Strength: 8mg Per Pouch / 15mg Per Gram <br>Doses: 20 pouches<br>Mini Pouch Design <br>Recyclable Packaging<br>Tobacco-free, smoke-free and vapour-free<br>Free From Harsh Chemicals<br>Long Lasting Flavour<br><strong><br>Flavour: </strong></p>
<ul>
<li>Cool Mint </li>
</ul>",Kelly White,Health & Beauty > Health Care > Medicine & Drugs > Smoking Cessation Aids,Smoking Products,"15mg, ice, nic_strength=15, nicotine_pouches, parse_attributes_0, pouch, tobacco",TRUE,Title,Default Title,,,,,,,,EI0011Z0141,31.7514659,shopify,209,deny,manual,2.48,3.1,TRUE,TRUE,,,,,7350139080019,https://cdn.shopify.com/s/files/1/0901/3696/9543/files/267290082.webp?v=1763962145,1,267290082.webp,FALSE,Short Dated :: 15mg Kelly White Slim Medium Cool Mint Nic...,"Buy Kelly White Short Dated :: 15mg nicotine pouches. Tobacco-free, discreet pouches. Fast UK delivery, 18+ age verified.",Health & Beauty > Health Care > Medicine & Drugs,unisex,adult,EI0011Z0141,new,FALSE,,,,,,,,,,,,,,,,,,,,,,,"kelly white, 15mg, 15 mg, mint, cool, nicotine pouches, nic pouches, tobacco free",https://cdn.shopify.com/s/files/1/0901/3696/9543/files/267290082.webp?v=1763962145,lb,,1.55,active
25mg-nois-slim-nicotine-pouches-22-pouches,25mg NOIS Slim Nicotine Pouches - 22 Pouches,"<p data-end=""524"" data-start=""0"">NOIS 25mg Slim Nicotine Pouches - 22 Pouches offer a convenient and satisfying option for those seeking a smoke-free and tobacco-free alternative. With a discreet and portable design, they fit neatly under the lip, providing a smooth and long-lasting release of nicotine without the need for vaping or smoking. Each pouch is expertly crafted for a balanced and refreshing experience, making it a top choice for both new and experienced users. Plus, there are no lingering odors to worry about.</p>
<p data-end=""524"" data-start=""0""><strong>Specifications:</strong></p>
<ul>
<li data-end=""524"" data-start=""0"">Nicotine Strength: 25mg/g Strength</li>
<li data-end=""524"" data-start=""0"">Tobacco-Free</li>
<li data-end=""524"" data-start=""0"">Smoke-Free</li>
<li data-end=""524"" data-start=""0"">Format: Slim</li>
<li>22 Pouches Per Pack</li>
</ul>
<p><strong>Flavours:</strong></p>
<ul>
<li>Grape Ice</li>
<li>Cherry Ice</li>
</ul>
<p><strong>Direction of Use:</strong> Place one pouch under your top or bottom lip. Position the pouch to the side of your lip for comfort. Remove after 30 to 60 minutes.</p>",NOIS,Health & Beauty > Health Care > Medicine & Drugs > Smoking Cessation Aids,Smoking Products,"0mg, fruity, ice, nic_salt, nic_strength=25, nicotine_pouches, parse_attributes_0, pouch",TRUE,Flavour,Cherry Ice,,,,,,,,AH0062Z0155,31.7514659,shopify,202,deny,manual,3.12,3.9,TRUE,TRUE,,,,,,https://cdn.shopify.com/s/files/1/0901/3696/9543/files/267289847.webp?v=1763962027,1,267289847.webp,FALSE,25mg NOIS Slim Nicotine Pouches - 22 Pouches,"Buy NOIS NOIS 22 25mg nicotine pouches. Tobacco-free, discreet pouches. Fast UK delivery, 18+ age verified.",Health & Beauty > Health Care > Medicine & Drugs,unisex,adult,AH0062Z0155,new,FALSE,,,,,,25mg,,,,,,,,,,,,,,,,,"nois, 25mg, 25 mg, nicotine pouches, nic pouches, tobacco free",https://cdn.shopify.com/s/files/1/0901/3696/9543/files/267289848.webp?v=1763962030,lb,,1.95,active
25mg-nois-slim-nicotine-pouches-22-pouches,,,,,,,,,Grape Ice,,,,,,,,AH0061Z0155,31.7514659,shopify,197,deny,manual,3.12,3.9,TRUE,TRUE,,,,,,https://cdn.shopify.com/s/files/1/0901/3696/9543/files/267289848.webp?v=1763962030,2,267289848.webp,,,,,,,,,,,,,,,,,,,,,,,,,,,,,,,,,https://cdn.shopify.com/s/files/1/0901/3696/9543/files/267289849.webp?v=1763962032,lb,,1.95,
25mg-nois-slim-nicotine-pouches-22-pouches,,,,,,,,,,,,,,,,,,,,,,,,,,,,,,,,https://cdn.shopify.com/s/files/1/0901/3696/9543/files/267289849.webp?v=1763962032,3,267289849.webp,,,,,,,,,,,,,,,,,,,,,,,,,,,,,,,,,,,,,
9mg-poke-mint-nicotine-pouches-20-pouches,9mg Poke Mint Nicotine Pouches - 20 Pouches,"Introducing Poke Mint Nicotine Pouches, a refreshing and convenient way to enjoy nicotine without the need for smoke or vapour. Each package contains 20 pouches, providing a satisfying experience with a minty twist. Perfect for on-the-go use, these pouches offer a discreet and smoke-free option for nicotine consumption. The 9mg strength strikes a balance between flavour and nicotine delivery, catering to both seasoned users and those looking to moderate their intake. With Poke Mint Nicotine Pouches, you can indulge in a burst of minty freshness anytime, anywhere.<br data-mce-fragment=""1""><br data-mce-fragment=""1""><strong data-mce-fragment=""1"">Specifications:</strong><br data-mce-fragment=""1"">
<ul data-mce-fragment=""1"">
<li data-mce-fragment=""1"">Strength: 9mg Per Pouch</li>
<li data-mce-fragment=""1"">Doses: 20 pouches</li>
<li data-mce-fragment=""1"">Tobacco-free, smoke-free and vapour-free</li>
<li data-mce-fragment=""1"">Mint Flavouring</li>
</ul>
<br data-mce-fragment=""1""><strong data-mce-fragment=""1"">Direction of Use:</strong> Place one pouch under your top or bottom lip. Position the pouch to the side of your lip for comfort. Remove after 30 to 60 minutes.",Poke,Health & Beauty > Health Care > Medicine & Drugs > Smoking Cessation Aids,Smoking Products,"9mg, ice, nic_strength=9, nicotine_pouches, parse_attributes_0, pouch, tobacco",TRUE,Title,Default Title,,,,,,,,EE0030X0496,31.7514659,shopify,0,deny,manual,3.2,4,TRUE,TRUE,,,,,5744000041148,https://cdn.shopify.com/s/files/1/0901/3696/9543/files/267289134.webp?v=1763961863,1,267289134.webp,FALSE,9mg Poke Mint Nicotine Pouches - 20 Pouches,"Buy Poke Poke Mint 9mg nicotine pouches. Tobacco-free, discreet pouches. Fast UK delivery, 18+ age verified.",Health & Beauty > Health Care > Medicine & Drugs,unisex,adult,EE0030X0496,new,FALSE,,,,,,,,,,,,,,,,,,,,,,,"poke, 9mg, 9 mg, mint, nicotine pouches, nic pouches, tobacco free",https://cdn.shopify.com/s/files/1/0901/3696/9543/files/267289134.webp?v=1763961863,lb,,2,active
6mg-egp-nicotine-pouches-20-pouches,6mg EGP Nicotine Pouches - 20 Pouches,"<p>The EPG 6mg Nicotine Pouches offer a discreet and satisfying way to enjoy nicotine without the harmful effects of smoking. These tobacco-free pouches are designed to be placed between the lip and gum, allowing for a smooth and lasting release of nicotine through the oral mucosa. Crafted with premium materials and free from tobacco, tar, and carbon monoxide.</p>
<p><strong>Specifications:</strong></p>
<ul>
<li>Strength: 6mg Per Pouch / 12mg Per Gram <br>
</li>
<li>Doses: 20 pouches<br>
</li>
<li>Recyclable Packaging<br>
</li>
<li>Tobacco-free, smoke-free and vapour-free<br>
</li>
<li>Multiple Flavours to Choose From <br>
</li>
<li>Free From Harsh Chemicals <br>
</li>
<li>Long Lasting Flavour<br>
</li>
</ul>
<p><strong>Flavours:</strong></p>
<ul>
<li>Coffee <br>
</li>
<li>spearmint <br>
</li>
<li>Mango <br>
</li>
<li>Refreshing Grape <br>
</li>
<li>Ice Watermelon </li>
</ul>",EGP,Health & Beauty > Health Care > Medicine & Drugs > Smoking Cessation Aids,Smoking Products,"6mg, beverages, fruity, ice, nic_salt, nic_strength=6, nicotine_pouches, parse_attributes_0, pouch",TRUE,Flavour,Mango,,,,,,,,ED0319X0516,31.7514659,shopify,0,deny,manual,2.4,3,TRUE,TRUE,,,,,,https://cdn.shopify.com/s/files/1/0901/3696/9543/files/267289670.webp?v=1763961833,1,267289670.webp,FALSE,6mg EGP Nicotine Pouches - 20 Pouches,"Buy EGP EGP 6mg nicotine pouches. Tobacco-free, discreet pouches. Fast UK delivery, 18+ age verified.",Health & Beauty > Health Care > Medicine & Drugs,unisex,adult,ED0319X0516,new,FALSE,,,,,,6mg,,,,,,,,,,,,,,,,,"egp, 6mg, 6 mg, nicotine pouches, nic pouches, tobacco free",https://cdn.shopify.com/s/files/1/0901/3696/9543/files/267289673.webp?v=1763961842,lb,,1.5,active
6mg-egp-nicotine-pouches-20-pouches,,,,,,,,,Coffee,,,,,,,,ED0317X0516,31.7514659,shopify,0,deny,manual,2.4,3,TRUE,TRUE,,,,,,https://cdn.shopify.com/s/files/1/0901/3696/9543/files/267289671.webp?v=1763961840,2,267289671.webp,,,,,,,,,,,,,,,,,,,,,,,,,,,,,,,,,https://cdn.shopify.com/s/files/1/0901/3696/9543/files/267289671.webp?v=1763961840,lb,,1.5,
6mg-egp-nicotine-pouches-20-pouches,,,,,,,,,Ice Watermelon,,,,,,,,ED0318X0516,31.7514659,shopify,0,deny,manual,2.4,3,TRUE,TRUE,,,,,,https://cdn.shopify.com/s/files/1/0901/3696/9543/files/267289672.webp?v=1763961842,3,267289672.webp,,,,,,,,,,,,,,,,,,,,,,,,,,,,,,,,,https://cdn.shopify.com/s/files/1/0901/3696/9543/files/267289676.webp?v=1763961844,lb,,1.5,
6mg-egp-nicotine-pouches-20-pouches,,,,,,,,,Refreshing Grape,,,,,,,,ED0320X0516,31.7514659,shopify,0,deny,manual,2.4,3,TRUE,TRUE,,,,,,https://cdn.shopify.com/s/files/1/0901/3696/9543/files/267289673.webp?v=1763961842,4,267289673.webp,,,,,,,,,,,,,,,,,,,,,,,,,,,,,,,,,https://cdn.shopify.com/s/files/1/0901/3696/9543/files/267289674.webp?v=1763961838,lb,,1.5,
6mg-egp-nicotine-pouches-20-pouches,,,,,,,,,spearmint,,,,,,,,ED0321X0516,31.7514659,shopify,0,deny,manual,2.4,3,TRUE,TRUE,,,,,,https://cdn.shopify.com/s/files/1/0901/3696/9543/files/267289674.webp?v=1763961838,5,267289674.webp,,,,,,,,,,,,,,,,,,,,,,,,,,,,,,,,,https://cdn.shopify.com/s/files/1/0901/3696/9543/files/267289672.webp?v=1763961842,lb,,1.5,
6mg-egp-nicotine-pouches-20-pouches,,,,,,,,,,,,,,,,,,,,,,,,,,,,,,,,https://cdn.shopify.com/s/files/1/0901/3696/9543/files/267289675.webp?v=1763961835,6,267289675.webp,,,,,,,,,,,,,,,,,,,,,,,,,,,,,,,,,,,,,
6mg-egp-nicotine-pouches-20-pouches,,,,,,,,,,,,,,,,,,,,,,,,,,,,,,,,https://cdn.shopify.com/s/files/1/0901/3696/9543/files/267289676.webp?v=1763961844,7,267289676.webp,,,,,,,,,,,,,,,,,,,,,,,,,,,,,,,,,,,,,
4nx-12mg-arctic-mint-slim-nicotine-pouches-20-pouches,4NX 12mg Arctic Mint Slim Nicotine Pouches 20 Pouches,"<p data-mce-fragment=""1"">You can totally 4NX’s icy mint mix of cool menthol infused with Eucalyptus for something refreshing whenever and where ever you want.</p>
<p data-mce-fragment=""1"">- 20<span data-mce-fragment=""1""> </span>Pouches</p>
<p data-mce-fragment=""1"">- 12mg Nicotine</p>
<p data-mce-fragment=""1"">- Arctic Mint Flavour</p>
<p><span data-mce-fragment=""1"">Each of the 4NX nicotine pouches are smoke free, odour free, spit free and can be used on the go at anytime. As a way to settle your nicotine cravings, they are totally discreet and extremely convenient to use.</span><br data-mce-fragment=""1""><br data-mce-fragment=""1""><span data-mce-fragment=""1"">Simple to use, you place it inside your mouth in between your gum and lip for up to an hour. After that, you'll feel a tingling sensation for 5-10 minutes as the nicotine is absorbed.</span><br data-mce-fragment=""1""><br data-mce-fragment=""1""><span data-mce-fragment=""1"">The 4NX pouches all come in a very handy carry case. They are all-white and 100% Tobacco free.</span><br data-mce-fragment=""1""><br data-mce-fragment=""1""><strong data-mce-fragment=""1"">Specifications:</strong><br data-mce-fragment=""1""><span data-mce-fragment=""1"">Strength: 12mg/g</span><br data-mce-fragment=""1""><span data-mce-fragment=""1"">Nicotine level: Extra Strong</span><br data-mce-fragment=""1""><span data-mce-fragment=""1"">Doses: 20 pouches</span></p>",4NX,Health & Beauty > Health Care > Medicine & Drugs > Smoking Cessation Aids,Smoking Products,"12mg, ice, nic_strength=12, nicotine_pouches, parse_attributes_0, pouch, tobacco",TRUE,Title,Default Title,,,,,,,,BB0021X0475,49.8951607,shopify,0,deny,manual,3.52,4.4,TRUE,TRUE,,,,,5060882813872,https://cdn.shopify.com/s/files/1/0901/3696/9543/files/267288884.webp?v=1763961816,1,267288884.webp,FALSE,4NX 12mg Arctic Mint Slim Nicotine Pouches 20 Pouches,"Buy 4NX 4NX Arctic Mint 12mg nicotine pouches. Tobacco-free, discreet pouches. Fast UK delivery, 18+ age verified.",Health & Beauty > Health Care > Medicine & Drugs,unisex,adult,BB0021X0475,new,FALSE,,,,,,,,,,,,,,,,,,,,,,,"4nx, 12mg, 12 mg, mint, nicotine pouches, nic pouches, tobacco free",https://cdn.shopify.com/s/files/1/0901/3696/9543/files/267288884.webp?v=1763961816,lb,,2.2,active
12mg-poke-mint-nicotine-pouches-20-pouches,12mg Poke Mint Nicotine Pouches - 20 Pouches,"Poke Mint Nicotine Pouches are a convenient and smoke-free way to consume nicotine. Each pack contains 20 pouches and delivers a pleasant mint sensation. These pouches are perfect for on-the-go use and provide a discreet option for nicotine consumption. With a balanced strength of 9mg, they are suitable for both experienced and moderate users, offering a refreshing mint experience anytime, anywhere.<br data-mce-fragment=""1""><strong data-mce-fragment=""1"">Specifications:</strong><br data-mce-fragment=""1"">
<ul data-mce-fragment=""1"">
<li data-mce-fragment=""1"">Strength: 12mg Per Pouch</li>
<li data-mce-fragment=""1"">Doses: 20 pouches</li>
<li data-mce-fragment=""1"">Tobacco-free, smoke-free and vapour-free</li>
<li data-mce-fragment=""1"">Mint Flavouring</li>
</ul>
<br data-mce-fragment=""1""><strong data-mce-fragment=""1"">Direction of Use:</strong> Place one pouch under your top or bottom lip. Position the pouch to the side of your lip for comfort. Remove after 30 to 60 minutes.",Poke,Health & Beauty > Health Care > Medicine & Drugs > Smoking Cessation Aids,Smoking Products,"12mg, ice, nic_strength=12, nicotine_pouches, parse_attributes_0, pouch, tobacco",TRUE,Title,Default Title,,,,,,,,EE0031X0496,31.7514659,shopify,0,deny,manual,3.2,4,TRUE,TRUE,,,,,5744000041155,https://cdn.shopify.com/s/files/1/0901/3696/9543/files/267288882.webp?v=1763961740,1,267288882.webp,FALSE,12mg Poke Mint Nicotine Pouches - 20 Pouches,"Buy Poke Poke Mint 12mg nicotine pouches. Tobacco-free, discreet pouches. Fast UK delivery, 18+ age verified.",Health & Beauty > Health Care > Medicine & Drugs,unisex,adult,EE0031X0496,new,FALSE,,,,,,,,,,,,,,,,,,,,,,,"poke, 12mg, 12 mg, mint, nicotine pouches, nic pouches, tobacco free",https://cdn.shopify.com/s/files/1/0901/3696/9543/files/267288882.webp?v=1763961740,lb,,2,active
4mg-ubbs-peach-passion-mild-strength-nicotine-pouches-20-pouches,4mg Übbs Peach Passion Mild Strength Nicotine Pouches - 20 Pouches,"<p data-mce-fragment=""1"">The Übbs Nicotine Pouches in 4mg strength offer a convenient and discreet way to enjoy nicotine without tobacco. <meta charset=""UTF-8""><span>Each pouch delivers a refreshing burst of tropical peach and passion fruit, creating a vibrant and invigorating taste that’s perfect for any time of the day. Designed for those who appreciate a milder nicotine experience, these pouches contain 4mg of nicotine, making them an ideal choice for beginners or those looking to enjoy a lighter sensation without compromising on flavor.</span><br data-mce-fragment=""1""><br data-mce-fragment=""1""><strong data-mce-fragment=""1"">Specifications:</strong><br data-mce-fragment=""1""></p>
<ul data-mce-fragment=""1"">
<li data-mce-fragment=""1"">Strength: 4 mg/g</li>
<li data-mce-fragment=""1"">Mild Strength </li>
<li data-mce-fragment=""1"">Weight: 30g</li>
<li data-mce-fragment=""1"">Doses: 20 pouches</li>
</ul>
<p data-mce-fragment=""1""><strong data-mce-fragment=""1"">Direction of Use:</strong><span data-mce-fragment=""1""> </span>Place one pouch under your top or bottom lip. Position the pouch to the side of your lip for comfort. Remove after 30 to 60 minutes. <br data-mce-fragment=""1""><br data-mce-fragment=""1""><strong data-mce-fragment=""1"">Flavour: <br data-mce-fragment=""1""></strong></p>
<ul data-mce-fragment=""1"">
<li data-mce-fragment=""1"">Peach Passion<br>
</li>
</ul>",Übbs,Health & Beauty > Health Care > Medicine & Drugs > Smoking Cessation Aids,Smoking Products,"4mg, fruity, nic_strength=4, nicotine_pouches, parse_attributes_0, pouch, tobacco",TRUE,Title,Default Title,,,,,,,,AQ0378X0467,31.7514659,shopify,109,deny,manual,4,5,TRUE,TRUE,,,,,,https://cdn.shopify.com/s/files/1/0901/3696/9543/files/267289784.webp?v=1763961625,1,267289784.webp,FALSE,4mg Übbs Peach Passion Mild Strength Nicotine Pouches - 2...,"Buy Übbs Übbs Peach Passion 4mg nicotine pouches. Tobacco-free, discreet pouches. Fast UK delivery, 18+ age verified.",Health & Beauty > Health Care > Medicine & Drugs,unisex,adult,AQ0378X0467,new,FALSE,,,,,,4mg,,,,,,,,,,,,,,,,,"übbs, 4mg, 4 mg, nicotine pouches, nic pouches, tobacco free",https://cdn.shopify.com/s/files/1/0901/3696/9543/files/267289784.webp?v=1763961625,lb,,2.5,active
free-muse-nic-pouches-promotional-a5-poster-for-your-business-2-per-customer,FREE Muse Nic Pouches Promotional A5 Poster - For Your Business! 2 Per Customer,,Muse,Health & Beauty > Health Care > Medicine & Drugs > Smoking Cessation Aids,,"0mg, nicotine_pouches, parse_attributes_0, pouch",TRUE,Title,Default Title,,,,,,,,NOSKU4,9.0718474,shopify,0,deny,manual,2,,TRUE,TRUE,,,,,,,,,FALSE,FREE Muse Nic Pouches Promotional A5 Poster - For Your Bu...,"Buy Muse nicotine pouches. Premium tobacco-free pouches. Fast UK delivery, 18+ age verified.",Health & Beauty > Health Care > Medicine & Drugs,unisex,adult,NOSKU4,new,FALSE,,,,,,,,,,,,,,,,,,,,,,,"muse, nicotine pouches, nic pouches, tobacco free",,lb,,0,unlisted
9mg-mi3-by-airscream-nicotine-pouches-20-pouches,9mg MI3 By AIRSCREAM Nicotine Pouches - 20 Pouches,"<p><!----></p>
<p>Introducing MI3 Nicotine Pouches - the discreet and effortless solution to satisfying your nicotine cravings. Each tin includes 20 pouches infused with 9mg of premium nicotine for a truly satisfying experience. With their slim and compact design, these pouches are expertly crafted to comfortably fit under your lip, providing nicotine without the need for combustion or vapour. Ideal for moments when traditional smoking or vaping is not possible, MI3 Nicotine Pouches offer a clean and subtle alternative. Made with top-quality ingredients and available in a variety of refreshing flavours, these pouches ensure a consistent and enjoyable nicotine delivery system. Whether you're at work, hanging out with friends, or seeking a smoke-free option, MI3 Nicotine Pouches are the perfect companion for your busy, on-the-go lifestyle. <br></p>
<p><strong>Specifications:</strong><br></p>
<ul>
<li>Strength: 9mg Per Pouch <br>
</li>
<li>Doses: 20 pouches<br>
</li>
<li>Tobacco-free, smoke-free and vapour-free<br>
</li>
</ul>
<p><strong>Direction of Use: </strong>Place one pouch under your top or bottom lip. Position the pouch to the side of your lip for comfort. Remove after 30 to 60 minutes.</p>
<p><strong>Flavours: </strong><br></p>
<ul>
<li>Ice Lemon </li>
<li>Mint </li>
<li>Apple Mint </li>
<li>Mix Fruits </li>
</ul>
<!---->",MI3,Health & Beauty > Health Care > Medicine & Drugs > Smoking Cessation Aids,Smoking Products,"9mg, fruity, ice, nic_strength=9, nicotine_pouches, parse_attributes_0, pouch, traditional_nicotine",TRUE,Flavour,Mint,,,,,,,,EF0191X0370,31.7514659,shopify,19,deny,manual,5.28,6.6,TRUE,TRUE,,,,,,https://cdn.shopify.com/s/files/1/0901/3696/9543/files/267289038.webp?v=1763961488,1,267289038.webp,FALSE,9mg MI3 By AIRSCREAM Nicotine Pouches - 20 Pouches,"Buy MI3 MI3 By AIRSCREAM 9mg nicotine pouches. Tobacco-free, discreet pouches. Fast UK delivery, 18+ age verified.",Health & Beauty > Health Care > Medicine & Drugs,unisex,adult,EF0191X0370,new,FALSE,,,,,,,,,,,,,,,,,,,,,,,"mi3, 9mg, 9 mg, nicotine pouches, nic pouches, tobacco free",https://cdn.shopify.com/s/files/1/0901/3696/9543/files/267289040.webp?v=1763961496,lb,,3.3,active
9mg-mi3-by-airscream-nicotine-pouches-20-pouches,,,,,,,,,Apple Mint,,,,,,,,EF0192X0370,31.7514659,shopify,17,deny,manual,5.28,6.6,TRUE,TRUE,,,,,,https://cdn.shopify.com/s/files/1/0901/3696/9543/files/267289039.webp?v=1763961497,2,267289039.webp,,,,,,,,,,,,,,,,,,,,,,,,,,,,,,,,,https://cdn.shopify.com/s/files/1/0901/3696/9543/files/267289041.webp?v=1763961492,lb,,3.3,
9mg-mi3-by-airscream-nicotine-pouches-20-pouches,,,,,,,,,Mix Fruits,,,,,,,,EF0193X0370,31.7514659,shopify,0,deny,manual,5.28,6.6,TRUE,TRUE,,,,,,https://cdn.shopify.com/s/files/1/0901/3696/9543/files/267289040.webp?v=1763961496,3,267289040.webp,,,,,,,,,,,,,,,,,,,,,,,,,,,,,,,,,https://cdn.shopify.com/s/files/1/0901/3696/9543/files/267289042.webp?v=1763961494,lb,,3.3,
9mg-mi3-by-airscream-nicotine-pouches-20-pouches,,,,,,,,,Ice Lemon,,,,,,,,EF0190X0370,31.7514659,shopify,13,deny,manual,5.28,6.6,TRUE,TRUE,,,,,,https://cdn.shopify.com/s/files/1/0901/3696/9543/files/267289041.webp?v=1763961492,4,267289041.webp,,,,,,,,,,,,,,,,,,,,,,,,,,,,,,,,,https://cdn.shopify.com/s/files/1/0901/3696/9543/files/267289039.webp?v=1763961497,lb,,3.3,
9mg-mi3-by-airscream-nicotine-pouches-20-pouches,,,,,,,,,,,,,,,,,,,,,,,,,,,,,,,,https://cdn.shopify.com/s/files/1/0901/3696/9543/files/267289042.webp?v=1763961494,5,267289042.webp,,,,,,,,,,,,,,,,,,,,,,,,,,,,,,,,,,,,,
6mg-ubbs-berry-regular-strength-nicotine-pouches-20-pouches,6mg Übbs Berry Regular Strength Nicotine Pouches - 20 Pouches,"<p data-mce-fragment=""1"">The Übbs Nicotine Pouches in 6mg strength offer a convenient and discreet way to enjoy nicotine without tobacco. Each pack contains 20 pouches that dissolve quickly in the mouth, providing a satisfying nicotine hit without smoke or unpleasant odours. These pouches are designed to offer a clean and enjoyable alternative to traditional tobacco products, making them perfect for those seeking a refreshing burst of flavour. With a focus on convenience and a wide range of flavours, Übbs Nicotine Pouches are an ideal choice for individuals looking for a new nicotine experience without the need for smoking or vaping.<br data-mce-fragment=""1""><br data-mce-fragment=""1""><strong data-mce-fragment=""1"">Specifications:</strong><br data-mce-fragment=""1""></p>
<ul data-mce-fragment=""1"">
<li data-mce-fragment=""1"">Strength: 6 mg/g</li>
<li data-mce-fragment=""1"">Regular Strength </li>
<li data-mce-fragment=""1"">Weight: 30g</li>
<li data-mce-fragment=""1"">Doses: 20 pouches</li>
</ul>
<p data-mce-fragment=""1""><strong data-mce-fragment=""1"">Direction of Use:</strong><span data-mce-fragment=""1""> </span>Place one pouch under your top or bottom lip. Position the pouch to the side of your lip for comfort. Remove after 30 to 60 minutes. <br data-mce-fragment=""1""><br data-mce-fragment=""1""><strong data-mce-fragment=""1"">Flavour: <br data-mce-fragment=""1""></strong></p>
<ul data-mce-fragment=""1"">
<li data-mce-fragment=""1"">Berry </li>
</ul>",Übbs,Health & Beauty > Health Care > Medicine & Drugs > Smoking Cessation Aids,Smoking Products,"6mg, nic_strength=6, nicotine_pouches, parse_attributes_0, pouch, tobacco, traditional_nicotine",TRUE,Title,Default Title,,,,,,,,AJ0068X0467,31.7514659,shopify,83,deny,manual,4,5,TRUE,TRUE,,,,,8904415400320,https://cdn.shopify.com/s/files/1/0901/3696/9543/files/267289177.webp?v=1763961468,1,267289177.webp,FALSE,6mg Übbs Berry Regular Strength Nicotine Pouches - 20 Pou...,"Buy Übbs Übbs Berry Regular 6mg nicotine pouches. Tobacco-free, discreet pouches. Fast UK delivery, 18+ age verified.",Health & Beauty > Health Care > Medicine & Drugs,unisex,adult,AJ0068X0467,new,FALSE,,,,,,6mg,,,,,,,,,,,,,,,,,"übbs, 6mg, 6 mg, berry, nicotine pouches, nic pouches, tobacco free",https://cdn.shopify.com/s/files/1/0901/3696/9543/files/267289177.webp?v=1763961468,lb,,2.5,active
6mg-11mg-14mg-ubbs-nicotine-pouches-cdu-bundle-120-units-set,6mg 11mg 14mg Ubbs Nicotine Pouches CDU Bundle + 120 Units Set,"<p>The Ubbs Nicotine Pouch CDU Bundle, featuring strengths of 6mg, 11mg, and 14mg, is the perfect solution for retail store owners seeking to stock up on this popular tobacco-free alternative. This bundle includes 120 cans of Ubbs Nicotine Pouch with 20 pouches in each, giving a total of 2,400 pouches. Made with plant-based ingredients and triple lab tested, the signature Berry, Menthol, and Peppermint flavors offer a high-quality, clean alternative to traditional nicotine products. To elevate the retail experience, the bundle comes with a Counter Top Display Unit for eye-catching product showcasing. And to top it all off, the bundle includes promotional materials like wrist bands, T-shirts, posters, and more, allowing retailers to create a branded and engaging display. This all-in-one package is the ultimate solution for retailers looking to introduce or expand their offerings of Ubbs Nicotine Pouch, appealing to both new and experienced users.<br></p>
<p><strong>Specifications: </strong><br></p>
<ul>
<li>120 Ubbs Nicotine Pouch Cans For The Price of 90!<br>
</li>
<li>6mg, 11mg &amp; 14mg Nicotine Pouch Strengths</li>
<li>Limited Time Offer</li>
</ul>
<p><strong>What's in the Bundle: </strong><br></p>
<ul>
<li>120 Ubbs Nicotine Pouch Cans<br>
</li>
<li>1x Counter Top Display Unit  <br>
</li>
<li>5x Ubbs Wrist Bands<br>
</li>
<li>2x T shirts<br>
</li>
<li>1x A3 Mix Range Poster <br>
</li>
<li>5x Keychains <br>
</li>
<li>5x Pens <br>
</li>
<li>2x Fridge Stickers <br>
</li>
<li>2x Wobbler</li>
</ul>
<p><strong>Flavours: <br></strong></p>
<ul>
<li>10x 6mg Watermelon <br>
</li>
<li>10x 6mg Berry<br>
</li>
<li>10x 6mg Cola Ice <br>
</li>
<li>10x 6mg Spearmint <br>
</li>
<li>10x 6mg Salted Caramel <br>
</li>
<li>10x 6mg Menthol <br>
</li>
<li>10x 11mg Spearmint <br>
</li>
<li>10x 11mg Cola Ice <br>
</li>
<li>10x 11mg Berry <br>
</li>
<li>10x 11mg peppermint<br>
</li>
<li>10x 11mg Watermelon <br>
</li>
<li>10x 14mg Menthol </li>
</ul>
<p><br></p>
<!----><!---->",Übbs,Health & Beauty > Health Care > Medicine & Drugs > Smoking Cessation Aids,Smoking Products,"6mg, ice, nic_strength=14, nic_strength=6, nicotine_pouches, parse_attributes_0, pouch, tobacco, traditional_nicotine",TRUE,Title,Default Title,,,,,,,,EH0348X0467,1501.390745,shopify,0,deny,manual,320,400,TRUE,TRUE,,,,,,https://cdn.shopify.com/s/files/1/0901/3696/9543/files/267289753.webp?v=1763961275,1,267289753.webp,FALSE,Übbs 6mg 11mg 14mg Ubbs Nicotine Pouches CDU Bundle + 120...,"Buy Übbs Ubbs CDU Bundle 6mg nicotine pouches. Tobacco-free, discreet pouches. Fast UK delivery, 18+ age verified.",Health & Beauty > Health Care > Medicine & Drugs,unisex,adult,EH0348X0467,new,FALSE,,,,,,,,,,,,,,,,,,,,,,,"übbs, 6mg, 6 mg, nicotine pouches, nic pouches, tobacco free",https://cdn.shopify.com/s/files/1/0901/3696/9543/files/267289753.webp?v=1763961275,lb,,200,unlisted
6mg-11mg-14mg-ubbs-nicotine-pouches-cdu-bundle-120-units-set,,,,,,,,,,,,,,,,,,,,,,,,,,,,,,,,https://cdn.shopify.com/s/files/1/0901/3696/9543/files/267289754.webp?v=1763961275,2,267289754.webp,,,,,,,,,,,,,,,,,,,,,,,,,,,,,,,,,,,,,
6mg-11mg-14mg-ubbs-nicotine-pouches-cdu-bundle-120-units-set,,,,,,,,,,,,,,,,,,,,,,,,,,,,,,,,https://cdn.shopify.com/s/files/1/0901/3696/9543/files/267289755.webp?v=1763961274,3,267289755.webp,,,,,,,,,,,,,,,,,,,,,,,,,,,,,,,,,,,,,
6mg-11mg-14mg-ubbs-nicotine-pouches-cdu-bundle-120-units-set,,,,,,,,,,,,,,,,,,,,,,,,,,,,,,,,https://cdn.shopify.com/s/files/1/0901/3696/9543/files/267289756.webp?v=1763961275,4,267289756.webp,,,,,,,,,,,,,,,,,,,,,,,,,,,,,,,,,,,,,
6mg-11mg-14mg-ubbs-nicotine-pouches-cdu-bundle-120-units-set,,,,,,,,,,,,,,,,,,,,,,,,,,,,,,,,https://cdn.shopify.com/s/files/1/0901/3696/9543/files/267289757.webp?v=1763961275,5,267289757.webp,,,,,,,,,,,,,,,,,,,,,,,,,,,,,,,,,,,,,
6mg-11mg-14mg-ubbs-nicotine-pouches-cdu-bundle-120-units-set,,,,,,,,,,,,,,,,,,,,,,,,,,,,,,,,https://cdn.shopify.com/s/files/1/0901/3696/9543/files/267289758.webp?v=1763961275,6,267289758.webp,,,,,,,,,,,,,,,,,,,,,,,,,,,,,,,,,,,,,
6mg-11mg-14mg-ubbs-nicotine-pouches-cdu-bundle-120-units-set,,,,,,,,,,,,,,,,,,,,,,,,,,,,,,,,https://cdn.shopify.com/s/files/1/0901/3696/9543/files/267289759.webp?v=1763961276,7,267289759.webp,,,,,,,,,,,,,,,,,,,,,,,,,,,,,,,,,,,,,
6mg-11mg-14mg-ubbs-nicotine-pouches-cdu-bundle-120-units-set,,,,,,,,,,,,,,,,,,,,,,,,,,,,,,,,https://cdn.shopify.com/s/files/1/0901/3696/9543/files/267289760.webp?v=1763961276,8,267289760.webp,,,,,,,,,,,,,,,,,,,,,,,,,,,,,,,,,,,,,
4nx-18mg-mint-slim-nicotine-pouches-20-pouches,4NX 18mg Mint Slim Nicotine Pouches 20 Pouches,"<span data-mce-fragment=""1"">An inspired blending of spearmint, peppermint and garden mint backed with a cool menthol blast, you can experience 4NX’s refreshing mint taste where ever you want. These 4NX nicotine pouches are smoke free, odour free, spit free and can be used on the go at anytime. They're totally discreet and convenient to help you overcome and tame your nicotine cravings.</span><br data-mce-fragment=""1""><br data-mce-fragment=""1""><span data-mce-fragment=""1"">- 20 Pouches</span><br data-mce-fragment=""1""><br data-mce-fragment=""1""><span data-mce-fragment=""1"">- 18mg Nicotine</span><br data-mce-fragment=""1""><br data-mce-fragment=""1""><span data-mce-fragment=""1"">- Ultra Max</span><br data-mce-fragment=""1""><br data-mce-fragment=""1""><span data-mce-fragment=""1"">- Mint Flavour</span><br data-mce-fragment=""1""><br data-mce-fragment=""1""><span data-mce-fragment=""1"">- Tobacco Free</span><br data-mce-fragment=""1""><br data-mce-fragment=""1""><span data-mce-fragment=""1"">Fairly easy to use, you place a pouch inside your mouth in between your gum and lip for up to an hour. After that, you'll feel a tingling sensation for 5-10 minutes as the nicotine is absorbed.</span><br data-mce-fragment=""1""><br data-mce-fragment=""1""><span data-mce-fragment=""1"">Each of the 4NX Slim Nicotine Pouches comes in a very handy carry case. 4NX pouches are all-white and 100% Tobacco free.</span><br data-mce-fragment=""1""><br data-mce-fragment=""1""><strong data-mce-fragment=""1"">Specifications:</strong><br data-mce-fragment=""1""><span data-mce-fragment=""1"">Strength: 18 mg/g</span><br data-mce-fragment=""1""><span data-mce-fragment=""1"">Nicotine level: Medium</span><br data-mce-fragment=""1""><span data-mce-fragment=""1"">Doses: 20 pouches</span>",4NX,Health & Beauty > Health Care > Medicine & Drugs > Smoking Cessation Aids,Smoking Products,"18mg, ice, nic_strength=18, nicotine_pouches, parse_attributes_0, pouch, tobacco",TRUE,Title,Default Title,,,,,,,,AP0273X0475,49.8951607,shopify,0,deny,manual,3.52,4.4,TRUE,TRUE,,,,,5060725787667,https://cdn.shopify.com/s/files/1/0901/3696/9543/files/267289321.webp?v=1763961242,1,267289321.webp,FALSE,4NX 18mg Mint Slim Nicotine Pouches 20 Pouches,"Buy 4NX 4NX Mint 18mg nicotine pouches. Tobacco-free, discreet pouches. Fast UK delivery, 18+ age verified.",Health & Beauty > Health Care > Medicine & Drugs,unisex,adult,AP0273X0475,new,FALSE,,,,,,,,,,,,,,,,,,,,,,,"4nx, 18mg, 18 mg, mint, nicotine pouches, nic pouches, tobacco free",https://cdn.shopify.com/s/files/1/0901/3696/9543/files/267289321.webp?v=1763961242,lb,,2.2,active
11mg-ubbs-berry-strong-nicotine-pouches-20-pouches,11mg Übbs Berry Strong Nicotine Pouches - 20 Pouches,"<p data-mce-fragment=""1""><span data-mce-fragment=""1"">Übbs Strong Nicotine Pouches! </span>Discover a refreshing burst of flavour with 11mg. Each convenient pack contains 20 pouches that quickly disperse nicotine in your mouth for a satisfying hit without smoke or unpleasant odours. Designed for those seeking a clean and enjoyable alternative to traditional tobacco products, Übbs Nicotine Pouches offer a convenient and discreet way to enjoy nicotine without tobacco. With a wide range of flavours and a focus on convenience, these pouches are perfect for anyone looking for a new, smoke-free nicotine experience.<br data-mce-fragment=""1""><br data-mce-fragment=""1""><strong data-mce-fragment=""1"">Specifications:</strong><br data-mce-fragment=""1""></p>
<ul data-mce-fragment=""1"">
<li data-mce-fragment=""1"">Strength: 11 mg/g</li>
<li data-mce-fragment=""1"">Regular Strength </li>
<li data-mce-fragment=""1"">Weight: 30g </li>
<li data-mce-fragment=""1"">Doses: 20 pouches</li>
</ul>
<p data-mce-fragment=""1""><strong data-mce-fragment=""1"">Direction of Use:</strong><span data-mce-fragment=""1""> </span>Place one pouch under your top or bottom lip. Position the pouch to the side of your lip for comfort. Remove after 30 to 60 minutes. <br data-mce-fragment=""1""><br data-mce-fragment=""1""><strong data-mce-fragment=""1"">Flavour: <br data-mce-fragment=""1""></strong></p>
<ul data-mce-fragment=""1"">
<li data-mce-fragment=""1""><span mce-data-marked=""1"" data-mce-fragment=""1"">Berry </span></li>
</ul>",Übbs,Health & Beauty > Health Care > Medicine & Drugs > Smoking Cessation Aids,Smoking Products,"11mg, nic_strength=11, nicotine_pouches, parse_attributes_0, pouch, tobacco, traditional_nicotine",TRUE,Title,Default Title,,,,,,,,AJ0074X0467,31.7514659,shopify,80,deny,manual,4,5,TRUE,TRUE,,,,,8904415400368,https://cdn.shopify.com/s/files/1/0901/3696/9543/files/267289105.webp?v=1763961197,1,267289105.webp,FALSE,11mg Übbs Berry Strong Nicotine Pouches - 20 Pouches,"Buy Übbs Übbs Berry Strong 11mg nicotine pouches. Tobacco-free, discreet pouches. Fast UK delivery, 18+ age verified.",Health & Beauty > Health Care > Medicine & Drugs,unisex,adult,AJ0074X0467,new,FALSE,,,,,,,,,,,,,,,,,,,,,,,"übbs, 11mg, 11 mg, berry, nicotine pouches, nic pouches, tobacco free",https://cdn.shopify.com/s/files/1/0901/3696/9543/files/267289105.webp?v=1763961197,lb,,2.5,active
20mg-nois-slim-nicotine-pouches-22-pouches,20mg NOIS Slim Nicotine Pouches - 22 Pouches,"<p data-start=""0"" data-end=""524"">Crafted for convenience and satisfaction, NOIS Slim Nicotine Pouches deliver a discreet, smoke-free, and tobacco-free experience. Providing a smooth and long-lasting nicotine release, these pouches are designed for easy use without the need for vaping or smoking. Portable and compact, they easily fit under the lip, offering a refreshing sensation without any lingering odors. Each pouch is created for a balanced and enjoyable experience, making it an optimal choice for both novice and experienced users.</p>
<p data-start=""0"" data-end=""524""><strong>Specifications:</strong></p>
<ul>
<li data-start=""0"" data-end=""524"">Nicotine Strength: 20mg/g Strength</li>
<li data-start=""0"" data-end=""524"">Tobacco-Free</li>
<li data-start=""0"" data-end=""524"">Smoke-Free</li>
<li data-start=""0"" data-end=""524"">Format: Slim</li>
<li>22 Pouches Per Pack</li>
</ul>
<p><strong>Flavours:</strong></p>
<ul>
<li>Mint</li>
<li>Spearmint</li>
</ul>
<p><strong>Direction of Use:</strong> Place one pouch under your top or bottom lip. Position the pouch to the side of your lip for comfort. Remove after 30 to 60 minutes.</p>",NOIS,Health & Beauty > Health Care > Medicine & Drugs > Smoking Cessation Aids,Smoking Products,"0mg, fruity, ice, nic_salt, nic_strength=20, nicotine_pouches, parse_attributes_0, pouch",TRUE,Flavour,Spearmint,,,,,,,,AH0060Z0155,299.3709642,shopify,108,deny,manual,3.12,3.9,TRUE,TRUE,,,,,,https://cdn.shopify.com/s/files/1/0901/3696/9543/files/267289500.webp?v=1763960914,1,267289500.webp,FALSE,20mg NOIS Slim Nicotine Pouches - 22 Pouches,"Buy NOIS NOIS 22 20mg nicotine pouches. Tobacco-free, discreet pouches. Fast UK delivery, 18+ age verified.",Health & Beauty > Health Care > Medicine & Drugs,unisex,adult,AH0060Z0155,new,FALSE,,,,,,20mg,,,,,,,,,,,,,,,,,"nois, 20mg, 20 mg, nicotine pouches, nic pouches, tobacco free",https://cdn.shopify.com/s/files/1/0901/3696/9543/files/267289502.webp?v=1763960918,lb,,1.95,active
20mg-nois-slim-nicotine-pouches-22-pouches,,,,,,,,,Mint,,,,,,,,AH0059Z0155,299.3709642,shopify,40,deny,manual,3.12,3.9,TRUE,TRUE,,,,,,https://cdn.shopify.com/s/files/1/0901/3696/9543/files/267289501.webp?v=1763960919,2,267289501.webp,,,,,,,,,,,,,,,,,,,,,,,,,,,,,,,,,https://cdn.shopify.com/s/files/1/0901/3696/9543/files/267289501.webp?v=1763960919,lb,,1.95,
20mg-nois-slim-nicotine-pouches-22-pouches,,,,,,,,,,,,,,,,,,,,,,,,,,,,,,,,https://cdn.shopify.com/s/files/1/0901/3696/9543/files/267289502.webp?v=1763960918,3,267289502.webp,,,,,,,,,,,,,,,,,,,,,,,,,,,,,,,,,,,,,
9mg-poke-watermelon-nicotine-pouches-20-pouches,9mg Poke Watermelon Nicotine Pouches - 20 Pouches,"Indulge in the sweet and juicy flavour of Poke Watermelon Nicotine Pouches. Each package contains 20 pouches bursting with the refreshing taste of watermelon, offering a delightful twist to your nicotine experience. Perfect for those seeking a fruity and satisfying alternative to traditional nicotine products, these pouches provide a convenient and discreet way to enjoy nicotine without smoke or vapour. <br data-mce-fragment=""1""><br data-mce-fragment=""1""><strong data-mce-fragment=""1"">Specifications:</strong><br data-mce-fragment=""1"">
<ul data-mce-fragment=""1"">
<li data-mce-fragment=""1"">Strength: 9mg Per Pouch</li>
<li data-mce-fragment=""1"">Doses: 20 pouches</li>
<li data-mce-fragment=""1"">Tobacco-free, smoke-free and vapour-free</li>
<li data-mce-fragment=""1"">Watermelon Flavouring</li>
</ul>
<br data-mce-fragment=""1""><strong data-mce-fragment=""1"">Direction of Use:</strong> Place one pouch under your top or bottom lip. Position the pouch to the side of your lip for comfort. Remove after 30 to 60 minutes.",Poke,Health & Beauty > Health Care > Medicine & Drugs > Smoking Cessation Aids,Smoking Products,"9mg, fruity, nic_strength=9, nicotine_pouches, parse_attributes_0, pouch, tobacco, traditional_nicotine",TRUE,Title,Default Title,,,,,,,,EE0036X0496,31.7514659,shopify,0,deny,manual,3.2,4,TRUE,TRUE,,,,,5744000041209,https://cdn.shopify.com/s/files/1/0901/3696/9543/files/267289291.webp?v=1763960910,1,267289291.webp,FALSE,9mg Poke Watermelon Nicotine Pouches - 20 Pouches,"Buy Poke Poke Watermelon 9mg nicotine pouches. Tobacco-free, discreet pouches. Fast UK delivery, 18+ age verified.",Health & Beauty > Health Care > Medicine & Drugs,unisex,adult,EE0036X0496,new,FALSE,,,,,,,,,,,,,,,,,,,,,,,"poke, 9mg, 9 mg, melon, watermelon, nicotine pouches, nic pouches, tobacco free",https://cdn.shopify.com/s/files/1/0901/3696/9543/files/267289291.webp?v=1763960910,lb,,2,active
14mg-nor-mini-glittertind-nicotine-pouches-20-pouches,14mg NOR Mini Glittertind Nicotine Pouches - 20 Pouches,"<p>Experience the invigorating essence of Norwegian mountains with 14mg NOR Mini Glittertind Nicotine Pouches. This compact pack contains 20 premium, tobacco-free pouches, each delivering a refreshing Ice Mint flavour that captures the crisp, clean air of the Glittertind peak. The mini size ensures a discreet and comfortable fit under your lip, perfect for on-the-go use. With a potent 14mg nicotine strength, these pouches offer a satisfying experience for seasoned users or those seeking a stronger nicotine hit. NOR's commitment to quality is evident in every pouch, providing a clean, mess-free alternative to traditional nicotine products. The Glittertind variant combines the convenience of nicotine pouches with the exhilarating sensation of icy mint, making it an ideal choice for those who appreciate a bold, refreshing flavour profile. Embrace the spirit of Norwegian wilderness and elevate your nicotine experience with NOR Mini Glittertind Nicotine Pouches, designed for those who demand both discretion and intensity in their nicotine routine. <strong><br><br><br>Specifications:</strong></p>
<ul>
<li>Strength: 14mg/g<br>
</li>
<li>S4 Strength<br>
</li>
<li>Weight: 30g<br>
</li>
<li>Doses: 20 pouches<br>
</li>
<li>Slim Pouches <br><br><strong>Direction of Use: </strong>Place one pouch under your top or bottom lip. Position the pouch to the side of your lip for comfort. Remove after 30 to 60 minutes.</li>
</ul>
<p><strong>Flavours:  <br></strong></p>
<ul>
<li>Glittertind | Mini | No.13 - Ice Mint <strong><br></strong>
</li>
</ul>
<!----><!---->",NOR,Health & Beauty > Health Care > Medicine & Drugs > Smoking Cessation Aids,Smoking Products,"14mg, ice, nic_strength=14, nicotine_pouches, parse_attributes_0, pouch, tobacco, traditional_nicotine",TRUE,Title,Default Title,,,,,,,,EG0317X0359,31.7514659,shopify,0,deny,manual,4.8,6,TRUE,TRUE,,,,,,https://cdn.shopify.com/s/files/1/0901/3696/9543/files/267290069.webp?v=1763960864,1,267290069.webp,FALSE,14mg NOR Mini Glittertind Nicotine Pouches - 20 Pouches,"Buy NOR NOR Mini Glittertind 14mg nicotine pouches. Tobacco-free, discreet pouches. Fast UK delivery, 18+ age verified.",Health & Beauty > Health Care > Medicine & Drugs,unisex,adult,EG0317X0359,new,FALSE,,,,,,,,,,,,,,,,,,,,,,,"nor, 14mg, 14 mg, nicotine pouches, nic pouches, tobacco free",https://cdn.shopify.com/s/files/1/0901/3696/9543/files/267290069.webp?v=1763960864,lb,,3,active
4nx-12mg-energy-ice-slim-nicotine-pouches-20-pouches,4NX 12mg Energy Ice Slim Nicotine Pouches - 20 Pouches,"<span data-mce-fragment=""1"">Bursting with the refreshing sensation of your favourite energy drink with the combined aftertaste of cool menthol, this 4NX Blue Raspberry Ice Slim Nicotine Pouch offers a potent enough nicotine intake through discreet and casual means. Made in the UK, these 4NX Slim Nicotine Pouches are 12mg strength, providing an extra strong nicotine hit upon first tasting it.</span><br data-mce-fragment=""1""><br data-mce-fragment=""1""><span data-mce-fragment=""1"">These 4NX pouches are slim enough that one of them can be subtly placed under the top lip for a conveniently discreet nicotine hit. Being 100% tobacco-free means you won't need to spit as you are using them as they no vapour, smoke or odour, which allows you to use them discreetly at any time or on the go whilst you conveniently satisfy your nicotine cravings.</span><br data-mce-fragment=""1""><br data-mce-fragment=""1""><span data-mce-fragment=""1"">Every pouch will last for up to 30 minutes, which allows the nicotine to be absorbed through your gums. When finished, the 4NX tin comes with a waste compartment to place your used pouches in, keeping the process of disposal as discreet as possible.</span><br data-mce-fragment=""1""><br data-mce-fragment=""1""><strong data-mce-fragment=""1"">Specifications:</strong><br data-mce-fragment=""1"">
<ul data-mce-fragment=""1"">
<li data-mce-fragment=""1"">Made in the UK</li>
<li data-mce-fragment=""1"">20 Pouches per Tin</li>
<li data-mce-fragment=""1"">Strength: 12mg</li>
<li data-mce-fragment=""1"">Nicotine Level: Extra Strong</li>
<li data-mce-fragment=""1"">Slim Design</li>
<li data-mce-fragment=""1"">Discreet Nicotine Enjoyment</li>
<li data-mce-fragment=""1"">Tobacco Free</li>
<li data-mce-fragment=""1"">Lasts For Up to 30 Minutes</li>
</ul>",4NX,Health & Beauty > Health Care > Medicine & Drugs > Smoking Cessation Aids,Smoking Products,"12mg, beverages, ice, nic_strength=12, nicotine_pouches, parse_attributes_0, pouch, tobacco",TRUE,Title,Default Title,,,,,,,,BJ0060X0475,49.8951607,shopify,0,deny,manual,3.52,4.4,TRUE,TRUE,,,,,,https://cdn.shopify.com/s/files/1/0901/3696/9543/files/267289004.webp?v=1763960804,1,267289004.webp,FALSE,4NX 12mg Energy Ice Slim Nicotine Pouches - 20 Pouches,"Buy 4NX 4NX Energy Ice 12mg nicotine pouches. Tobacco-free, discreet pouches. Fast UK delivery, 18+ age verified.",Health & Beauty > Health Care > Medicine & Drugs,unisex,adult,BJ0060X0475,new,FALSE,,,,,,,,,,,,,,,,,,,,,,,"4nx, 12mg, 12 mg, ice, nicotine pouches, nic pouches, tobacco free",https://cdn.shopify.com/s/files/1/0901/3696/9543/files/267289004.webp?v=1763960804,lb,,2.2,active
6mg-on-mini-strong-spearmint-nicotine-pouches-20-pouches,6mg On! Mini Strong Spearmint Nicotine Pouches - 20 Pouches,"<span data-mce-fragment=""1"">Transform your daily routine with 6mg On! Mini Strong Mint Nicotine Pouches - the ultimate nicotine sensation packed with flavour! With discreet and hassle-free 20 pouches per can, indulge in pure satisfaction on the go. Ideal for both new and experienced nicotine users, these versatile pouches offer convenience and delightful craving fulfilment. Experience the must-have product for any true nicotine enthusiast - try them now!</span><br data-mce-fragment=""1""><br data-mce-fragment=""1""><strong data-mce-fragment=""1"">Specifications:</strong><br data-mce-fragment=""1"">
<ul data-mce-fragment=""1"">
<li data-mce-fragment=""1"">Strength: 6 mg Per Pouch </li>
<li data-mce-fragment=""1"">Strong Strength</li>
<li data-mce-fragment=""1"">Weight: 30g</li>
<li data-mce-fragment=""1"">Doses: 20 pouches</li>
</ul>
<br data-mce-fragment=""1""><strong data-mce-fragment=""1"">Direction of Use:</strong><span data-mce-fragment=""1""> Place one pouch under your top or bottom lip. Position the pouch to the side of your lip for comfort. Remove after 30 to 60 minutes.</span><br data-mce-fragment=""1""><br data-mce-fragment=""1""><strong data-mce-fragment=""1"">Flavour:</strong><br data-mce-fragment=""1"">
<ul data-mce-fragment=""1"">
<li data-mce-fragment=""1"">Spearmint<br data-mce-fragment=""1"">
</li>
</ul>",On!,Health & Beauty > Health Care > Medicine & Drugs > Smoking Cessation Aids,Smoking Products,"6mg, ice, nic_strength=6, nicotine_pouches, parse_attributes_0, pouch",TRUE,Title,Default Title,,,,,,,,EB0184X0473,31.7514659,shopify,0,deny,manual,7.58,9.48,TRUE,TRUE,,,,,0000073188056,https://cdn.shopify.com/s/files/1/0901/3696/9543/files/267289161.webp?v=1763960671,1,267289161.webp,FALSE,6mg On! Mini Strong Spearmint Nicotine Pouches - 20 Pouches,"Buy On! On! Mini Strong 6mg nicotine pouches. Tobacco-free, discreet pouches. Fast UK delivery, 18+ age verified.",Health & Beauty > Health Care > Medicine & Drugs,unisex,adult,EB0184X0473,new,FALSE,,,,,,6mg,,,,,,,,,,,,,,,,,"on!, 6mg, 6 mg, mint, spearmint, nicotine pouches, nic pouches, tobacco free",https://cdn.shopify.com/s/files/1/0901/3696/9543/files/267289161.webp?v=1763960671,lb,,4.74,active
12mg-camo-nicotine-pouches-20-pouches,12mg Camo Nicotine Pouches - 20 Pouches,"<p>Indulge in a fulfilling nicotine rush with Camo Nicotine Pouches, now offered in a robust 12mg potency. This pack contains 20 expertly crafted pouches, providing a discreet and convenient option to traditional tobacco products. Camo's tobacco-free, smoke-free, and vapour-free pouches offer a clean nicotine delivery system that can be savoured anytime, anywhere. Place a pouch between your gum and lip for a long-lasting release of nicotine, without the need for smoking or vaping. These sleek pouches fit comfortably and discreetly under your lip, making them ideal for use in any setting. Whether you're trying to cut back on tobacco consumption or searching for a stronger nicotine alternative, Camo's 12mg Nicotine Pouches offer a potent and gratifying experience. Embrace the freedom of nicotine enjoyment without the drawbacks of smoking, and discover why Camo is quickly becoming a popular choice among nicotine enthusiasts seeking a more intense experience.<strong><br><br><br>Specifications:</strong></p>
<ul>
<li>Strength: 12 mg/g<br>
</li>
<li>Strong Strength<br>
</li>
<li>Weight: 30g<br>
</li>
<li>Doses: 20 pouches</li>
<li>Slim Pouches </li>
</ul>
<p><strong>Direction of Use: </strong>Place one pouch under your top or bottom lip. Position the pouch to the side of your lip for comfort. Remove after 30 to 60 minutes.</p>
<p><strong>Flavours:</strong>  <br></p>
<ul>
<li>Orange Bubblegum <br>
</li>
<li>Green Apple <br>
</li>
<li>Ice Cold Mint <br>
</li>
<li>Peppermint <br>
</li>
<li>Spice Citrus <br>
</li>
<li>Wild Mint <br><br>
</li>
</ul>
<!----><!---->",Camo,Health & Beauty > Health Care > Medicine & Drugs > Smoking Cessation Aids,Smoking Products,"12mg, candy/sweets, fruity, ice, nic_strength=12, nicotine_pouches, parse_attributes_0, pouch, spices_&_herbs, traditional_nicotine",TRUE,Flavour,Green Apple,,,,,,,,EG0232Z0145,31.7514659,shopify,0,deny,manual,2.4,3,TRUE,TRUE,,,,,4779056490535,https://cdn.shopify.com/s/files/1/0901/3696/9543/files/267289979.webp?v=1763960608,1,267289979.webp,FALSE,12mg Camo Nicotine Pouches - 20 Pouches,"Buy Camo Camo 12mg nicotine pouches. Tobacco-free, discreet pouches. Fast UK delivery, 18+ age verified.",Health & Beauty > Health Care > Medicine & Drugs,unisex,adult,EG0232Z0145,new,FALSE,,,,,,,,,,,,,,,,,,,,,,,"camo, 12mg, 12 mg, nicotine pouches, nic pouches, tobacco free",https://cdn.shopify.com/s/files/1/0901/3696/9543/files/267289981.webp?v=1763960615,lb,,1.5,active
12mg-camo-nicotine-pouches-20-pouches,,,,,,,,,Peppermint,,,,,,,,EG0234Z0145,31.7514659,shopify,0,deny,manual,2.4,3,TRUE,TRUE,,,,,4779056490498,https://cdn.shopify.com/s/files/1/0901/3696/9543/files/267289980.webp?v=1763960619,2,267289980.webp,,,,,,,,,,,,,,,,,,,,,,,,,,,,,,,,,https://cdn.shopify.com/s/files/1/0901/3696/9543/files/267289983.webp?v=1763960618,lb,,1.5,
12mg-camo-nicotine-pouches-20-pouches,,,,,,,,,Orange Bubblegum,,,,,,,,EG0231Z0145,31.7514659,shopify,0,deny,manual,2.4,3,TRUE,TRUE,,,,,4779056490528,https://cdn.shopify.com/s/files/1/0901/3696/9543/files/267289981.webp?v=1763960615,3,267289981.webp,,,,,,,,,,,,,,,,,,,,,,,,,,,,,,,,,https://cdn.shopify.com/s/files/1/0901/3696/9543/files/267289980.webp?v=1763960619,lb,,1.5,
12mg-camo-nicotine-pouches-20-pouches,,,,,,,,,Ice Cold Mint,,,,,,,,EG0233Z0145,31.7514659,shopify,0,deny,manual,2.4,3,TRUE,TRUE,,,,,4779056490542,https://cdn.shopify.com/s/files/1/0901/3696/9543/files/267289982.webp?v=1763960621,4,267289982.webp,,,,,,,,,,,,,,,,,,,,,,,,,,,,,,,,,https://cdn.shopify.com/s/files/1/0901/3696/9543/files/267289982.webp?v=1763960621,lb,,1.5,
12mg-camo-nicotine-pouches-20-pouches,,,,,,,,,Spice Citrus,,,,,,,,EG0235Z0145,31.7514659,shopify,0,deny,manual,2.4,3,TRUE,TRUE,,,,,4779056490504,https://cdn.shopify.com/s/files/1/0901/3696/9543/files/267289983.webp?v=1763960618,5,267289983.webp,,,,,,,,,,,,,,,,,,,,,,,,,,,,,,,,,https://cdn.shopify.com/s/files/1/0901/3696/9543/files/267289984.webp?v=1763960613,lb,,1.5,
12mg-camo-nicotine-pouches-20-pouches,,,,,,,,,WIld Mint,,,,,,,,EG0236Z0145,31.7514659,shopify,0,deny,manual,2.4,3,TRUE,TRUE,,,,,4779056490511,https://cdn.shopify.com/s/files/1/0901/3696/9543/files/267289984.webp?v=1763960613,6,267289984.webp,,,,,,,,,,,,,,,,,,,,,,,,,,,,,,,,,https://cdn.shopify.com/s/files/1/0901/3696/9543/files/267289985.webp?v=1763960616,lb,,1.5,
12mg-camo-nicotine-pouches-20-pouches,,,,,,,,,,,,,,,,,,,,,,,,,,,,,,,,https://cdn.shopify.com/s/files/1/0901/3696/9543/files/267289985.webp?v=1763960616,7,267289985.webp,,,,,,,,,,,,,,,,,,,,,,,,,,,,,,,,,,,,,
9mg-poke-tropical-nicotine-pouches-20-pouches,9mg Poke Tropical Nicotine Pouches - 20 Pouches,"Immerse yourself in a tropical paradise with Poke Tropical Nicotine Pouches. Each package contains 20 pouches filled with a delightful blend of exotic flavours, offering a refreshing and unique twist to your nicotine experience. Perfect for those craving a taste of the tropics, these pouches provide a convenient and discreet way to enjoy nicotine without smoke or vapour. The 9mg strength ensures a balanced and controlled nicotine delivery, suitable for both experienced users and those looking for a milder option. <br data-mce-fragment=""1""><br data-mce-fragment=""1""><strong data-mce-fragment=""1"">Specifications:</strong><br data-mce-fragment=""1"">
<ul data-mce-fragment=""1"">
<li data-mce-fragment=""1"">Strength: 9mg Per Pouch</li>
<li data-mce-fragment=""1"">Doses: 20 pouches</li>
<li data-mce-fragment=""1"">Tobacco-free, smoke-free and vapour-free</li>
<li data-mce-fragment=""1"">Tropical Flavouring</li>
</ul>
<br data-mce-fragment=""1""><strong data-mce-fragment=""1"">Direction of Use:</strong> Place one pouch under your top or bottom lip. Position the pouch to the side of your lip for comfort. Remove after 30 to 60 minutes.",Poke,Health & Beauty > Health Care > Medicine & Drugs > Smoking Cessation Aids,Smoking Products,"9mg, nic_strength=9, nicotine_pouches, parse_attributes_0, pouch, tobacco",TRUE,Title,Default Title,,,,,,,,EE0039X0496,31.7514659,shopify,0,deny,manual,3.2,4,TRUE,TRUE,,,,,5744000041247,https://cdn.shopify.com/s/files/1/0901/3696/9543/files/267289109.webp?v=1763960577,1,267289109.webp,FALSE,9mg Poke Tropical Nicotine Pouches - 20 Pouches,"Buy Poke Poke Tropical 9mg nicotine pouches. Tobacco-free, discreet pouches. Fast UK delivery, 18+ age verified.",Health & Beauty > Health Care > Medicine & Drugs,unisex,adult,EE0039X0496,new,FALSE,,,,,,,,,,,,,,,,,,,,,,,"poke, 9mg, 9 mg, nicotine pouches, nic pouches, tobacco free",https://cdn.shopify.com/s/files/1/0901/3696/9543/files/267289109.webp?v=1763960577,lb,,2,active
16mg-poke-watermelon-nicotine-pouches-20-pouches,16mg Poke Watermelon Nicotine Pouches - 20 Pouches,"<p data-mce-fragment=""1"">Experience the delicious and juicy taste of Poke Watermelon Nicotine Pouches, with 20 pouches per package. These pouches are bursting with the refreshing essence of watermelon, offering a unique twist to your nicotine consumption. They are a convenient and discreet alternative to traditional nicotine products, providing a fruity and satisfying option for all preferences. </p>
<p data-mce-fragment=""1""><strong data-mce-fragment=""1"">Specifications:</strong><br data-mce-fragment=""1""></p>
<ul data-mce-fragment=""1"">
<li data-mce-fragment=""1"">Strength: 16mg Per Pouch</li>
<li data-mce-fragment=""1"">Doses: 20 pouches</li>
<li data-mce-fragment=""1"">Tobacco-free, smoke-free and vapour-free</li>
<li data-mce-fragment=""1"">Watermelon Flavouring</li>
</ul>
<br data-mce-fragment=""1""><strong data-mce-fragment=""1"">Direction of Use:</strong> Place one pouch under your top or bottom lip. Position the pouch to the side of your lip for comfort. Remove after 30 to 60 minutes.",Poke,Health & Beauty > Health Care > Medicine & Drugs > Smoking Cessation Aids,Smoking Products,"16mg, fruity, nicotine_pouches, parse_attributes_0, pouch, tobacco, traditional_nicotine",TRUE,Title,Default Title,,,,,,,,EE0038X0496,31.7514659,shopify,0,deny,manual,3.2,4,TRUE,TRUE,,,,,5744000049946,https://cdn.shopify.com/s/files/1/0901/3696/9543/files/267289129.webp?v=1763960377,1,267289129.webp,FALSE,16mg Poke Watermelon Nicotine Pouches - 20 Pouches,"Buy Poke Poke Watermelon 16mg nicotine pouches. Tobacco-free, discreet pouches. Fast UK delivery, 18+ age verified.",Health & Beauty > Health Care > Medicine & Drugs,unisex,adult,EE0038X0496,new,FALSE,,,,,,,,,,,,,,,,,,,,,,,"poke, 16mg, 16 mg, melon, watermelon, nicotine pouches, nic pouches, tobacco free",https://cdn.shopify.com/s/files/1/0901/3696/9543/files/267289129.webp?v=1763960377,lb,,2,active
16mg-greatest-sweet-peppermint-nicotine-pouches-20-pouches-buy-1-get-1-free,16mg Greatest Sweet Peppermint Nicotine Pouches - 20 Pouches (BUY 1 GET 1 FREE),"<p>Get ready for a truly unique and enjoyable nicotine experience with the 16mg Greatest Sweet Peppermint Nicotine Pouches. These discreet and portable pouches offer the perfect alternative to traditional nicotine products, delivering a satisfying hit of high-quality, tobacco-derived nicotine infused with the refreshing coolness of sweet peppermint. With their sleek and compact design, these 16mg pouches can easily fit in your pocket or purse, making them the perfect companion for on-the-go cravings. Whether you crave a potent nicotine experience or a refreshing pick-me-up, these pouches have you covered. Discreet and nearly undetectable, they allow you to enjoy your fix without drawing attention or leaving behind any lingering odors. From work to social gatherings, these pouches offer a modern and convenient nicotine solution that is sure to impress. Experience the freedom and convenience of nicotine with a refreshing twist today.<br></p>
<p><strong>Specifications:</strong><br></p>
<ul>
<li>Strength: 16mg Per Pouch <br>
</li>
<li>Doses: 20 pouches<br>
</li>
<li>Tobacco-free, smoke-free and vapour-free<br>
</li>
<li>Sweet Peppermint Flavour</li>
</ul>
<p><strong>Direction of Use: </strong>Place one pouch under your top or bottom lip. Position the pouch to the side of your lip for comfort. Remove after 30 to 60 minutes.</p>",Greatest,Health & Beauty > Health Care > Medicine & Drugs > Smoking Cessation Aids,Smoking Products,"16mg, nicotine_pouches, parse_attributes_0, pouch, tobacco, traditional_nicotine",TRUE,Title,Default Title,,,,,,,,EE0404X0504BOGOF,31.7514659,shopify,0,deny,manual,2.4,3,TRUE,TRUE,,,,,4 7 4 5 0 1 0 3 7 4 2 2 7,https://cdn.shopify.com/s/files/1/0901/3696/9543/files/267289011.webp?v=1763960363,1,267289011.webp,FALSE,16mg Greatest Sweet Peppermint Nicotine Pouches - 20 Pouc...,"Buy Greatest Greatest Sweet Peppermint 16mg nicotine pouches. Tobacco-free, discreet pouches. Fast UK delivery, 18+ age verified.",Health & Beauty > Health Care > Medicine & Drugs,unisex,adult,EE0404X0504BOGOF,new,FALSE,,,,,,,,,,,,,,,,,,,,,,,"greatest, 16mg, 16 mg, mint, peppermint, nicotine pouches, nic pouches, tobacco free",https://cdn.shopify.com/s/files/1/0901/3696/9543/files/267289011.webp?v=1763960363,lb,,1.5,active
8mg-ignite-double-apple-slim-nicotine-pouch-20-pouches,8mg Ignite Double Apple Slim Nicotine Pouch - 20 Pouches,"Discover the invigorating taste of 8mg Ignite Double Apple Slim Nicotine Pouches, designed by industry experts to elevate your nicotine experience. Every slim pouch contains a burst of lively Double Apple flavour, providing a fulfilling alternative to traditional smoking. This pack contains 20 precisely measured pouches for convenient, on-the-go enjoyment.<br data-mce-fragment=""1""><br data-mce-fragment=""1""><strong data-mce-fragment=""1"">Specifications:</strong><br data-mce-fragment=""1"">
<ul data-mce-fragment=""1"">
<li data-mce-fragment=""1"">Strength: 8mg Per Pouch</li>
<li data-mce-fragment=""1"">Doses: 20 pouches</li>
<li data-mce-fragment=""1"">Tobacco-free, smoke-free and vapour-free</li>
<li data-mce-fragment=""1"">Mint Flavouring</li>
</ul>
<br data-mce-fragment=""1""><strong data-mce-fragment=""1"">Direction of Use:</strong> Place one pouch under your top or bottom lip. Position the pouch to the side of your lip for comfort. Remove after 30 to 60 minutes.",IGNITE,Health & Beauty > Health Care > Medicine & Drugs > Smoking Cessation Aids,Smoking Products,"8mg, ice, nic_strength=8, nicotine_pouches, parse_attributes_0, pouch, tobacco, traditional_nicotine",TRUE,Title,Default Title,,,,,,,,ED0180Z0142,31.7514659,shopify,0,deny,manual,3.68,4.6,TRUE,TRUE,,,,,,https://cdn.shopify.com/s/files/1/0901/3696/9543/files/267289107.webp?v=1763960342,1,267289107.webp,FALSE,8mg Ignite Double Apple Slim Nicotine Pouch - 20 Pouches ...,"Buy IGNITE Ignite Double Apple 8mg nicotine pouches. Tobacco-free, discreet pouches. Fast UK delivery, 18+ age verified.",Health & Beauty > Health Care > Medicine & Drugs,unisex,adult,ED0180Z0142,new,FALSE,,,,,,8mg,,,,,,,,,,,,,,,,,"ignite, 8mg, 8 mg, apple, nicotine pouches, nic pouches, tobacco free",https://cdn.shopify.com/s/files/1/0901/3696/9543/files/267289107.webp?v=1763960342,lb,,2.3,active
short-dated-8mg-kelly-white-slim-medium-sweet-peach-nicotine-pouches-20-pouches,Short Dated :: 8mg Kelly White Slim Medium Sweet Peach Nicotine Pouches - 20 Pouches,"<p><b>Please Note: The Best Before date of this product is 22/04/25</b></p>
<p>Savor the delightful essence of summer with the 8mg Kelly White Slim Medium Sweet Peach Nicotine Pouches, packaged conveniently in a set of 20. These pouches are designed for those who seek a refreshing and satisfying nicotine experience without the tobacco. Each slim pouch is infused with the luscious flavor of ripe peaches, delivering a sweet and juicy taste that tantalizes the palate. The medium strength of 8mg provides a balanced nicotine hit, making it suitable for both newcomers and experienced users alike. <br></p>
<p><strong>Specifications:</strong></p>
<p>Strength: 8mg Per Pouch / 15mg Per Gram <br>Doses: 20 pouches<br>Mini Pouch Design <br>Recyclable Packaging<br>Tobacco-free, smoke-free and vapour-free<br>Free From Harsh Chemicals<br>Long Lasting Flavour<br><strong><br>Flavour: </strong></p>
<ul>
<li>Sweet Peach</li>
</ul>",Kelly White,Health & Beauty > Health Care > Medicine & Drugs > Smoking Cessation Aids,Smoking Products,"8mg, nicotine_pouches, parse_attributes_0, pouch, tobacco",TRUE,Title,Default Title,,,,,,,,EI0010Z0141,31.7514659,shopify,158,deny,manual,2.48,3.1,TRUE,TRUE,,,,,7350139080040,https://cdn.shopify.com/s/files/1/0901/3696/9543/files/267289993.webp?v=1763960260,1,267289993.webp,FALSE,Short Dated :: 8mg Kelly White Slim Medium Sweet Peach Ni...,"Buy Kelly White Short Dated :: 8mg nicotine pouches. Tobacco-free, discreet pouches. Fast UK delivery, 18+ age verified.",Health & Beauty > Health Care > Medicine & Drugs,unisex,adult,EI0010Z0141,new,FALSE,,,,,,,,,,,,,,,,,,,,,,,"kelly white, 8mg, 8 mg, nicotine pouches, nic pouches, tobacco free",https://cdn.shopify.com/s/files/1/0901/3696/9543/files/267289993.webp?v=1763960260,lb,,1.55,active
short-dated-10mg-kelly-white-medium-slim-nicotine-pouches-20-pouches,Short Dated :: 10mg Kelly White Medium Slim Nicotine Pouches - 20 Pouches,"<p><b>Please Note: The Best Before date of this product is 22/04/25</b></p>
<p>Experience the refined pleasure of the 10mg Kelly White Medium Slim Nicotine Pouches, available in a convenient pack of 20. These pouches are expertly designed for those seeking a tobacco-free alternative, offering a smooth and satisfying nicotine experience in a discreet slim format. Each pouch delivers a balanced nicotine strength of 10mg, making it ideal for both newcomers and seasoned users alike. The all-white, natural plant fiber filling ensures a low-drip experience, allowing for a clean and enjoyable use without staining.<br></p>
<p><strong>Specifications:</strong></p>
<p>Strength: 5mg Per Pouch / 10mg Per Gram <br>Doses: 20 pouches<br>Slim Pouch Design<br>Recyclable Packaging<br>Tobacco-free, smoke-free and vapour-free<br>Free From Harsh Chemicals<br>Long Lasting Flavour<br><strong><br>Flavour: </strong></p>
<ul>
<li>Sparkling Strawberry </li>
<li>Sweet Melon Mint</li>
</ul>",Kelly White,Health & Beauty > Health Care > Medicine & Drugs > Smoking Cessation Aids,Smoking Products,"0mg, fruity, ice, nic_salt, parse_attributes_0, pouch",TRUE,Flavour,Sweet Melon Mint,,,,,,,,EI0009Z0141,31.7514659,shopify,164,deny,manual,2.48,3.1,TRUE,TRUE,,,,,7350139080033,https://cdn.shopify.com/s/files/1/0901/3696/9543/files/267289763.webp?v=1763960216,1,267289763.webp,FALSE,Short Dated :: 10mg Kelly White Medium Slim Nicotine Pouc...,"Buy Kelly White Short Dated :: 10mg nicotine pouches. Tobacco-free, discreet pouches. Fast UK delivery, 18+ age verified.",Health & Beauty > Health Care > Medicine & Drugs,unisex,adult,EI0009Z0141,new,FALSE,,,,,,,,,,,,,,,,,,,,,,,"kelly white, 10mg, 10 mg, nicotine pouches, nic pouches, tobacco free",https://cdn.shopify.com/s/files/1/0901/3696/9543/files/267289765.webp?v=1763960220,lb,,1.55,active
short-dated-10mg-kelly-white-medium-slim-nicotine-pouches-20-pouches,,,,,,,,,Sparkling Strawberry,,,,,,,,EI0007Z0141,31.7514659,shopify,73,deny,manual,2.48,3.1,TRUE,TRUE,,,,,7350139080026,https://cdn.shopify.com/s/files/1/0901/3696/9543/files/267289764.webp?v=1763960221,2,267289764.webp,,,,,,,,,,,,,,,,,,,,,,,,,,,,,,,,,https://cdn.shopify.com/s/files/1/0901/3696/9543/files/267289764.webp?v=1763960221,lb,,1.55,
short-dated-10mg-kelly-white-medium-slim-nicotine-pouches-20-pouches,,,,,,,,,,,,,,,,,,,,,,,,,,,,,,,,https://cdn.shopify.com/s/files/1/0901/3696/9543/files/267289765.webp?v=1763960220,3,267289765.webp,,,,,,,,,,,,,,,,,,,,,,,,,,,,,,,,,,,,,
short-dated-8mg-kelly-white-mini-medium-raspberry-lemon-nicotine-pouches-20-pouches,Short Dated :: 8mg Kelly White Mini Medium Raspberry Lemon Nicotine Pouches - 20 Pouches,"<p><b>Please Note: The Best Before date of this product is 22/04/25</b></p>
<p>Indulge in the refreshing taste of the 8mg Kelly White Mini Raspberry Lemon Nicotine Pouches, available in a convenient pack of 20. These pouches combine the vibrant flavours of tart raspberries and zesty lemons, creating a delightful and invigorating experience for your palate. Each mini pouch is designed for discreet use, making it perfect for any occasion, whether you're at home, at work, or on the go. With a nicotine strength of 8mg, these tobacco-free pouches provide a satisfying nicotine experience without the smoke or vapor, catering to those seeking a cleaner alternative. The sleek and stylish packaging reflects the premium quality of the product, ensuring that you can enjoy a burst of fruity flavour anytime you desire.<br></p>
<p><strong>Specifications:</strong></p>
<p>Strength: 8mg Per Pouch / 15mg Per Gram <br>Doses: 20 pouches<br>Mini Pouch Design <br>Recyclable Packaging<br>Tobacco-free, smoke-free and vapour-free<br>Free From Harsh Chemicals<br>Long Lasting Flavour<br><strong><br>Flavour: </strong></p>
<ul>
<li> Raspberry Lemon</li>
</ul>",Kelly White,Health & Beauty > Health Care > Medicine & Drugs > Smoking Cessation Aids,Smoking Products,"8mg, fruity, parse_attributes_0, pouch, tobacco",TRUE,Title,Default Title,,,,,,,,EI0008Z0141,31.7514659,shopify,115,deny,manual,2.48,3.1,TRUE,TRUE,,,,,7350139080163,https://cdn.shopify.com/s/files/1/0901/3696/9543/files/267289937.webp?v=1763960179,1,267289937.webp,FALSE,Short Dated :: 8mg Kelly White Mini Medium Raspberry Lemo...,"Buy Kelly White Short Dated :: 8mg nicotine pouches. Tobacco-free, discreet pouches. Fast UK delivery, 18+ age verified.",Health & Beauty > Health Care > Medicine & Drugs,unisex,adult,EI0008Z0141,new,FALSE,,,,,,,,,,,,,,,,,,,,,,,"kelly white, 8mg, 8 mg, berry, lemon, nicotine pouches, nic pouches, tobacco free",https://cdn.shopify.com/s/files/1/0901/3696/9543/files/267289937.webp?v=1763960179,lb,,1.55,active
3mg-mi3-by-airscream-nicotine-pouches-20-pouches,3mg MI3 By AIRSCREAM Nicotine Pouches - 20 Pouches,"<p><!----></p>
<p>Discover MI3 Nicotine Pouches, the discreet and convenient way to satisfy your nicotine cravings. Each tin contains 20 pouches infused with 3mg of high-quality nicotine for a truly satisfying experience. These sleek and compact pouches are expertly designed to fit comfortably under the lip, delivering nicotine without the need for combustion or vapour. Perfect for moments when traditional smoking or vaping is not an option, MI3 Nicotine Pouches offer a clean and discreet alternative. Made with premium ingredients and available in a variety of refreshing flavours, these pouches provide a consistent and enjoyable nicotine delivery system. Whether you're at work, out with friends, or simply looking for a smoke-free option, MI3 Nicotine Pouches are the perfect companion for your modern, on-the-go lifestyle.<br></p>
<p><strong>Specifications:</strong><br></p>
<ul>
<li>Strength: 3mg Per Pouch <br>
</li>
<li>Doses: 20 pouches<br>
</li>
<li>Tobacco-free, smoke-free and vapour-free<br>
</li>
</ul>
<p><strong>Direction of Use: </strong>Place one pouch under your top or bottom lip. Position the pouch to the side of your lip for comfort. Remove after 30 to 60 minutes.</p>
<p><strong>Flavours: </strong><br></p>
<ul>
<li>Ice Lemon </li>
<li>Mint </li>
<li>Apple Mint </li>
<li>Mix Fruits </li>
</ul>
<!---->",MI3,Health & Beauty > Health Care > Medicine & Drugs > Smoking Cessation Aids,Smoking Products,"3mg, fruity, ice, nic_strength=3, nicotine_pouches, parse_attributes_0, pouch, traditional_nicotine",TRUE,Flavour,Mint,,,,,,,,EF0183X0370,31.7514659,shopify,23,deny,manual,5.28,6.6,TRUE,TRUE,,,,,,https://cdn.shopify.com/s/files/1/0901/3696/9543/files/267289080.webp?v=1763960089,1,267289080.webp,FALSE,3mg MI3 By AIRSCREAM Nicotine Pouches - 20 Pouches,"Buy MI3 MI3 By AIRSCREAM 3mg nicotine pouches. Tobacco-free, discreet pouches. Fast UK delivery, 18+ age verified.",Health & Beauty > Health Care > Medicine & Drugs,unisex,adult,EF0183X0370,new,FALSE,,,,,,3mg,,,,,,,,,,,,,,,,,"mi3, 3mg, 3 mg, nicotine pouches, nic pouches, tobacco free",https://cdn.shopify.com/s/files/1/0901/3696/9543/files/267289082.webp?v=1763960095,lb,,3.3,active
3mg-mi3-by-airscream-nicotine-pouches-20-pouches,,,,,,,,,Apple Mint,,,,,,,,EF0184X0370,31.7514659,shopify,12,deny,manual,5.28,6.6,TRUE,TRUE,,,,,,https://cdn.shopify.com/s/files/1/0901/3696/9543/files/267289081.webp?v=1763960098,2,267289081.webp,,,,,,,,,,,,,,,,,,,,,,,,,,,,,,,,,https://cdn.shopify.com/s/files/1/0901/3696/9543/files/267289083.webp?v=1763960096,lb,,3.3,
3mg-mi3-by-airscream-nicotine-pouches-20-pouches,,,,,,,,,Mix Fruits,,,,,,,,EF0185X0370,31.7514659,shopify,5,deny,manual,5.28,6.6,TRUE,TRUE,,,,,,https://cdn.shopify.com/s/files/1/0901/3696/9543/files/267289082.webp?v=1763960095,3,267289082.webp,,,,,,,,,,,,,,,,,,,,,,,,,,,,,,,,,https://cdn.shopify.com/s/files/1/0901/3696/9543/files/267289084.webp?v=1763960093,lb,,3.3,
3mg-mi3-by-airscream-nicotine-pouches-20-pouches,,,,,,,,,Ice Lemon,,,,,,,,EF0182X0370,31.7514659,shopify,26,deny,manual,5.28,6.6,TRUE,TRUE,,,,,,https://cdn.shopify.com/s/files/1/0901/3696/9543/files/267289083.webp?v=1763960096,4,267289083.webp,,,,,,,,,,,,,,,,,,,,,,,,,,,,,,,,,https://cdn.shopify.com/s/files/1/0901/3696/9543/files/267289081.webp?v=1763960098,lb,,3.3,
3mg-mi3-by-airscream-nicotine-pouches-20-pouches,,,,,,,,,,,,,,,,,,,,,,,,,,,,,,,,https://cdn.shopify.com/s/files/1/0901/3696/9543/files/267289084.webp?v=1763960093,5,267289084.webp,,,,,,,,,,,,,,,,,,,,,,,,,,,,,,,,,,,,,
helwit-12mg-nicotine-pouches-menthol-20-pouches,HELWIT 12mg Nicotine Pouches Menthol - 20 Pouches,"<p><span data-mce-fragment=""1"">Experience the convenience and discretion of HELWIT 12mg Nicotine Pouches Menthol. Indulge in a refreshing menthol flavour while satisfying your nicotine cravings without the need for smoking. With each pouch containing 12mg of nicotine, you'll enjoy a controlled and consistent dose in a smoke-free and spit-free form. Perfect for use in any setting - work, on the go, or in smoke-free environments - these pouches offer a convenient and enjoyable way to consume nicotine.</span><br data-mce-fragment=""1""></p>
<ul data-mce-fragment=""1"">
<li data-mce-fragment=""1"">Strength - 4/4</li>
<li data-mce-fragment=""1"">12mg <span data-mce-fragment=""1"">Nicotine Salt</span>
</li>
<li data-mce-fragment=""1"">Slim Packaging</li>
<li data-mce-fragment=""1"">Shelf Life 365 days</li>
<li data-mce-fragment=""1"">Made In Sweden</li>
<li data-mce-fragment=""1"">Weight: 10g</li>
</ul>
<p><br data-mce-fragment=""1""><strong data-mce-fragment=""1"">Flavour:</strong><span data-mce-fragment=""1""> Menthol </span><br data-mce-fragment=""1""><br data-mce-fragment=""1""><strong data-mce-fragment=""1"">Ingredients:<span data-mce-fragment=""1""> </span></strong><span data-mce-fragment=""1"">Cellulose fiber (E460i), Humectant (E422), Water, Flavourings, Nicotine Polacrilex, Salt, Erythritol (E968), Acidity regulator (E500), Sweetener (E955)</span></p>",HELWIT,Health & Beauty > Health Care > Medicine & Drugs > Smoking Cessation Aids,Smoking Products,"12mg, ice, nic_salt, nic_strength=12, nicotine_pouches, parse_attributes_0, pouch",TRUE,Title,Default Title,,,,,,,,AG0199X0474,9.0718474,shopify,0,deny,manual,3.92,4.9,TRUE,TRUE,,,,,,https://cdn.shopify.com/s/files/1/0901/3696/9543/files/267289008.webp?v=1763960085,1,267289008.webp,FALSE,HELWIT 12mg Nicotine Pouches Menthol - 20 Pouches,"Buy HELWIT HELWIT Menthol 12mg nicotine pouches. Tobacco-free, discreet pouches. Fast UK delivery, 18+ age verified.",Health & Beauty > Health Care > Medicine & Drugs,unisex,adult,AG0199X0474,new,FALSE,,,,,,,,,,,,,,,,,,,,,,,"helwit, 12mg, 12 mg, menthol, nicotine pouches, nic pouches, tobacco free",https://cdn.shopify.com/s/files/1/0901/3696/9543/files/267289008.webp?v=1763960085,lb,,2.45,active
15mg-helwit-extra-strong-blueberry-nicotine-pouches-20-pouches,15mg HELWIT Extra Strong Blueberry Nicotine Pouches - 20 Pouches,"<p>Experience a fast and efficient way to enjoy nicotine with HELWIT 15mg Extra Strong Blueberry Nicotine Pouches. These slim, all-white, and tobacco-free pouches come in a modern can and deliver 15mg/g of nicotine in a discreet and convenient manner. Immerse yourself in the sweet and fruity flavor of blueberry while satisfying your craving for nicotine. Perfect for smoke-free environments, these pouches fit comfortably under the upper lip and provide a balanced and delicious experience.<br></p>
<ul>
<li>Extra Strong</li>
<li>15mg/g Nicotine </li>
<li>Slim Packaging</li>
<li>Shelf Life 365 days</li>
<li>Made In Sweden</li>
<li>Weight: 10g</li>
</ul>
<p><br><strong>Flavour:</strong> Blueberry <br><br>Ingredients: Cellulose fibre (E460i), Humectant (E422), Water, Flavourings, Nicotine Polacrilex, Salt, Erythritol (E968), Acidity regulator (E500), Sweetener (E955)<br></p>",HELWIT,Health & Beauty > Health Care > Medicine & Drugs > Smoking Cessation Aids,Smoking Products,"15mg, fruity, nic_strength=15, nicotine_pouches, parse_attributes_0, pouch, tobacco",TRUE,Title,Default Title,,,,,,,,AB0281X0474,9.0718474,shopify,0,deny,manual,3.92,4.9,TRUE,TRUE,,,,,,https://cdn.shopify.com/s/files/1/0901/3696/9543/files/267289907.webp?v=1763959977,1,267289907.webp,FALSE,15mg HELWIT Extra Strong Blueberry Nicotine Pouches - 20 ...,"Buy HELWIT HELWIT Extra Strong 15mg nicotine pouches. Tobacco-free, discreet pouches. Fast UK delivery, 18+ age verified.",Health & Beauty > Health Care > Medicine & Drugs,unisex,adult,AB0281X0474,new,FALSE,,,,,,,,,,,,,,,,,,,,,,,"helwit, 15mg, 15 mg, berry, nicotine pouches, nic pouches, tobacco free",https://cdn.shopify.com/s/files/1/0901/3696/9543/files/267289907.webp?v=1763959977,lb,,2.45,active
16mg-poke-freeze-mint-nicotine-pouches-20-pouches,16mg Poke Freeze Mint Nicotine Pouches - 20 Pouches,"Enhance your nicotine experience with our 16mg Poke Freeze Mint Nicotine Pouches. These pouches are expertly crafted with a wonderfully refreshing mint flavour, providing a unique and satisfying way to enjoy nicotine without the need for smoke or vapour. Each packaging comes with 20 convenient pouches, allowing for easy indulgence wherever you are.  Immerse yourself in the chillingly refreshing sensation of Poke Freeze Mint and savour a moment of pure refreshment throughout your day.<br data-mce-fragment=""1""><br data-mce-fragment=""1""><strong data-mce-fragment=""1"">Specifications:</strong><br data-mce-fragment=""1"">
<ul data-mce-fragment=""1"">
<li data-mce-fragment=""1"">Strength: 16mg Per Pouch</li>
<li data-mce-fragment=""1"">Doses: 20 pouches</li>
<li data-mce-fragment=""1"">Tobacco-free, smoke-free and vapour-free</li>
<li data-mce-fragment=""1"">Freeze Mint Flavouring</li>
</ul>
<br data-mce-fragment=""1""><strong data-mce-fragment=""1"">Direction of Use:</strong> Place one pouch under your top or bottom lip. Position the pouch to the side of your lip for comfort. Remove after 30 to 60 minutes.",Poke,Health & Beauty > Health Care > Medicine & Drugs > Smoking Cessation Aids,Smoking Products,"16mg, ice, nicotine_pouches, parse_attributes_0, pouch, tobacco",TRUE,Title,Default Title,,,,,,,,EE0035X0496,31.7514659,shopify,0,deny,manual,3.2,4,TRUE,TRUE,,,,,,https://cdn.shopify.com/s/files/1/0901/3696/9543/files/267288857.webp?v=1763959923,1,267288857.webp,FALSE,16mg Poke Freeze Mint Nicotine Pouches - 20 Pouches,"Buy Poke Poke Freeze Mint 16mg nicotine pouches. Tobacco-free, discreet pouches. Fast UK delivery, 18+ age verified.",Health & Beauty > Health Care > Medicine & Drugs,unisex,adult,EE0035X0496,new,FALSE,,,,,,,,,,,,,,,,,,,,,,,"poke, 16mg, 16 mg, mint, freeze, nicotine pouches, nic pouches, tobacco free",https://cdn.shopify.com/s/files/1/0901/3696/9543/files/267288857.webp?v=1763959923,lb,,2,active
4mg-gilo-nicotine-pouches-orange-bubblegum-ice-20-pouches-buy-1-get-1-free,4mg GILO Nicotine Pouches Orange Bubblegum Ice - 20 Pouches (Buy 1 Get 1 Free),"<p><b><i>Limited Time Offer: Buy 1 Get 1 Free</i></b></p>
<p><span>Gilo Nicotine Pouch in Orange Bubble Gum Ice delivers a delightful fusion of sweet and zesty flavours, perfectly capturing the nostalgic essence of bubble gum with an invigorating icy twist. Each pouch combines the bright, refreshing taste of orange with a creamy sweetness, creating a unique flavour experience that tantalises the taste buds while providing a satisfying nicotine hit.</span></p>
<p><strong>Specifications:</strong></p>
<ul>
<li><span>4mg per pouch</span></li>
<li><span>20 Pouches</span></li>
</ul>
<p><span><strong>Ingredients: </strong><span data-teams=""true"">Filler (E460), nicotine, acidity regulator (E500), water, humectant (E1520), preservative (E202), salt, water retention agent (E420), stabilizer (E1400), flavouring, sweetener (E950)</span></span></p>",Gilo,Health & Beauty > Health Care > Medicine & Drugs > Smoking Cessation Aids,Smoking Products,"4mg, ice, nic_strength=4, nicotine_pouches, parse_attributes_0, pouch",TRUE,Title,Default Title,,,,,,,,AJ0041X0522,13.6077711,shopify,5,deny,manual,3.44,4.3,TRUE,TRUE,,,,,,https://cdn.shopify.com/s/files/1/0901/3696/9543/files/267289936.webp?v=1763959721,1,267289936.webp,FALSE,4mg GILO Nicotine Pouches Orange Bubblegum Ice - 20 Pouch...,"Buy Gilo GILO Orange Bubblegum 4mg nicotine pouches. Tobacco-free, discreet pouches. Fast UK delivery, 18+ age verified.",Health & Beauty > Health Care > Medicine & Drugs,unisex,adult,AJ0041X0522,new,FALSE,,,,,,4mg,,,,,,,,,,,,,,,,,"gilo, 4mg, 4 mg, orange, ice, nicotine pouches, nic pouches, tobacco free",https://cdn.shopify.com/s/files/1/0901/3696/9543/files/267289936.webp?v=1763959721,lb,,2.15,active
25mg-ghost-strong-nicotine-pouches-20-pouches,25mg Ghost Strong Nicotine Pouches - 20 Pouches,"<p>Experience the convenience and satisfaction of Ghost's 25mg Medium Nicotine Pouches - 20 Pouches. These top-tier, tobacco-free pouches have been meticulously crafted to provide a discreet and fulfilling nicotine experience. With 99% pure liquid nicotine and a variety of enticing flavours like Citrus and Mango, these pouches offer a clean and smooth sensation under the lip. Enjoy the mild strength of 6mg, perfect for those transitioning from traditional tobacco products or seeking a lighter nicotine option. The sleek and comfortable design of each pouch allows for effortless and discreet use in any setting. Say goodbye to smoking and vaping and try Ghost Nicotine Pouches for a modern and versatile alternative for nicotine users.<br><br><br><strong data-mce-fragment=""1"">Specifications:</strong><br data-mce-fragment=""1""></p>
<ul data-mce-fragment=""1"">
<li data-mce-fragment=""1"">Strength: 25mg Per Pouch </li>
<li data-mce-fragment=""1"">Weight: 30g</li>
<li data-mce-fragment=""1"">Doses: 20 pouches</li>
<li data-mce-fragment=""1"">99% Pure Liquid Nicotine</li>
<li data-mce-fragment=""1"">Manufactured by Vapes Bars</li>
<li data-mce-fragment=""1"">Tobacco Free</li>
</ul>
<p><br data-mce-fragment=""1""><strong data-mce-fragment=""1"">Direction of Use:</strong><span data-mce-fragment=""1""> Place one pouch under your top or bottom lip. Position the pouch to the side of your lip for comfort. Remove after 30 to 60 minutes.</span><br data-mce-fragment=""1""><br data-mce-fragment=""1""><strong data-mce-fragment=""1"">Flavour:</strong><br data-mce-fragment=""1""></p>
<ul data-mce-fragment=""1"">
<li data-mce-fragment=""1"">Spearmint </li>
<li data-mce-fragment=""1"">Freeze </li>
<li data-mce-fragment=""1"">Mango </li>
<li data-mce-fragment=""1"">Blueberry Ice </li>
<li data-mce-fragment=""1"">Ice Spearmint </li>
<li data-mce-fragment=""1"">Citrus</li>
</ul>
<!----><!---->",Ghost,Health & Beauty > Health Care > Medicine & Drugs > Smoking Cessation Aids,Smoking Products,"0mg, fruity, ice, nic_salt, nic_strength=25, nicotine_pouches, parse_attributes_0, pouch, traditional_nicotine",TRUE,Flavour,Mango,,,,,,,,EH0042X0308,31.7514659,shopify,112,deny,manual,2.88,3.6,TRUE,TRUE,,,,,,https://cdn.shopify.com/s/files/1/0901/3696/9543/files/267289537.webp?v=1763959623,1,267289537.webp,FALSE,25mg Ghost Strong Nicotine Pouches - 20 Pouches,"Buy Ghost Ghost Strong 25mg nicotine pouches. Tobacco-free, discreet pouches. Fast UK delivery, 18+ age verified.",Health & Beauty > Health Care > Medicine & Drugs,unisex,adult,EH0042X0308,new,FALSE,,,,,,25mg,,,,,,,,,,,,,,,,,"ghost, 25mg, 25 mg, nicotine pouches, nic pouches, tobacco free",https://cdn.shopify.com/s/files/1/0901/3696/9543/files/267289540.webp?v=1763959633,lb,,1.8,active
25mg-ghost-strong-nicotine-pouches-20-pouches,,,,,,,,,Spearmint,,,,,,,,EH0040X0308,31.7514659,shopify,127,deny,manual,2.88,3.6,TRUE,TRUE,,,,,,https://cdn.shopify.com/s/files/1/0901/3696/9543/files/267289538.webp?v=1763959631,2,267289538.webp,,,,,,,,,,,,,,,,,,,,,,,,,,,,,,,,,https://cdn.shopify.com/s/files/1/0901/3696/9543/files/267289538.webp?v=1763959631,lb,,1.8,
25mg-ghost-strong-nicotine-pouches-20-pouches,,,,,,,,,Blueberry Ice,,,,,,,,EH0043X0308,31.7514659,shopify,99,deny,manual,2.88,3.6,TRUE,TRUE,,,,,,https://cdn.shopify.com/s/files/1/0901/3696/9543/files/267289539.webp?v=1763959630,3,267289539.webp,,,,,,,,,,,,,,,,,,,,,,,,,,,,,,,,,https://cdn.shopify.com/s/files/1/0901/3696/9543/files/267289541.webp?v=1763959635,lb,,1.8,
25mg-ghost-strong-nicotine-pouches-20-pouches,,,,,,,,,Citrus,,,,,,,,EH0045X0308,31.7514659,shopify,135,deny,manual,2.88,3.6,TRUE,TRUE,,,,,,https://cdn.shopify.com/s/files/1/0901/3696/9543/files/267289540.webp?v=1763959633,4,267289540.webp,,,,,,,,,,,,,,,,,,,,,,,,,,,,,,,,,https://cdn.shopify.com/s/files/1/0901/3696/9543/files/267289543.webp?v=1763959628,lb,,1.8,
25mg-ghost-strong-nicotine-pouches-20-pouches,,,,,,,,,Ice Spearmint,,,,,,,,EH0044X0308,31.7514659,shopify,195,deny,manual,2.88,3.6,TRUE,TRUE,,,,,,https://cdn.shopify.com/s/files/1/0901/3696/9543/files/267289541.webp?v=1763959635,5,267289541.webp,,,,,,,,,,,,,,,,,,,,,,,,,,,,,,,,,https://cdn.shopify.com/s/files/1/0901/3696/9543/files/267289542.webp?v=1763959632,lb,,1.8,
25mg-ghost-strong-nicotine-pouches-20-pouches,,,,,,,,,Freeze,,,,,,,,EH0041X0308,31.7514659,shopify,140,deny,manual,2.88,3.6,TRUE,TRUE,,,,,,https://cdn.shopify.com/s/files/1/0901/3696/9543/files/267289542.webp?v=1763959632,6,267289542.webp,,,,,,,,,,,,,,,,,,,,,,,,,,,,,,,,,https://cdn.shopify.com/s/files/1/0901/3696/9543/files/267289539.webp?v=1763959630,lb,,1.8,
25mg-ghost-strong-nicotine-pouches-20-pouches,,,,,,,,,,,,,,,,,,,,,,,,,,,,,,,,https://cdn.shopify.com/s/files/1/0901/3696/9543/files/267289543.webp?v=1763959628,7,267289543.webp,,,,,,,,,,,,,,,,,,,,,,,,,,,,,,,,,,,,,
short-dated-16mg-kelly-white-mini-medium-hot-cherry-nicotine-pouches-20-pouches,Short Dated :: 16mg Kelly White Mini Medium Hot Cherry Nicotine Pouches - 20 Pouches,"<p><b>Please Note: The Best Before date of this product is 25/04/25</b></p>
<p>Discover the bold and tantalizing flavor of the 16mg Kelly White Mini Medium Hot Cherry Nicotine Pouches, conveniently packaged in a set of 20. These pouches deliver a unique and fiery cherry experience that combines the sweetness of ripe cherries with a hint of spice, creating an exhilarating taste sensation. Each mini pouch is designed for discreet use, making it perfect for those who want a flavorful nicotine experience on the go. With a nicotine strength of 16mg, these pouches provide a robust kick that caters to both newcomers and seasoned users alike. <br></p>
<p><strong>Specifications:</strong></p>
<ul>
<li>Strength: 8mg Per Pouch / 15mg Per Gram <br>
</li>
<li>Doses: 20 pouches<br>
</li>
<li>Mini Pouch Design <br>
</li>
<li>Recyclable Packaging<br>
</li>
<li>Tobacco-free, smoke-free and vapour-free<br>
</li>
<li>Free From Harsh Chemicals<br>
</li>
<li>Long Lasting Flavour<br><strong><br>Flavour: </strong>
</li>
<li>Hot Cherry</li>
</ul>",Kelly White,Health & Beauty > Health Care > Medicine & Drugs > Smoking Cessation Aids,Smoking Products,"16mg, nicotine_pouches, parse_attributes_0, pouch, spices_&_herbs, tobacco",TRUE,Title,Default Title,,,,,,,,EI0012Z0141,31.7514659,shopify,109,deny,manual,2.48,3.1,TRUE,TRUE,,,,,7350139080248,https://cdn.shopify.com/s/files/1/0901/3696/9543/files/267289536.webp?v=1763959409,1,267289536.webp,FALSE,Short Dated :: 16mg Kelly White Mini Medium Hot Cherry Ni...,"Buy Kelly White Short Dated :: 16mg nicotine pouches. Tobacco-free, discreet pouches. Fast UK delivery, 18+ age verified.",Health & Beauty > Health Care > Medicine & Drugs,unisex,adult,EI0012Z0141,new,FALSE,,,,,,,,,,,,,,,,,,,,,,,"kelly white, 16mg, 16 mg, cherry, nicotine pouches, nic pouches, tobacco free",https://cdn.shopify.com/s/files/1/0901/3696/9543/files/267289536.webp?v=1763959409,lb,,1.55,active
helwit-7mg-nicotine-pouches-violet-20-pouches,HELWIT 7mg Nicotine Pouches Violet - 20 Pouches,"<p><span data-mce-fragment=""1"">The HELWIT 7mg Nicotine Pouches Violet offers a discreet and convenient way to consume nicotine. With 20 pouches in each can and a nicotine level of 7mg/g, they provide a balanced and pleasant experience with a unique violet flavour. These slim, tobacco-free pouches fit comfortably under the upper lip for a quick and efficient release of nicotine. Whether in smoke-free environments or for those seeking a contemporary option, these pouches are the perfect choice.</span><br data-mce-fragment=""1""><br data-mce-fragment=""1""></p>
<ul data-mce-fragment=""1"">
<li data-mce-fragment=""1"">Strength - 2/4</li>
<li data-mce-fragment=""1"">7mg Nicotine Salt</li>
<li data-mce-fragment=""1"">Slim Packaging</li>
<li data-mce-fragment=""1"">Shelf Life 365 days</li>
<li data-mce-fragment=""1"">Made In Sweden</li>
<li data-mce-fragment=""1"">Weight: 10g</li>
</ul>
<p><br data-mce-fragment=""1""><strong data-mce-fragment=""1"">Flavour:</strong><span data-mce-fragment=""1""> Violet </span><br data-mce-fragment=""1""><br data-mce-fragment=""1""><strong data-mce-fragment=""1"">Ingredients:</strong><span data-mce-fragment=""1""> Cellulose fiber (E460i), Humectant (E422), Water, Flavourings, Nicotine Polacrilex, Salt, Erythritol (E968), Acidity regulator (E500), Sweetener (E955)</span><br data-mce-fragment=""1""></p>",HELWIT,Health & Beauty > Health Care > Medicine & Drugs > Smoking Cessation Aids,Smoking Products,"7mg, nic_salt, nic_strength=7, nic_strength=8, nicotine_pouches, parse_attributes_0, pouch, tobacco",TRUE,Title,Default Title,,,,,,,,AG0204X0474,9.0718474,shopify,0,deny,manual,3.92,4.9,TRUE,TRUE,,,,,,https://cdn.shopify.com/s/files/1/0901/3696/9543/files/267289139.webp?v=1763959367,1,267289139.webp,FALSE,HELWIT 7mg Nicotine Pouches Violet - 20 Pouches,"Buy HELWIT HELWIT Violet 7mg nicotine pouches. Tobacco-free, discreet pouches. Fast UK delivery, 18+ age verified.",Health & Beauty > Health Care > Medicine & Drugs,unisex,adult,AG0204X0474,new,FALSE,,,,,,7mg,,,,,,,,,,,,,,,,,"helwit, 7mg, 7 mg, nicotine pouches, nic pouches, tobacco free",https://cdn.shopify.com/s/files/1/0901/3696/9543/files/267289139.webp?v=1763959367,lb,,2.45,active
35mg-nois-cool-strong-mini-nicotine-pouches-33-pouches,35mg NOIS Cool Strong Mini Nicotine Pouches - 33 Pouches,"<p data-start=""0"" data-end=""524"">Experience the energizing effects of 35mg NOIS Cool Strong Mini Nicotine Pouches - 33 Pouches, formulated by experts for a potent yet well-balanced nicotine experience in a discreet, tobacco-free form. Each pack contains 33 mini pouches, delivering a cool and refreshing burst of flavor with every use. These strong nicotine pouches are perfect for busy lifestyles, providing a smoke and vapor-free option that eliminates lingering odors and the risks associated with traditional tobacco products. Additionally, these pouches are ideal for maintaining oral health as they do not cause staining or gum issues commonly associated with smoking. With a 35mg nicotine strength, these pouches offer a satisfying and consistent release, making them suitable for both experienced users and those transitioning from cigarettes or other nicotine products. Enjoy a clean and hassle-free experience anywhere, from restaurants to flights, with NOIS Cool Strong Mini Nicotine Pouches. Trust in this premium, extra strong nicotine pouch solution that is highly regarded.</p>
<p data-start=""0"" data-end=""524""><strong>Specifications:</strong></p>
<ul>
<li data-start=""0"" data-end=""524"">Nicotine Strength: 35mg/g Strength</li>
<li data-start=""0"" data-end=""524"">Tobacco-Free</li>
<li data-start=""0"" data-end=""524"">Smoke-Free</li>
<li data-start=""0"" data-end=""524"">Format: Slim</li>
<li>33 Pouches Per Pack</li>
</ul>
<p><strong>Flavour:</strong></p>
<ul>
<li>Cool Strong<br>
</li>
</ul>
<p><strong>Direction of Use:</strong> Place one pouch under your top or bottom lip. Position the pouch to the side of your lip for comfort. Remove after 30 to 60 minutes.</p>",NOIS,Health & Beauty > Health Care > Medicine & Drugs > Smoking Cessation Aids,Smoking Products,"0mg, ice, nic_strength=35, nicotine_pouches, parse_attributes_0, pouch, tobacco, traditional_nicotine",TRUE,Title,Default Title,,,,,,,,AH0072Z0155,31.7514659,shopify,206,deny,manual,3.12,3.9,TRUE,TRUE,,,,,,https://cdn.shopify.com/s/files/1/0901/3696/9543/files/267289872.webp?v=1763959345,1,267289872.webp,FALSE,35mg NOIS Cool Strong Mini Nicotine Pouches - 33 Pouches,"Buy NOIS NOIS Cool Strong 35mg nicotine pouches. Tobacco-free, discreet pouches. Fast UK delivery, 18+ age verified.",Health & Beauty > Health Care > Medicine & Drugs,unisex,adult,AH0072Z0155,new,FALSE,,,,,,35mg,,,,,,,,,,,,,,,,,"nois, 35mg, 35 mg, cool, nicotine pouches, nic pouches, tobacco free",https://cdn.shopify.com/s/files/1/0901/3696/9543/files/267289872.webp?v=1763959345,lb,,1.95,active
4nx-6mg-mint-slim-nicotine-pouches-20-pouches,4NX 6mg Mint Slim Nicotine Pouches 20 Pouches,"<p><span data-mce-fragment=""1"">An inspired blending of spearmint, peppermint and garden mint backed with a cool menthol blast, you can experience 4NX’s refreshing mint taste where ever you want. The 4NX nicotine pouches are smoke free, odour free, spit free and can be used on the go at anytime. They're totally discreet and convenient to help you overcome and tame your nicotine cravings.</span></p>
<p>- 20 Pouches</p>
<p>- 6mg Nicotine</p>
<p>- Mint Flavour</p>
<p><span data-mce-fragment=""1"">Fairly easy to use, you place a pouch inside your mouth in between your gum and lip for up to an hour. After that, you'll feel a tingling sensation for 5-10 minutes as the nicotine is absorbed.</span><br data-mce-fragment=""1""><br data-mce-fragment=""1""><span data-mce-fragment=""1"">Each of the 4NX Slim Nicotine Pouches comes in a very handy carry case. 4NX pouches are all-white and 100% Tobacco free.</span><br data-mce-fragment=""1""><br data-mce-fragment=""1""><strong data-mce-fragment=""1"">Specifications:</strong><br data-mce-fragment=""1""><span data-mce-fragment=""1"">Strength: 6 mg/g</span><br data-mce-fragment=""1""><span data-mce-fragment=""1"">Nicotine level: Medium</span><br data-mce-fragment=""1""><span data-mce-fragment=""1"">Doses: 20 pouches</span></p>",4NX,Health & Beauty > Health Care > Medicine & Drugs > Smoking Cessation Aids,Smoking Products,"6mg, ice, nic_strength=6, nicotine_pouches, parse_attributes_0, pouch, tobacco",TRUE,Title,Default Title,,,,,,,,BB0019X0475,49.8951607,shopify,0,deny,manual,3.52,4.4,TRUE,TRUE,,,,,,https://cdn.shopify.com/s/files/1/0901/3696/9543/files/267289145.webp?v=1763959082,1,267289145.webp,FALSE,4NX 6mg Mint Slim Nicotine Pouches 20 Pouches,"Buy 4NX 4NX Mint 6mg nicotine pouches. Tobacco-free, discreet pouches. Fast UK delivery, 18+ age verified.",Health & Beauty > Health Care > Medicine & Drugs,unisex,adult,BB0019X0475,new,FALSE,,,,,,6mg,,,,,,,,,,,,,,,,,"4nx, 6mg, 6 mg, mint, nicotine pouches, nic pouches, tobacco free",https://cdn.shopify.com/s/files/1/0901/3696/9543/files/267289145.webp?v=1763959082,lb,,2.2,active
free-muse-nic-pouches-promotional-a3-poster-for-your-business-2-per-customer-1,FREE Muse Nic Pouches Promotional A3 Poster - For Your Business! 2 Per Customer,,Muse,Health & Beauty > Health Care > Medicine & Drugs > Smoking Cessation Aids,,"0mg, nicotine_pouches, parse_attributes_0, pouch",TRUE,Title,Default Title,,,,,,,,NOSKU6,18.1436948,shopify,0,deny,manual,2,,TRUE,TRUE,,,,,,,,,FALSE,FREE Muse Nic Pouches Promotional A3 Poster - For Your Bu...,"Buy Muse nicotine pouches. Premium tobacco-free pouches. Fast UK delivery, 18+ age verified.",Health & Beauty > Health Care > Medicine & Drugs,unisex,adult,NOSKU6,new,FALSE,,,,,,,,,,,,,,,,,,,,,,,"muse, nicotine pouches, nic pouches, tobacco free",,lb,,0,unlisted
9mg-poke-citrus-nicotine-pouches-20-pouches,9mg Poke Citrus Nicotine Pouches - 20 Pouches,"Invigorate your senses with Poke Citrus Nicotine Pouches. Each package contains 20 pouches infused with a refreshing blend of citrus flavours, offering a zesty and invigorating twist to your nicotine experience. Perfect for those seeking a bright and energizing alternative to traditional nicotine products, these pouches provide a convenient and discreet way to enjoy nicotine without smoke or vapour. <br data-mce-fragment=""1""><br data-mce-fragment=""1""><strong data-mce-fragment=""1"">Specifications:</strong><br data-mce-fragment=""1"">
<ul data-mce-fragment=""1"">
<li data-mce-fragment=""1"">Strength: 9mg Per Pouch</li>
<li data-mce-fragment=""1"">Doses: 20 pouches</li>
<li data-mce-fragment=""1"">Tobacco-free, smoke-free and vapour-free</li>
<li data-mce-fragment=""1"">Citrus Flavouring</li>
</ul>
<br data-mce-fragment=""1""><strong data-mce-fragment=""1"">Direction of Use:</strong> Place one pouch under your top or bottom lip. Position the pouch to the side of your lip for comfort. Remove after 30 to 60 minutes.",Poke,Health & Beauty > Health Care > Medicine & Drugs > Smoking Cessation Aids,Smoking Products,"9mg, nic_strength=9, nicotine_pouches, parse_attributes_0, pouch, tobacco, traditional_nicotine",TRUE,Title,Default Title,,,,,,,,EE0042X0496,31.7514659,shopify,0,deny,manual,3.2,4,TRUE,TRUE,,,,,,https://cdn.shopify.com/s/files/1/0901/3696/9543/files/267289277.webp?v=1763958968,1,267289277.webp,FALSE,9mg Poke Citrus Nicotine Pouches - 20 Pouches,"Buy Poke Poke Citrus 9mg nicotine pouches. Tobacco-free, discreet pouches. Fast UK delivery, 18+ age verified.",Health & Beauty > Health Care > Medicine & Drugs,unisex,adult,EE0042X0496,new,FALSE,,,,,,,,,,,,,,,,,,,,,,,"poke, 9mg, 9 mg, citrus, nicotine pouches, nic pouches, tobacco free",https://cdn.shopify.com/s/files/1/0901/3696/9543/files/267289277.webp?v=1763958968,lb,,2,active
11mg-snoose-nicotine-pouches-20-pouches,11mg Snoose Nicotine Pouches - 20 Pouches,"<p>Snoose Nic Pouches are a modern alternative to traditional tobacco products, offering a convenient and tobacco-free way to enjoy nicotine. Each pouch is designed to be placed between the lip and gum, allowing for the absorption of nicotine through the oral mucosa without the need for smoking or chewing tobacco. These pouches contain a blend of nicotine, flavorings, sweeteners, and plant-based fibers, ensuring a satisfying experience with a variety of flavors to choose from.</p>
<p><strong>Specifications:</strong></p>
<ul>
<li>Strength: 11mg Per Pouch</li>
<li>Doses: 20 pouches</li>
<li>Tobacco-free, smoke-free and vapour-free<br>
</li>
<li>Multiple Flavours to Choose From</li>
<li>Recyclable Packaging</li>
<li>Free From Harsh Chemicals </li>
<li>Long Lasting Flavour</li>
</ul>
<p><strong>Flavour Ranges:</strong></p>
<ul>
<li>Blueberry<br>
</li>
<li>Strawberry<br>
</li>
<li>Watermelon Mint<br>
</li>
<li>Icy Mint</li>
</ul>
<p><strong>Direction of Use:</strong> Place one pouch under your top or bottom lip. Position the pouch to the side of your lip for comfort. Remove after 30 to 60 minutes.</p>",Snoose,Health & Beauty > Health Care > Medicine & Drugs > Smoking Cessation Aids,Smoking Products,"11mg, fruity, ice, nic_strength=11, nicotine_pouches, parse_attributes_0, pouch, traditional_nicotine",TRUE,Flavour,Blueberry,,,,,,,,ED0303X0514,31.7514659,shopify,0,deny,manual,4.08,5.1,TRUE,TRUE,,,,,734071025906,https://cdn.shopify.com/s/files/1/0901/3696/9543/files/267289874.webp?v=1763958868,1,267289874.webp,FALSE,11mg Snoose Nicotine Pouches - 20 Pouches,"Buy Snoose Snoose 11mg nicotine pouches. Tobacco-free, discreet pouches. Fast UK delivery, 18+ age verified.",Health & Beauty > Health Care > Medicine & Drugs,unisex,adult,ED0303X0514,new,FALSE,,,,,,,,,,,,,,,,,,,,,,,"snoose, 11mg, 11 mg, nicotine pouches, nic pouches, tobacco free",https://cdn.shopify.com/s/files/1/0901/3696/9543/files/267289875.webp?v=1763958874,lb,,2.55,active
11mg-snoose-nicotine-pouches-20-pouches,,,,,,,,,Strawberry,,,,,,,,ED0304X0514,31.7514659,shopify,0,deny,manual,4.08,5.1,TRUE,TRUE,,,,,734071025890,https://cdn.shopify.com/s/files/1/0901/3696/9543/files/267289875.webp?v=1763958874,2,267289875.webp,,,,,,,,,,,,,,,,,,,,,,,,,,,,,,,,,https://cdn.shopify.com/s/files/1/0901/3696/9543/files/267289876.webp?v=1763958877,lb,,2.55,
11mg-snoose-nicotine-pouches-20-pouches,,,,,,,,,Watermelon Mint,,,,,,,,ED0305X0514,31.7514659,shopify,0,deny,manual,4.08,5.1,TRUE,TRUE,,,,,734071025944,https://cdn.shopify.com/s/files/1/0901/3696/9543/files/267289876.webp?v=1763958877,3,267289876.webp,,,,,,,,,,,,,,,,,,,,,,,,,,,,,,,,,https://cdn.shopify.com/s/files/1/0901/3696/9543/files/267289877.webp?v=1763958872,lb,,2.55,
11mg-snoose-nicotine-pouches-20-pouches,,,,,,,,,Icy Mint,,,,,,,,ED0306X0514,31.7514659,shopify,0,deny,manual,4.08,5.1,TRUE,TRUE,,,,,734071025951,https://cdn.shopify.com/s/files/1/0901/3696/9543/files/267289877.webp?v=1763958872,4,267289877.webp,,,,,,,,,,,,,,,,,,,,,,,,,,,,,,,,,https://cdn.shopify.com/s/files/1/0901/3696/9543/files/267289878.webp?v=1763958875,lb,,2.55,
11mg-snoose-nicotine-pouches-20-pouches,,,,,,,,,,,,,,,,,,,,,,,,,,,,,,,,https://cdn.shopify.com/s/files/1/0901/3696/9543/files/267289878.webp?v=1763958875,5,267289878.webp,,,,,,,,,,,,,,,,,,,,,,,,,,,,,,,,,,,,,
9mg-egp-nicotine-pouches-20-pouches,9mg EGP Nicotine Pouches - 20 Pouches,"<p>The EPG 9mg Nicotine Pouches offer a discreet and satisfying way to enjoy nicotine without the harmful effects of smoking. These tobacco-free pouches are designed to be placed between the lip and gum, allowing for a smooth and lasting release of nicotine through the oral mucosa. Crafted with premium materials and free from tobacco, tar, and carbon monoxide.</p>
<p><strong>Specifications:</strong></p>
<ul>
<li>Strength: 9mg Per Pouch / 18mg Per Gram </li>
<li>Doses: 20 pouches</li>
<li>Recyclable Packaging</li>
<li>Tobacco-free, smoke-free and vapour-free</li>
<li>Multiple Flavours to Choose From</li>
<li>Free From Harsh Chemicals</li>
<li>Long Lasting Flavour</li>
</ul>
<p><br><strong>Flavours:</strong></p>
<ul>
<li>Citrus Chill </li>
<li><span data-teams=""true""><span dir=""ltr"" class=""ui-provider a b c d e f g h i j k l m n o p q r s t u v w x y z ab ac ae af ag ah ai aj ak"">Spearmint </span></span></li>
<li>Ruby Berry </li>
<li>
<span data-teams=""true""><span dir=""ltr"" class=""ui-provider a b c d e f g h i j k l m n o p q r s t u v w x y z ab ac ae af ag ah ai aj ak"">Mango </span></span><br>
</li>
<li>Ice Watermelon </li>
</ul>",EGP,Health & Beauty > Health Care > Medicine & Drugs > Smoking Cessation Aids,Smoking Products,"9mg, fruity, ice, nic_salt, nic_strength=9, parse_attributes_0, pouch, tobacco",TRUE,Flavour,Spearmint,,,,,,,,ED0323X0516,31.7514659,shopify,0,deny,manual,2.4,3,TRUE,TRUE,,,,,,https://cdn.shopify.com/s/files/1/0901/3696/9543/files/267289744.webp?v=1763958727,1,267289744.webp,FALSE,9mg EGP Nicotine Pouches - 20 Pouches,"Buy EGP EGP 9mg nicotine pouches. Tobacco-free, discreet pouches. Fast UK delivery, 18+ age verified.",Health & Beauty > Health Care > Medicine & Drugs,unisex,adult,ED0323X0516,new,FALSE,,,,,,,,,,,,,,,,,,,,,,,"egp, 9mg, 9 mg, nicotine pouches, nic pouches, tobacco free",https://cdn.shopify.com/s/files/1/0901/3696/9543/files/267289746.webp?v=1763958737,lb,,1.5,active
9mg-egp-nicotine-pouches-20-pouches,,,,,,,,,Mixed Berries,,,,,,,,ED0324X0516,31.7514659,shopify,0,deny,manual,2.4,3,TRUE,TRUE,,,,,,https://cdn.shopify.com/s/files/1/0901/3696/9543/files/267289745.webp?v=1763958735,2,267289745.webp,,,,,,,,,,,,,,,,,,,,,,,,,,,,,,,,,,lb,,1.5,
9mg-egp-nicotine-pouches-20-pouches,,,,,,,,,Ice Watermelon,,,,,,,,ED0326X0516,31.7514659,shopify,0,deny,manual,2.4,3,TRUE,TRUE,,,,,,https://cdn.shopify.com/s/files/1/0901/3696/9543/files/267289746.webp?v=1763958737,3,267289746.webp,,,,,,,,,,,,,,,,,,,,,,,,,,,,,,,,,https://cdn.shopify.com/s/files/1/0901/3696/9543/files/267289751.webp?v=1763958735,lb,,1.5,
9mg-egp-nicotine-pouches-20-pouches,,,,,,,,,Ruby Berry,,,,,,,,ED0325X0516,31.7514659,shopify,0,deny,manual,2.4,3,TRUE,TRUE,,,,,,https://cdn.shopify.com/s/files/1/0901/3696/9543/files/267289747.webp?v=1763958732,4,267289747.webp,,,,,,,,,,,,,,,,,,,,,,,,,,,,,,,,,https://cdn.shopify.com/s/files/1/0901/3696/9543/files/267289747.webp?v=1763958732,lb,,1.5,
9mg-egp-nicotine-pouches-20-pouches,,,,,,,,,Citrus Chill,,,,,,,,ED0322X0516,31.7514659,shopify,0,deny,manual,2.4,3,TRUE,TRUE,,,,,,https://cdn.shopify.com/s/files/1/0901/3696/9543/files/267289748.webp?v=1763958728,5,267289748.webp,,,,,,,,,,,,,,,,,,,,,,,,,,,,,,,,,https://cdn.shopify.com/s/files/1/0901/3696/9543/files/267289745.webp?v=1763958735,lb,,1.5,
9mg-egp-nicotine-pouches-20-pouches,,,,,,,,,,,,,,,,,,,,,,,,,,,,,,,,https://cdn.shopify.com/s/files/1/0901/3696/9543/files/267289749.webp?v=1763958729,6,267289749.webp,,,,,,,,,,,,,,,,,,,,,,,,,,,,,,,,,,,,,
9mg-egp-nicotine-pouches-20-pouches,,,,,,,,,,,,,,,,,,,,,,,,,,,,,,,,https://cdn.shopify.com/s/files/1/0901/3696/9543/files/267289750.webp?v=1763958729,7,267289750.webp,,,,,,,,,,,,,,,,,,,,,,,,,,,,,,,,,,,,,
9mg-egp-nicotine-pouches-20-pouches,,,,,,,,,,,,,,,,,,,,,,,,,,,,,,,,https://cdn.shopify.com/s/files/1/0901/3696/9543/files/267289751.webp?v=1763958735,8,267289751.webp,,,,,,,,,,,,,,,,,,,,,,,,,,,,,,,,,,,,,
11mg-wham-regular-nicotine-pouch-20-pouches-buy-1-get-1-free,11mg Wham Regular Nicotine Pouch - 20 Pouches (Buy 1 Get 1 Free),"<p><b><i>Limited Time Offer: Buy 1 Get 1 Free</i></b></p>
<p>Indulge in the 11mg Wham Regular Nicotine Pouch, carefully designed to deliver a satisfying and seamless nicotine experience for adults searching for a smoke-free substitute. Each can of 20 pouches contains a perfectly balanced 11mg of nicotine per pouch, making it a convenient and efficient option for those who prefer regular strength products. With its expertly blended formula, the Wham Regular Nicotine Pouch ensures a consistent delivery of nicotine, without the use of smoke or vapour, offering a modern and pure solution for those who wish to enjoy nicotine on their own terms. This product is an excellent choice for individuals seeking premium nicotine pouches in the UK, thanks to its compact size, effortless usability, and commitment to a tobacco-free lifestyle.</p>
<p><strong>Specifications:</strong></p>
<ul>
<li>
<span>Strength: Regular</span><br>
</li>
<li>Nicotine Per Pouch: 11mg</li>
<li>20 Pouches Per Can</li>
<li>Tobacco-free, smoke-free and vapour-free</li>
<li>Experience a rejuvenating, invigorating feeling with every pouch.</li>
</ul>
<p><strong>Flavour:</strong></p>
<ul>
<li>Berry Frost </li>
<li>Watermelon </li>
<li>Classic Tobacco </li>
<li>Cool Mint </li>
<li>Spearmint</li>
<li>Tropical Mango </li>
<li>Winter Green </li>
</ul>",Wham,Health & Beauty > Health Care > Medicine & Drugs > Smoking Cessation Aids,Smoking Products,"11mg, fruity, ice, nic_strength=11, nicotine_pouches, parse_attributes_0, pouch, tobacco",TRUE,Flavour,Watermelon,,,,,,,,AG0172X0529,31.7514659,shopify,216,deny,manual,2.86,3.58,TRUE,TRUE,,,,,,https://cdn.shopify.com/s/files/1/0901/3696/9543/files/267289910.webp?v=1763958651,1,267289910.webp,FALSE,11mg Wham Regular Nicotine Pouch - 20 Pouches (Buy 1 Get ...,"Buy Wham Wham Regular (Buy 11mg nicotine pouches. Tobacco-free, discreet pouches. Fast UK delivery, 18+ age verified.",Health & Beauty > Health Care > Medicine & Drugs,unisex,adult,AG0172X0529,new,FALSE,,,,,,,,,,,,,,,,,,,,,,,"wham, 11mg, 11 mg, nicotine pouches, nic pouches, tobacco free",https://cdn.shopify.com/s/files/1/0901/3696/9543/files/267289912.webp?v=1763958663,lb,,1.79,active
11mg-wham-regular-nicotine-pouch-20-pouches-buy-1-get-1-free,,,,,,,,,Spearmint,,,,,,,,AG0175X0529,31.7514659,shopify,218,deny,manual,2.86,3.58,TRUE,TRUE,,,,,,https://cdn.shopify.com/s/files/1/0901/3696/9543/files/267289911.webp?v=1763958665,2,267289911.webp,,,,,,,,,,,,,,,,,,,,,,,,,,,,,,,,,https://cdn.shopify.com/s/files/1/0901/3696/9543/files/267289915.webp?v=1763958657,lb,,1.79,
11mg-wham-regular-nicotine-pouch-20-pouches-buy-1-get-1-free,,,,,,,,,Cool Mint,,,,,,,,AG0174X0529,31.7514659,shopify,216,deny,manual,2.86,3.58,TRUE,TRUE,,,,,,https://cdn.shopify.com/s/files/1/0901/3696/9543/files/267289912.webp?v=1763958663,3,267289912.webp,,,,,,,,,,,,,,,,,,,,,,,,,,,,,,,,,https://cdn.shopify.com/s/files/1/0901/3696/9543/files/267289914.webp?v=1763958659,lb,,1.79,
11mg-wham-regular-nicotine-pouch-20-pouches-buy-1-get-1-free,,,,,,,,,Tropical Mango,,,,,,,,AG0176X0529,31.7514659,shopify,218,deny,manual,2.86,3.58,TRUE,TRUE,,,,,,https://cdn.shopify.com/s/files/1/0901/3696/9543/files/267289913.webp?v=1763958660,4,267289913.webp,,,,,,,,,,,,,,,,,,,,,,,,,,,,,,,,,https://cdn.shopify.com/s/files/1/0901/3696/9543/files/267289916.webp?v=1763958660,lb,,1.79,
11mg-wham-regular-nicotine-pouch-20-pouches-buy-1-get-1-free,,,,,,,,,Classic Tobacco,,,,,,,,AG0173X0529,31.7514659,shopify,220,deny,manual,2.86,3.58,TRUE,TRUE,,,,,,https://cdn.shopify.com/s/files/1/0901/3696/9543/files/267289914.webp?v=1763958659,5,267289914.webp,,,,,,,,,,,,,,,,,,,,,,,,,,,,,,,,,https://cdn.shopify.com/s/files/1/0901/3696/9543/files/267289913.webp?v=1763958660,lb,,1.79,
11mg-wham-regular-nicotine-pouch-20-pouches-buy-1-get-1-free,,,,,,,,,Berry Frost,,,,,,,,AG0171X0529,31.7514659,shopify,218,deny,manual,2.86,3.58,TRUE,TRUE,,,,,,https://cdn.shopify.com/s/files/1/0901/3696/9543/files/267289915.webp?v=1763958657,6,267289915.webp,,,,,,,,,,,,,,,,,,,,,,,,,,,,,,,,,https://cdn.shopify.com/s/files/1/0901/3696/9543/files/267289911.webp?v=1763958665,lb,,1.79,
11mg-wham-regular-nicotine-pouch-20-pouches-buy-1-get-1-free,,,,,,,,,Winter Green,,,,,,,,AG0177X0529,31.7514659,shopify,220,deny,manual,2.86,3.58,TRUE,TRUE,,,,,,https://cdn.shopify.com/s/files/1/0901/3696/9543/files/267289916.webp?v=1763958660,7,267289916.webp,,,,,,,,,,,,,,,,,,,,,,,,,,,,,,,,,https://cdn.shopify.com/s/files/1/0901/3696/9543/files/267289917.webp?v=1763958663,lb,,1.79,
11mg-wham-regular-nicotine-pouch-20-pouches-buy-1-get-1-free,,,,,,,,,,,,,,,,,,,,,,,,,,,,,,,,https://cdn.shopify.com/s/files/1/0901/3696/9543/files/267289917.webp?v=1763958663,8,267289917.webp,,,,,,,,,,,,,,,,,,,,,,,,,,,,,,,,,,,,,
6mg-ubbs-regular-nicotine-pouches-bundle-40-cans-40-cans-for-the-price-30-cans,6mg Ubbs Regular Nicotine Pouches Bundle 40 Cans (40 Cans For The Price 30 Cans),"<p>The 6mg Ubbs Nicotine Pouch Bundle offers an exceptional value with 40 cans for the price of 30, making it an ideal choice for retailers looking to maximize their inventory while providing customers with a premium product. This bundle includes 10 cans each of four delightful flavors: Watermelon, Cola Ice, Spearmint, and Salted Caramel, ensuring a diverse selection that caters to various taste preferences. Each can contains 20 pouches, delivering a total of 800 nicotine pouches that are crafted with high-quality, tobacco-free ingredients, providing a smooth and satisfying experience. Designed for convenience, these pouches fit discreetly under the lip, allowing for a clean and enjoyable way to indulge in nicotine without the mess of traditional tobacco products. With its appealing flavors and excellent value, this bundle is perfect for retailers aiming to attract and satisfy a wide range of customers.<br></p>
<p><strong>Specifications: </strong><br></p>
<ul>
<li>40 Ubbs Nicotine Pouch Cans For The Price of 30!<br>
</li>
<li>6mg Nicotine Pouch Strength</li>
<li>40 Nicotine Pouch Cans </li>
<li>20 Pouches Per Can</li>
<li>Limited Time Offer</li>
</ul>
<p><strong>What's in the Bundle: </strong><br></p>
<ul>
<li>40x 6mg Ubbs Nicotine Pouch Cans</li>
</ul>
<p><strong>Flavours: <br></strong></p>
<ul>
<li>10x 6mg Watermelon <br>
</li>
<li>10x 6mg Cola Ice <br>
</li>
<li>10x 6mg Spearmint <br>
</li>
<li>10x 6mg Salted Caramel </li>
</ul>
<!----><!---->",Übbs,Health & Beauty > Health Care > Medicine & Drugs > Smoking Cessation Aids,Smoking Products,"6mg, ice, nic_salt, nic_strength=6, nicotine_pouches, parse_attributes_0, pouch, tobacco, traditional_nicotine",TRUE,Title,Default Title,,,,,,,,EH0349X0467,498.951607,shopify,5,deny,manual,120,150,TRUE,TRUE,,,,,,https://cdn.shopify.com/s/files/1/0901/3696/9543/files/267289961.webp?v=1763958264,1,267289961.webp,FALSE,Übbs 6mg Ubbs Regular Nicotine Pouches Bundle 40 Cans (40...,"Buy Übbs Ubbs Regular Bundle 6mg nicotine pouches. Tobacco-free, discreet pouches. Fast UK delivery, 18+ age verified.",Health & Beauty > Health Care > Medicine & Drugs,unisex,adult,EH0349X0467,new,FALSE,,,,,,6mg,,,,,,,,,,,,,,,,,"übbs, 6mg, 6 mg, ice, nicotine pouches, nic pouches, tobacco free",https://cdn.shopify.com/s/files/1/0901/3696/9543/files/267289961.webp?v=1763958264,lb,,75,active
60mg-maggie-extreme-nicotine-pouches-20-pouches,60mg Maggie Extreme Nicotine Pouches - 20 Pouches,"<p>Introducing the 60mg Maggie Extreme Nicotine Pouches, the ultimate choice for experienced nicotine users seeking a powerful and satisfying experience. Each pack contains 20 pouches, each delivering a potent 60mg dose of nicotine for an intense and immediate hit. These pouches are designed for maximum convenience and discretion, allowing you to enjoy a robust nicotine experience without the need for smoking or vaping. Crafted with high-quality ingredients, the Maggie Extreme Nicotine Pouches ensure a smooth and consistent release of nicotine, providing long-lasting satisfaction. Simply place a pouch between your gum and lip to experience the strong, invigorating effects that are perfect for those moments when you need an extra boost. Ideal for seasoned users who require a higher nicotine intake, these pouches offer a reliable and effective solution for managing cravings. With their compact and portable design, the 60mg Maggie Extreme Nicotine Pouches are perfect for use anytime, anywhere, making them an essential addition to your nicotine routine.<strong data-mce-fragment=""1""><br><br><br>Specifications:</strong></p>
<ul data-mce-fragment=""1"">
<li data-mce-fragment=""1"">Strength: 60mg Per Gram </li>
<li data-mce-fragment=""1"">Extreme Strength<br>
</li>
<li data-mce-fragment=""1"">No Tobacco </li>
<li data-mce-fragment=""1"">Slim Pouch </li>
<li data-mce-fragment=""1"">Weight: 30g</li>
<li data-mce-fragment=""1"">Doses: 20 pouches<br>
</li>
</ul>
<p><strong>Direction of Use:</strong> Place one pouch under your top or bottom lip. Position the pouch to the side of your lip for comfort. Remove after 30 to 60 minutes.<br data-mce-fragment=""1""><br data-mce-fragment=""1""><strong>Flavour: <br></strong></p>
<ul>
<li>Cherry Tonic Wine </li>
<li>Mr Blue </li>
<li>Fruit Punch </li>
<li>Jamaican Kola </li>
</ul>
<p><!----><br></p>
<!----><!---->",Maggie,Health & Beauty > Health Care > Medicine & Drugs > Smoking Cessation Aids,Smoking Products,"0mg, fruity, nic_salt, nic_strength=60, nicotine_pouches, parse_attributes_0, pouch, tobacco",TRUE,Flavour,Mr Blue,,,,,,,,EH0057X0510,31.7514659,shopify,2,deny,manual,3.84,4.8,TRUE,TRUE,,,,,,https://cdn.shopify.com/s/files/1/0901/3696/9543/files/267289866.webp?v=1763958154,1,267289866.webp,FALSE,60mg Maggie Extreme Nicotine Pouches - 20 Pouches,"Buy Maggie Maggie Extreme 60mg nicotine pouches. Tobacco-free, discreet pouches. Fast UK delivery, 18+ age verified.",Health & Beauty > Health Care > Medicine & Drugs,unisex,adult,EH0057X0510,new,FALSE,,,,,,60mg,,,,,,,,,,,,,,,,,"maggie, 60mg, 60 mg, nicotine pouches, nic pouches, tobacco free",https://cdn.shopify.com/s/files/1/0901/3696/9543/files/267289868.webp?v=1763958160,lb,,2.4,active
60mg-maggie-extreme-nicotine-pouches-20-pouches,,,,,,,,,Fruit Punch,,,,,,,,EH0058X0510,31.7514659,shopify,0,deny,manual,3.84,4.8,TRUE,TRUE,,,,,,https://cdn.shopify.com/s/files/1/0901/3696/9543/files/267289867.webp?v=1763958161,2,267289867.webp,,,,,,,,,,,,,,,,,,,,,,,,,,,,,,,,,https://cdn.shopify.com/s/files/1/0901/3696/9543/files/267289869.webp?v=1763958158,lb,,2.4,
60mg-maggie-extreme-nicotine-pouches-20-pouches,,,,,,,,,Jamaican Kola,,,,,,,,EH0059X0510,31.7514659,shopify,0,deny,manual,3.84,4.8,TRUE,TRUE,,,,,,https://cdn.shopify.com/s/files/1/0901/3696/9543/files/267289868.webp?v=1763958160,3,267289868.webp,,,,,,,,,,,,,,,,,,,,,,,,,,,,,,,,,https://cdn.shopify.com/s/files/1/0901/3696/9543/files/267289870.webp?v=1763958163,lb,,2.4,
60mg-maggie-extreme-nicotine-pouches-20-pouches,,,,,,,,,Cherry Tonic Wine,,,,,,,,EH0056X0510,31.7514659,shopify,0,deny,manual,3.84,4.8,TRUE,TRUE,,,,,,https://cdn.shopify.com/s/files/1/0901/3696/9543/files/267289869.webp?v=1763958158,4,267289869.webp,,,,,,,,,,,,,,,,,,,,,,,,,,,,,,,,,https://cdn.shopify.com/s/files/1/0901/3696/9543/files/267289867.webp?v=1763958161,lb,,2.4,
60mg-maggie-extreme-nicotine-pouches-20-pouches,,,,,,,,,,,,,,,,,,,,,,,,,,,,,,,,https://cdn.shopify.com/s/files/1/0901/3696/9543/files/267289870.webp?v=1763958163,5,267289870.webp,,,,,,,,,,,,,,,,,,,,,,,,,,,,,,,,,,,,,
8mg-ignite-blueberry-slim-nicotine-pouch-20-pouches,8mg Ignite Blueberry Slim Nicotine Pouch - 20 Pouches,"Indulge in the refreshing taste of 8mg Ignite Blueberry Slim Nicotine Pouch, a delightful blend crafted to elevate your nicotine experience. Each sleek pouch contains a burst of vibrant blueberry flavour, providing a satisfying alternative to traditional smoking. With 20 meticulously crafted pouches per pack, enjoy the convenience of a portable and discreet nicotine solution. <br data-mce-fragment=""1""><br data-mce-fragment=""1""><strong data-mce-fragment=""1"">Specifications:</strong><br data-mce-fragment=""1"">
<ul data-mce-fragment=""1"">
<li data-mce-fragment=""1"">Strength: 8mg Per Pouch</li>
<li data-mce-fragment=""1"">Doses: 20 pouches</li>
<li data-mce-fragment=""1"">Tobacco-free, smoke-free and vapour-free</li>
<li data-mce-fragment=""1"">Blueberry Flavouring</li>
</ul>
<br data-mce-fragment=""1""><strong data-mce-fragment=""1"">Direction of Use:</strong> Place one pouch under your top or bottom lip. Position the pouch to the side of your lip for comfort. Remove after 30 to 60 minutes.",IGNITE,Health & Beauty > Health Care > Medicine & Drugs > Smoking Cessation Aids,Smoking Products,"8mg, nic_strength=8, nicotine_pouches, parse_attributes_0, pouch, tobacco, traditional_nicotine",TRUE,Title,Default Title,,,,,,,,ED0182Z0142,31.7514659,shopify,0,deny,manual,3.68,4.6,TRUE,TRUE,,,,,,https://cdn.shopify.com/s/files/1/0901/3696/9543/files/267289173.webp?v=1763957909,1,267289173.webp,FALSE,8mg Ignite Blueberry Slim Nicotine Pouch - 20 Pouches | N...,"Buy IGNITE Ignite Blueberry 8mg nicotine pouches. Tobacco-free, discreet pouches. Fast UK delivery, 18+ age verified.",Health & Beauty > Health Care > Medicine & Drugs,unisex,adult,ED0182Z0142,new,FALSE,,,,,,8mg,,,,,,,,,,,,,,,,,"ignite, 8mg, 8 mg, berry, nicotine pouches, nic pouches, tobacco free",https://cdn.shopify.com/s/files/1/0901/3696/9543/files/267289173.webp?v=1763957909,lb,,2.3,active
4nx-12mg-fire-ice-slim-nicotine-pouches-20-pouches,4NX 12mg Fire & Ice Slim Nicotine Pouches - 20 Pouches,"<span data-mce-fragment=""1"">With the combined intense flavours of fiery cinnamon candy and icy mint, this 4NX Fire &amp; Ice Slim Nicotine Pouch will grant any a potent enough nicotine intake that as you breathe it in and exhale you'll feel the combined blast of fire and ice. Made in the UK, these 4NX Slim Nicotine Pouches are 12mg strength, providing an extra strong nicotine hit upon first tasting it.</span><br data-mce-fragment=""1""><br data-mce-fragment=""1""><span data-mce-fragment=""1"">These 4NX pouches are slim enough that one of them can be subtly placed under the top lip for a conveniently discreet nicotine hit. Being 100% tobacco-free means you won't need to spit as you are using them as they no vapour, smoke or odour, which allows you to use them discreetly at any time or on the go whilst you just sit back and enjoy the complex blend of the Fire &amp; Ice flavour and have your nicotine cravings satisfied.</span><br data-mce-fragment=""1""><br data-mce-fragment=""1""><span data-mce-fragment=""1"">Every pouch will last for up to 30 minutes, which allows the nicotine to be absorbed through your gums. When finished, the 4NX tin comes with a waste compartment to place your used pouches in, keeping the process of disposal as discreet as possible.</span><br data-mce-fragment=""1""><br data-mce-fragment=""1""><strong data-mce-fragment=""1"">Specifications:</strong><br data-mce-fragment=""1"">
<ul data-mce-fragment=""1"">
<li data-mce-fragment=""1"">Made in the UK</li>
<li data-mce-fragment=""1"">20 Pouches per Tin</li>
<li data-mce-fragment=""1"">Strength: 12mg</li>
<li data-mce-fragment=""1"">Nicotine Level: Extra Strong</li>
<li data-mce-fragment=""1"">Slim Design</li>
<li data-mce-fragment=""1"">Discreet Nicotine Enjoyment</li>
<li data-mce-fragment=""1"">Tobacco Free</li>
<li data-mce-fragment=""1"">Lasts For Up to 30 Minutes</li>
</ul>",4NX,Health & Beauty > Health Care > Medicine & Drugs > Smoking Cessation Aids,Smoking Products,"12mg, candy/sweets, ice, nic_strength=12, nicotine_pouches, parse_attributes_0, pouch, tobacco",TRUE,Title,Default Title,,,,,,,,BJ0061X0475,49.8951607,shopify,0,deny,manual,3.52,4.4,TRUE,TRUE,,,,,,https://cdn.shopify.com/s/files/1/0901/3696/9543/files/267289328.webp?v=1763957854,1,267289328.webp,FALSE,4NX 12mg Fire & Ice Slim Nicotine Pouches - 20 Pouches,"Buy 4NX 4NX Fire & 12mg nicotine pouches. Tobacco-free, discreet pouches. Fast UK delivery, 18+ age verified.",Health & Beauty > Health Care > Medicine & Drugs,unisex,adult,BJ0061X0475,new,FALSE,,,,,,,,,,,,,,,,,,,,,,,"4nx, 12mg, 12 mg, ice, nicotine pouches, nic pouches, tobacco free",https://cdn.shopify.com/s/files/1/0901/3696/9543/files/267289328.webp?v=1763957854,lb,,2.2,active
12mg-ice-jalapeno-lime-nicotine-pouches-20-pouches,12mg Ice Jalapeno Lime Nicotine Pouches - 20 Pouches,"<p>Unleash your taste buds with the 12mg Ice Jalapeno Lime Nicotine Pouches, a revolutionary nicotine delivery system that offers a discreet and convenient way to satisfy your cravings. Each pouch contains a precisely measured 12mg dose of nicotine for a consistent experience, but it's the bold pairing of spicy jalapeno and zesty lime that truly steal the show. Coupled with an icy coolness, these pouches provide an unforgettable vaping adventure that will leave you wanting more. Whether you're a nicotine enthusiast looking for an exhilarating experience or seeking a smoke-free alternative with a punch of flavour, the 12mg Ice Jalapeno Lime Nicotine Pouches are guaranteed to impress.<br><br><strong data-mce-fragment=""1"">Specifications:</strong><br data-mce-fragment=""1""></p>
<ul data-mce-fragment=""1"">
<li data-mce-fragment=""1"">Strength: 12mg Per Gram</li>
<li data-mce-fragment=""1"">Weight: 30g</li>
<li data-mce-fragment=""1"">Doses: 20 pouches</li>
<li data-mce-fragment=""1"">Tobacco-free, smoke-free and vapour-free</li>
</ul>
<p><br data-mce-fragment=""1""><strong data-mce-fragment=""1"">Direction of Use:</strong><span data-mce-fragment=""1""> Place one pouch under your top or bottom lip. Position the pouch to the side of your lip for comfort. Remove after 30 to 60 minutes.</span><br data-mce-fragment=""1""><br data-mce-fragment=""1""><strong data-mce-fragment=""1"">Flavours:</strong></p>
<ul>
<li>Jalapeno Lime</li>
</ul>
<!----><!----><!----><!---->",Ice,Health & Beauty > Health Care > Medicine & Drugs > Smoking Cessation Aids,Smoking Products,"12mg, ice, nic_strength=12, nicotine_pouches, parse_attributes_0, pouch, spices_&_herbs, tobacco",TRUE,Title,Default Title,,,,,,,,EF0164X0505,31.7514659,shopify,0,deny,manual,2.88,3.6,TRUE,TRUE,,,,,5694230603831,https://cdn.shopify.com/s/files/1/0901/3696/9543/files/267288881.webp?v=1763957781,1,267288881.webp,FALSE,12mg Ice Jalapeno Lime Nicotine Pouches - 20 Pouches,"Buy Ice Ice Jalapeno Lime 12mg nicotine pouches. Tobacco-free, discreet pouches. Fast UK delivery, 18+ age verified.",Health & Beauty > Health Care > Medicine & Drugs,unisex,adult,EF0164X0505,new,FALSE,,,,,,,,,,,,,,,,,,,,,,,"ice, 12mg, 12 mg, nicotine pouches, nic pouches, tobacco free",https://cdn.shopify.com/s/files/1/0901/3696/9543/files/267288881.webp?v=1763957781,lb,,1.8,active
16mg-glitch-regular-nicotine-pouches-20-pouches,16mg Glitch Regular Nicotine Pouches - 20 Pouches,"<h3><em><strong>Limited Time Offer: Buy 1 Get 1 Free</strong></em></h3>
<p><meta charset=""UTF-8"">Experience the powerful satisfaction of Glitch 16mg Nicotine Pouches, designed for adult users seeking a strong, tobacco-free nicotine alternative. Each can includes 20 regular-sized pouches that deliver a consistent and intense hit without smoke, odour, or tobacco leaf-perfect for discreet use anytime, anywhere. <meta charset=""UTF-8"">Now available in exciting flavours like Mango and Kiwi, along with popular favourites such as Blueberry Ice, Frozen Cherry Cola, Ice Cool, and Frosted Mint. </p>
<p data-end=""967"" data-start=""765"">Glitch nicotine pouches are proudly manufactured at the NGP Tobacco factory in Denmark-the same facility that produces renowned brands like Killa and Pablo, ensuring premium quality and consistency. Whether you’re looking to energise your day or satisfy your cravings without compromise, Glitch 16mg delivers performance, potency, and flavour in every pouch.</p>
<p><strong>Specifications:</strong></p>
<ul>
<li>
<span>Pouch Size: Regular</span><br>
</li>
<li>Nicotine Per Pouch: 16mg</li>
<li>20 Pouches Per Can</li>
<li>Tobacco-free, smoke-free and vapour-free</li>
<li>Experience a rejuvenating, invigorating feeling with every pouch.</li>
</ul>
<p><strong>Flavour:</strong></p>
<ul>
<li>Blueberry Ice </li>
<li>Frozen Cherry Cola <br>
</li>
<li>Ice Cool</li>
<li>Frosted Mint</li>
<li>Kiwi</li>
<li>Mango</li>
</ul>",Glitch,Health & Beauty > Health Care > Medicine & Drugs > Smoking Cessation Aids,Smoking Products,"16mg, beverages, fruity, ice, nicotine_pouches, parse_attributes_0, pouch",TRUE,Flavour,Mango,,,,,,,,EI0334Z0156,31.7514659,shopify,239,deny,manual,2.96,3.7,TRUE,TRUE,,,,,,https://cdn.shopify.com/s/files/1/0901/3696/9543/files/267289776.webp?v=1763957680,1,267289776.webp,FALSE,16mg Glitch Regular Nicotine Pouches - 20 Pouches,"Buy Glitch Glitch Regular 16mg nicotine pouches. Tobacco-free, discreet pouches. Fast UK delivery, 18+ age verified.",Health & Beauty > Health Care > Medicine & Drugs,unisex,adult,EI0334Z0156,new,FALSE,,,,,,,,,,,,,,,,,,,,,,,"glitch, 16mg, 16 mg, nicotine pouches, nic pouches, tobacco free",,lb,,1.85,active
16mg-glitch-regular-nicotine-pouches-20-pouches,,,,,,,,,Kiwi,,,,,,,,EI0333Z0156,31.7514659,shopify,239,deny,manual,2.96,3.7,TRUE,TRUE,,,,,,https://cdn.shopify.com/s/files/1/0901/3696/9543/files/267289777.webp?v=1763957680,2,267289777.webp,,,,,,,,,,,,,,,,,,,,,,,,,,,,,,,,,,lb,,1.85,
16mg-glitch-regular-nicotine-pouches-20-pouches,,,,,,,,,Blueberry Ice,,,,,,,,AH0156Z0156,31.7514659,shopify,228,deny,manual,2.96,3.7,TRUE,TRUE,,,,,,https://cdn.shopify.com/s/files/1/0901/3696/9543/files/267289778.webp?v=1763957681,3,267289778.webp,,,,,,,,,,,,,,,,,,,,,,,,,,,,,,,,,,lb,,1.85,
16mg-glitch-regular-nicotine-pouches-20-pouches,,,,,,,,,Frosted Mint,,,,,,,,AH0159Z0156,31.7514659,shopify,720,deny,manual,2.96,3.7,TRUE,TRUE,,,,,,https://cdn.shopify.com/s/files/1/0901/3696/9543/files/267289779.webp?v=1763957681,4,267289779.webp,,,,,,,,,,,,,,,,,,,,,,,,,,,,,,,,,,lb,,1.85,
16mg-glitch-regular-nicotine-pouches-20-pouches,,,,,,,,,Cool Ice,,,,,,,,AH0158Z0156,31.7514659,shopify,704,deny,manual,2.96,3.7,TRUE,TRUE,,,,,,https://cdn.shopify.com/s/files/1/0901/3696/9543/files/267289780.webp?v=1763957681,5,267289780.webp,,,,,,,,,,,,,,,,,,,,,,,,,,,,,,,,,,lb,,1.85,
16mg-glitch-regular-nicotine-pouches-20-pouches,,,,,,,,,Frozen Cherry Cola,,,,,,,,AH0157Z0156,31.7514659,shopify,300,deny,manual,2.96,3.7,TRUE,TRUE,,,,,,https://cdn.shopify.com/s/files/1/0901/3696/9543/files/267289781.webp?v=1763957682,6,267289781.webp,,,,,,,,,,,,,,,,,,,,,,,,,,,,,,,,,,lb,,1.85,
16mg-glitch-regular-nicotine-pouches-20-pouches,,,,,,,,,,,,,,,,,,,,,,,,,,,,,,,,https://cdn.shopify.com/s/files/1/0901/3696/9543/files/267289782.webp?v=1763957681,7,267289782.webp,,,,,,,,,,,,,,,,,,,,,,,,,,,,,,,,,,,,,
3mg-nic-nac-naturals-nicotine-15-lozenge-tablets-buy-2-get-1-free,3mg Nic Nac Naturals Nicotine - 15 Lozenge Tablets (Buy 2 Get 1 Free),"<p><meta charset=""UTF-8""><span>Nic Nac Naturals Nicotine Pouches offer a discreet and satisfying nicotine experience. Each pouch delivers a smooth 3mg nicotine hit, providing a long-lasting sensation without the harshness of traditional tobacco products. The all-natural ingredients ensure a clean and refreshing taste, free from tobacco and additives. The slim, discreet pouches fit comfortably under your lip, making them perfect for on-the-go use. </span></p>
<p><strong>Specifications:</strong></p>
<ul>
<li data-sourcepos=""5:1-5:38"">Nicotine Strength: 3mg per pouch</li>
<li data-sourcepos=""5:1-5:38"">
<span style=""font-size: 0.875rem;"">Packaging:</span><span style=""font-size: 0.875rem;""> Biodegradable can</span>
</li>
<li data-sourcepos=""5:1-5:38""><span style=""font-size: 0.875rem;""><meta charset=""UTF-8"">Country of Origin: Made In USA</span></li>
<li>Zero tobacco, artificial sweeteners, fillers, colours or flavours</li>
<li>Discrete: no smoke, no spit, no pouch<span style=""font-size: 0.875rem;""></span>
</li>
</ul>
<p><span style=""font-size: 0.875rem;""></span><strong><span style=""font-size: 0.875rem;"">Flavours:</span></strong></p>
<ul>
<li><span style=""font-size: 0.875rem;""><span>Peppermint</span></span></li>
<li><span style=""font-size: 0.875rem;""><span>Wintergreen</span></span></li>
<li><span style=""font-size: 0.875rem;""><span>Spearmint</span></span></li>
<li><span style=""font-size: 0.875rem;""><span>Grapefruit</span></span></li>
<li><span style=""font-size: 0.875rem;""><span>Blood Orange</span></span></li>
<li>Classic</li>
<li>Lemon<span style=""font-size: 0.875rem;""><span></span></span>
</li>
</ul>
<p><span style=""font-size: 0.875rem;""><span><strong>Direction of Use:</strong> Place anywhere in between your lips &amp; gums. Do not chew.</span></span></p>",Nic Nac,Health & Beauty > Health Care > Medicine & Drugs > Smoking Cessation Aids,Smoking Products,"3mg, fruity, ice, nic_salt, nic_strength=3, nicotine_pouches, parse_attributes_0, pouch, tobacco, traditional_nicotine, unflavoured",TRUE,Flavour,Spearmint,,,,,,,,AQ0368Z0153,31.7514659,shopify,1271,deny,manual,4.3,5.38,TRUE,TRUE,,,,,860008943880,https://cdn.shopify.com/s/files/1/0901/3696/9543/files/267289515.webp?v=1763957674,1,267289515.webp,FALSE,3mg Nic Nac Naturals Nicotine - 15 Lozenge Tablets (Buy 2...,"Buy Nic Nac Nic Nac Naturals 3mg nicotine pouches. Tobacco-free, discreet pouches. Fast UK delivery, 18+ age verified.",Health & Beauty > Health Care > Medicine & Drugs,unisex,adult,AQ0368Z0153,new,FALSE,,,,,,3mg,TRUE,,,,,,,,,,,,,,,,"nic nac, 3mg, 3 mg, nicotine pouches, nic pouches, tobacco free",,lb,,2.69,active
3mg-nic-nac-naturals-nicotine-15-lozenge-tablets-buy-2-get-1-free,,,,,,,,,Grapefruit,,,,,,,,AQ0369Z0153,31.7514659,shopify,1566,deny,manual,4.3,5.38,TRUE,TRUE,,,,,860008943828,https://cdn.shopify.com/s/files/1/0901/3696/9543/files/267289516.webp?v=1763957674,2,267289516.webp,,,,,,,,,,,,,,,,,,,,,,,,,,,,,,,,,,lb,,2.69,
3mg-nic-nac-naturals-nicotine-15-lozenge-tablets-buy-2-get-1-free,,,,,,,,,Lemon,,,,,,,,AQ0379Z0153,31.7514659,shopify,983,deny,manual,4.3,5.38,TRUE,TRUE,,,,,,https://cdn.shopify.com/s/files/1/0901/3696/9543/files/267289517.webp?v=1763957674,3,267289517.webp,,,,,,,,,,,,,,,,,,,,,,,,,,,,,,,,,,lb,,2.69,
3mg-nic-nac-naturals-nicotine-15-lozenge-tablets-buy-2-get-1-free,,,,,,,,,Peppermint,,,,,,,,AQ0366Z0153,31.7514659,shopify,157,deny,manual,4.3,5.38,TRUE,TRUE,,,,,860008943842,https://cdn.shopify.com/s/files/1/0901/3696/9543/files/267289518.webp?v=1763957674,4,267289518.webp,,,,,,,,,,,,,,,,,,,,,,,,,,,,,,,,,,lb,,2.69,
3mg-nic-nac-naturals-nicotine-15-lozenge-tablets-buy-2-get-1-free,,,,,,,,,Classic,,,,,,,,AQ0381Z0153,31.7514659,shopify,993,deny,manual,4.3,5.38,TRUE,TRUE,,,,,,https://cdn.shopify.com/s/files/1/0901/3696/9543/files/267289519.webp?v=1763957675,5,267289519.webp,,,,,,,,,,,,,,,,,,,,,,,,,,,,,,,,,,lb,,2.69,
3mg-nic-nac-naturals-nicotine-15-lozenge-tablets-buy-2-get-1-free,,,,,,,,,Blood Orange,,,,,,,,AQ0370Z0153,31.7514659,shopify,2114,deny,manual,4.3,5.38,TRUE,TRUE,,,,,860008943804,https://cdn.shopify.com/s/files/1/0901/3696/9543/files/267289520.webp?v=1763957675,6,267289520.webp,,,,,,,,,,,,,,,,,,,,,,,,,,,,,,,,,,lb,,2.69,
3mg-nic-nac-naturals-nicotine-15-lozenge-tablets-buy-2-get-1-free,,,,,,,,,Wintergreen,,,,,,,,AQ0367Z0153,31.7514659,shopify,773,deny,manual,4.3,5.38,TRUE,TRUE,,,,,860008943866,,,,,,,,,,,,,,,,,,,,,,,,,,,,,,,,,,,,,lb,,2.69,
9mg-poke-raspberry-nicotine-pouches-20-pouches,9mg Poke Raspberry Nicotine Pouches - 20 Pouches,"Experience a burst of fruity delight with 9mg Poke Raspberry Nicotine Pouches. Each package contains 20 pouches filled with the luscious flavour of raspberries, offering a sweet and tangy twist to your nicotine indulgence. Ideal for those craving a fruity and satisfying alternative to traditional nicotine products, these pouches provide a convenient and discreet way to enjoy nicotine without the need for smoke or vapour. <br data-mce-fragment=""1""><br data-mce-fragment=""1""><strong data-mce-fragment=""1"">Specifications:</strong><br data-mce-fragment=""1"">
<ul data-mce-fragment=""1"">
<li data-mce-fragment=""1"">Strength: 9mg Per Pouch</li>
<li data-mce-fragment=""1"">Doses: 20 pouches</li>
<li data-mce-fragment=""1"">Tobacco-free, smoke-free and vapour-free</li>
<li data-mce-fragment=""1"">Raspberry Flavouring</li>
</ul>
<br data-mce-fragment=""1""><strong data-mce-fragment=""1"">Direction of Use:</strong> Place one pouch under your top or bottom lip. Position the pouch to the side of your lip for comfort. Remove after 30 to 60 minutes.",Poke,Health & Beauty > Health Care > Medicine & Drugs > Smoking Cessation Aids,Smoking Products,"9mg, fruity, nic_strength=9, nicotine_pouches, parse_attributes_0, pouch, tobacco, traditional_nicotine",TRUE,Title,Default Title,,,,,,,,EE0045X0496,31.7514659,shopify,0,deny,manual,3.2,4,TRUE,TRUE,,,,,5744000041179,https://cdn.shopify.com/s/files/1/0901/3696/9543/files/267289307.webp?v=1763957472,1,267289307.webp,FALSE,9mg Poke Raspberry Nicotine Pouches - 20 Pouches,"Buy Poke Poke Raspberry 9mg nicotine pouches. Tobacco-free, discreet pouches. Fast UK delivery, 18+ age verified.",Health & Beauty > Health Care > Medicine & Drugs,unisex,adult,EE0045X0496,new,FALSE,,,,,,,,,,,,,,,,,,,,,,,"poke, 9mg, 9 mg, berry, nicotine pouches, nic pouches, tobacco free",https://cdn.shopify.com/s/files/1/0901/3696/9543/files/267289307.webp?v=1763957472,lb,,2,active
9mg-crown-strong-nicotine-pouches-20-pouches,9mg Crown Strong Nicotine Pouches - 20 Pouches,"<p>Indulge in the satisfaction of nicotine without the smoke with the 9mg Crown Strong Nicotine Pouches. Each sleek tin holds 20 discreet pouches, delivering a potent 9mg of high-quality nicotine for a robust and enjoyable experience. Conveniently placed under your lip, these pouches provide a smooth and flavorful release of nicotine without the need for combustion or vapor. Perfect for when traditional smoking or vaping isn't an option, the Crown Strong Nicotine Pouches offer a clean, tobacco-free alternative that seamlessly fits into your active lifestyle.<br><br></p>
<p><strong>Specifications:</strong></p>
<ul>
<li>Strength: 9mg Per Pouch <br>
</li>
<li>Doses: 20 pouches</li>
<li>Premium White Pouches </li>
<li>Slim Pouch Design </li>
<li>Recyclable Packaging</li>
<li>Tobacco-free, smoke-free and vapour-free<br>
</li>
<li>Free From Harsh Chemicals<br>
</li>
</ul>
<p><strong>Flavours:</strong></p>
<ul>
<li>Mint </li>
<li>Tropical </li>
</ul>",Crown,Health & Beauty > Health Care > Medicine & Drugs > Smoking Cessation Aids,Smoking Products,"9mg, fruity, ice, nic_salt, nic_strength=9, nicotine_pouches, parse_attributes_0, pouch, traditional_nicotine",TRUE,Flavour,Mint,,,,,,,,EI0001Z0152,31.7514659,shopify,207,deny,manual,4,5,TRUE,TRUE,,,,,,https://cdn.shopify.com/s/files/1/0901/3696/9543/files/267289622.webp?v=1763957339,1,267289622.webp,FALSE,9mg Crown Strong Nicotine Pouches - 20 Pouches,"Buy Crown Crown Strong 9mg nicotine pouches. Tobacco-free, discreet pouches. Fast UK delivery, 18+ age verified.",Health & Beauty > Health Care > Medicine & Drugs,unisex,adult,EI0001Z0152,new,FALSE,,,,,,,,,,,,,,,,,,,,,,,"crown, 9mg, 9 mg, nicotine pouches, nic pouches, tobacco free",https://cdn.shopify.com/s/files/1/0901/3696/9543/files/267289623.webp?v=1763957344,lb,,2.5,active
9mg-crown-strong-nicotine-pouches-20-pouches,,,,,,,,,Tropical,,,,,,,,EI0002Z0152,31.7514659,shopify,206,deny,manual,4,5,TRUE,TRUE,,,,,,https://cdn.shopify.com/s/files/1/0901/3696/9543/files/267289623.webp?v=1763957344,2,267289623.webp,,,,,,,,,,,,,,,,,,,,,,,,,,,,,,,,,https://cdn.shopify.com/s/files/1/0901/3696/9543/files/267289624.webp?v=1763957342,lb,,2.5,
9mg-crown-strong-nicotine-pouches-20-pouches,,,,,,,,,,,,,,,,,,,,,,,,,,,,,,,,https://cdn.shopify.com/s/files/1/0901/3696/9543/files/267289624.webp?v=1763957342,3,267289624.webp,,,,,,,,,,,,,,,,,,,,,,,,,,,,,,,,,,,,,
14mg-velo-slim-ultra-strength-nicotine-pouches-20-pouches,14mg Velo Slim Ultra Strength Nicotine Pouches - 20 Pouches,"<p data-mce-fragment=""1"">Explore an unparalleled level of cool flavour with Velo 14mg Strong Nicotine Pouches. With 14mg of nicotine per pouch, experience a revitalizing explosion of taste and seamless distribution without smoke or unpleasant smells. Perfect for the refined and selective individual, select from a range of elevated flavours for a lavish, smoke-free nicotine experience that is hassle-free and convenient.</p>
<p data-mce-fragment=""1""><strong data-mce-fragment=""1"">Specifications:</strong><br data-mce-fragment=""1""></p>
<ul data-mce-fragment=""1"">
<li data-mce-fragment=""1"">Strength: 14mg/g</li>
<li data-mce-fragment=""1"">Ultra Strength </li>
<li data-mce-fragment=""1"">Weight: 30g </li>
<li data-mce-fragment=""1"">Doses: 20 pouches</li>
</ul>
<p data-mce-fragment=""1""><strong data-mce-fragment=""1"">Direction of Use:</strong><span data-mce-fragment=""1""> </span>Place one pouch under your top or bottom lip. Position the pouch to the side of your lip for comfort. Remove after 30 to 60 minutes. <br data-mce-fragment=""1""><br data-mce-fragment=""1""><strong data-mce-fragment=""1"">Flavours: <br data-mce-fragment=""1""></strong></p>
<ul data-mce-fragment=""1"">
<li data-mce-fragment=""1""><span data-mce-fragment=""1"" mce-data-marked=""1"">Freeze</span></li>
<li data-mce-fragment=""1""><span data-mce-fragment=""1"" mce-data-marked=""1"">Ruby Berry</span></li>
<li data-mce-fragment=""1""><span data-mce-fragment=""1"" mce-data-marked=""1"">Peppermint Storm </span></li>
</ul>",Velo,Health & Beauty > Health Care > Medicine & Drugs > Smoking Cessation Aids,Smoking Products,"14mg, fruity, ice, nic_strength=14, nicotine_pouches, parse_attributes_0, pouch",TRUE,Flavour,Purple Grape,,,,,,,,VeloNicotinePuches14mgPurpleGrape,31.7514659,shopify,0,deny,manual,4.48,5.6,TRUE,TRUE,,,,,,https://cdn.shopify.com/s/files/1/0901/3696/9543/files/267289214.webp?v=1763957323,1,267289214.webp,FALSE,14mg Velo Slim Ultra Strength Nicotine Pouches - 20 Pouches,"Buy Velo Velo Ultra Strength 14mg nicotine pouches. Tobacco-free, discreet pouches. Fast UK delivery, 18+ age verified.",Health & Beauty > Health Care > Medicine & Drugs,unisex,adult,VeloNicotinePuches14mgPurpleGrape,new,FALSE,,,,,,,TRUE,,,,,,,,,,,,,,,,"velo, 14mg, 14 mg, nicotine pouches, nic pouches, tobacco free",https://cdn.shopify.com/s/files/1/0901/3696/9543/files/267289220.webp?v=1763957328,lb,,2.8,active
14mg-velo-slim-ultra-strength-nicotine-pouches-20-pouches,,,,,,,,,Peppermint Storm (Cooling Storm),,,,,,,,VeloNicotinePuches14mgPeppermintStorm,31.7514659,shopify,0,deny,manual,3.76,4.7,TRUE,TRUE,,,,,,https://cdn.shopify.com/s/files/1/0901/3696/9543/files/267289215.webp?v=1763957336,2,267289215.webp,,,,,,,,,,,,,,,,,,,,,,,,,,,,,,,,,https://cdn.shopify.com/s/files/1/0901/3696/9543/files/267289217.webp?v=1763957333,lb,,2.35,
14mg-velo-slim-ultra-strength-nicotine-pouches-20-pouches,,,,,,,,,Ruby Berry,,,,,,,,VeloNicotinePuches14mgRubyBerry,31.7514659,shopify,0,deny,manual,4.48,5.6,TRUE,TRUE,,,,,,https://cdn.shopify.com/s/files/1/0901/3696/9543/files/267289216.webp?v=1763957334,3,267289216.webp,,,,,,,,,,,,,,,,,,,,,,,,,,,,,,,,,https://cdn.shopify.com/s/files/1/0901/3696/9543/files/267289216.webp?v=1763957334,lb,,2.8,
14mg-velo-slim-ultra-strength-nicotine-pouches-20-pouches,,,,,,,,,Icy Berries,,,,,,,,VeloNicotinePuches14mgIcyBerries,31.7514659,shopify,0,deny,manual,4.48,5.6,TRUE,TRUE,,,,,,https://cdn.shopify.com/s/files/1/0901/3696/9543/files/267289217.webp?v=1763957333,4,267289217.webp,,,,,,,,,,,,,,,,,,,,,,,,,,,,,,,,,https://cdn.shopify.com/s/files/1/0901/3696/9543/files/267289218.webp?v=1763957331,lb,,2.8,
14mg-velo-slim-ultra-strength-nicotine-pouches-20-pouches,,,,,,,,,Freezing Peppermint (Freeze),,,,,,,,VeloNicotinePuches14mgFreeze,31.7514659,shopify,99,deny,manual,3.76,4.7,TRUE,TRUE,,,,,,https://cdn.shopify.com/s/files/1/0901/3696/9543/files/267289218.webp?v=1763957331,5,267289218.webp,,,,,,,,,,,,,,,,,,,,,,,,,,,,,,,,,https://cdn.shopify.com/s/files/1/0901/3696/9543/files/267289215.webp?v=1763957336,lb,,2.35,
14mg-velo-slim-ultra-strength-nicotine-pouches-20-pouches,,,,,,,,,Wintry Watermelon,,,,,,,,VeloNicotinePuches14mgWintryWatermelon,31.7514659,shopify,78,deny,manual,3.76,4.7,TRUE,TRUE,,,,,,https://cdn.shopify.com/s/files/1/0901/3696/9543/files/267289219.webp?v=1763957330,6,267289219.webp,,,,,,,,,,,,,,,,,,,,,,,,,,,,,,,,,https://cdn.shopify.com/s/files/1/0901/3696/9543/files/267289219.webp?v=1763957330,lb,,2.35,
14mg-velo-slim-ultra-strength-nicotine-pouches-20-pouches,,,,,,,,,,,,,,,,,,,,,,,,,,,,,,,,https://cdn.shopify.com/s/files/1/0901/3696/9543/files/267289220.webp?v=1763957328,7,267289220.webp,,,,,,,,,,,,,,,,,,,,,,,,,,,,,,,,,,,,,
6mg-ubbs-menthol-regular-strength-nicotine-pouches-20-pouches,6mg Übbs Menthol Regular Strength Nicotine Pouches - 20 Pouches,"<p data-mce-fragment=""1"">The Übbs Nicotine Pouches in 6mg strength offer a convenient and discreet way to enjoy nicotine without tobacco. Each pack contains 20 pouches that dissolve quickly in the mouth, providing a satisfying nicotine hit without smoke or unpleasant odours. These pouches are designed to offer a clean and enjoyable alternative to traditional tobacco products, making them perfect for those seeking a refreshing burst of flavour. With a focus on convenience and a wide range of flavours, Übbs Nicotine Pouches are an ideal choice for individuals looking for a new nicotine experience without the need for smoking or vaping.<br data-mce-fragment=""1""><br data-mce-fragment=""1""><strong data-mce-fragment=""1"">Specifications:</strong><br data-mce-fragment=""1""></p>
<ul data-mce-fragment=""1"">
<li data-mce-fragment=""1"">Strength: 6 mg/g</li>
<li data-mce-fragment=""1"">Regular Strength </li>
<li data-mce-fragment=""1"">Weight: 30g</li>
<li data-mce-fragment=""1"">Doses: 20 pouches</li>
</ul>
<p data-mce-fragment=""1""><strong data-mce-fragment=""1"">Direction of Use:</strong><span data-mce-fragment=""1""> </span>Place one pouch under your top or bottom lip. Position the pouch to the side of your lip for comfort. Remove after 30 to 60 minutes. <br data-mce-fragment=""1""><br data-mce-fragment=""1""><strong data-mce-fragment=""1"">Flavour: <br data-mce-fragment=""1""></strong></p>
<ul data-mce-fragment=""1"">
<li data-mce-fragment=""1"">Menthol<br data-mce-fragment=""1"">
</li>
</ul>",Übbs,Health & Beauty > Health Care > Medicine & Drugs > Smoking Cessation Aids,Smoking Products,"6mg, ice, nic_strength=6, nicotine_pouches, parse_attributes_0, pouch, tobacco, traditional_nicotine",TRUE,Title,Default Title,,,,,,,,AJ0065X0467,31.7514659,shopify,98,deny,manual,4,5,TRUE,TRUE,,,,,8904415400313,https://cdn.shopify.com/s/files/1/0901/3696/9543/files/267289335.webp?v=1763957319,1,267289335.webp,FALSE,6mg Übbs Menthol Regular Strength Nicotine Pouches - 20 P...,"Buy Übbs Übbs Menthol Regular 6mg nicotine pouches. Tobacco-free, discreet pouches. Fast UK delivery, 18+ age verified.",Health & Beauty > Health Care > Medicine & Drugs,unisex,adult,AJ0065X0467,new,FALSE,,,,,,6mg,,,,,,,,,,,,,,,,,"übbs, 6mg, 6 mg, menthol, nicotine pouches, nic pouches, tobacco free",https://cdn.shopify.com/s/files/1/0901/3696/9543/files/267289335.webp?v=1763957319,lb,,2.5,active
zeus-20mg-strong-nicotine-pouches-20-pouches,Zeus 20mg Strong Nicotine Pouches - 20 Pouches,"<p>Experience a satisfying nicotine hit with Zeus 20mg Strong Nicotine Pouches. This pack contains 20 premium-quality pouches, each delivering a potent 20mg nicotine dose for those seeking a robust experience. Crafted with care, these slim-format pouches offer a discreet and convenient way to enjoy nicotine without the need for smoking or vaping. Simply place a pouch between your gum and lip to feel the long-lasting effects. Zeus Strong Nicotine Pouches are made with high-quality ingredients. Perfect for experienced users who demand quality and strength, these pouches provide an exceptional tobacco-free alternative that combines potency with comfort. Whether you're looking to reduce your tobacco intake or desire a strong nicotine option, Zeus 20mg Strong Nicotine Pouches offer a satisfying solution that fits seamlessly into your lifestyle.<strong><br><br><br>Specifications:</strong></p>
<ul>
<li>Strength: 20mg Per Gram <br>
</li>
<li>Danger Strong Strength<br>
</li>
<li>No Tobacco <br>
</li>
<li>Slim Pouch <br>
</li>
<li>Weight: 30g</li>
<li>Doses: 20 pouches</li>
</ul>
<p><br><strong>Direction of Use:<span> </span></strong>Place one pouch under your top or bottom lip. Position the pouch to the side of your lip for comfort. Remove after 30 to 60 minutes.</p>
<p><strong>Flavour: </strong></p>
<ul>
<li>Tropical Burst </li>
<li>True North </li>
<li>Frozen Citrus </li>
<li>Arctic Freeze </li>
<li>Arctic Blossom </li>
<li>Mint Rage </li>
</ul>
<!----><!---->",Zeus,Health & Beauty > Health Care > Medicine & Drugs > Smoking Cessation Aids,Smoking Products,"0mg, fruity, ice, nic_strength=20, nicotine_pouches, parse_attributes_0, pouch, tobacco",TRUE,Flavour,True North,,,,,,,,EH0170Z0151,31.7514659,shopify,0,deny,manual,3.2,4,TRUE,TRUE,,,,,,https://cdn.shopify.com/s/files/1/0901/3696/9543/files/267289972.webp?v=1763957172,1,267289972.webp,FALSE,Zeus 20mg Strong Nicotine Pouches - 20 Pouches,"Buy Zeus Zeus Strong 20mg nicotine pouches. Tobacco-free, discreet pouches. Fast UK delivery, 18+ age verified.",Health & Beauty > Health Care > Medicine & Drugs,unisex,adult,EH0170Z0151,new,FALSE,,,,,,20mg,,,,,,,,,,,,,,,,,"zeus, 20mg, 20 mg, nicotine pouches, nic pouches, tobacco free",https://cdn.shopify.com/s/files/1/0901/3696/9543/files/267289974.webp?v=1763957180,lb,,2,active
zeus-20mg-strong-nicotine-pouches-20-pouches,,,,,,,,,Arctic Freeze,,,,,,,,EH0171Z0151,31.7514659,shopify,0,deny,manual,3.2,4,TRUE,TRUE,,,,,,https://cdn.shopify.com/s/files/1/0901/3696/9543/files/267289973.webp?v=1763957185,2,267289973.webp,,,,,,,,,,,,,,,,,,,,,,,,,,,,,,,,,https://cdn.shopify.com/s/files/1/0901/3696/9543/files/267289976.webp?v=1763957178,lb,,2,
zeus-20mg-strong-nicotine-pouches-20-pouches,,,,,,,,,Frozen Citrus,,,,,,,,EH0169Z0151,31.7514659,shopify,0,deny,manual,3.2,4,TRUE,TRUE,,,,,,https://cdn.shopify.com/s/files/1/0901/3696/9543/files/267289974.webp?v=1763957180,3,267289974.webp,,,,,,,,,,,,,,,,,,,,,,,,,,,,,,,,,https://cdn.shopify.com/s/files/1/0901/3696/9543/files/267289975.webp?v=1763957182,lb,,2,
zeus-20mg-strong-nicotine-pouches-20-pouches,,,,,,,,,Mint Rage,,,,,,,,EH0173Z0151,31.7514659,shopify,0,deny,manual,3.2,4,TRUE,TRUE,,,,,,https://cdn.shopify.com/s/files/1/0901/3696/9543/files/267289975.webp?v=1763957182,4,267289975.webp,,,,,,,,,,,,,,,,,,,,,,,,,,,,,,,,,https://cdn.shopify.com/s/files/1/0901/3696/9543/files/267289978.webp?v=1763957183,lb,,2,
zeus-20mg-strong-nicotine-pouches-20-pouches,,,,,,,,,Cherry Blossom,,,,,,,,EH0172Z0151,31.7514659,shopify,0,deny,manual,3.2,4,TRUE,TRUE,,,,,,https://cdn.shopify.com/s/files/1/0901/3696/9543/files/267289976.webp?v=1763957178,5,267289976.webp,,,,,,,,,,,,,,,,,,,,,,,,,,,,,,,,,https://cdn.shopify.com/s/files/1/0901/3696/9543/files/267289977.webp?v=1763957179,lb,,2,
zeus-20mg-strong-nicotine-pouches-20-pouches,,,,,,,,,Tropical Burst,,,,,,,,EH0168Z0151,31.7514659,shopify,0,deny,manual,3.2,4,TRUE,TRUE,,,,,,https://cdn.shopify.com/s/files/1/0901/3696/9543/files/267289977.webp?v=1763957179,6,267289977.webp,,,,,,,,,,,,,,,,,,,,,,,,,,,,,,,,,https://cdn.shopify.com/s/files/1/0901/3696/9543/files/267289973.webp?v=1763957185,lb,,2,
zeus-20mg-strong-nicotine-pouches-20-pouches,,,,,,,,,,,,,,,,,,,,,,,,,,,,,,,,https://cdn.shopify.com/s/files/1/0901/3696/9543/files/267289978.webp?v=1763957183,7,267289978.webp,,,,,,,,,,,,,,,,,,,,,,,,,,,,,,,,,,,,,
9mg-poke-freeze-mint-nicotine-pouches-20-pouches,9mg Poke Freeze Mint Nicotine Pouches - 20 Pouches,"Elevate your nicotine experience with our 9mg Poke Freeze Mint Nicotine Pouches. Crafted with a refreshing and invigorating mint flavour, these pouches offer a unique and satisfying way to enjoy nicotine without the hassle of smoke or vapour. Each package contains 20 convenient pouches, making it easy to indulge in a quick nicotine fix wherever you go.  Immerse yourself in the icy-cool sensation of Poke Freeze Mint and enjoy a moment of pure refreshment throughout your day.<br data-mce-fragment=""1""><br data-mce-fragment=""1""><strong data-mce-fragment=""1"">Specifications:</strong><br data-mce-fragment=""1"">
<ul data-mce-fragment=""1"">
<li data-mce-fragment=""1"">Strength: 9mg Per Pouch</li>
<li data-mce-fragment=""1"">Doses: 20 pouches</li>
<li data-mce-fragment=""1"">Tobacco-free, smoke-free and vapour-free</li>
<li data-mce-fragment=""1"">Freeze Mint Flavouring</li>
</ul>
<br data-mce-fragment=""1""><strong data-mce-fragment=""1"">Direction of Use:</strong> Place one pouch under your top or bottom lip. Position the pouch to the side of your lip for comfort. Remove after 30 to 60 minutes.",Poke,Health & Beauty > Health Care > Medicine & Drugs > Smoking Cessation Aids,Smoking Products,"9mg, ice, nic_strength=9, nicotine_pouches, parse_attributes_0, pouch, tobacco",TRUE,Title,Default Title,,,,,,,,EE0033X0496,31.7514659,shopify,0,deny,manual,3.2,4,TRUE,TRUE,,,,,,https://cdn.shopify.com/s/files/1/0901/3696/9543/files/267289332.webp?v=1763956697,1,267289332.webp,FALSE,9mg Poke Freeze Mint Nicotine Pouches - 20 Pouches,"Buy Poke Poke Freeze Mint 9mg nicotine pouches. Tobacco-free, discreet pouches. Fast UK delivery, 18+ age verified.",Health & Beauty > Health Care > Medicine & Drugs,unisex,adult,EE0033X0496,new,FALSE,,,,,,,,,,,,,,,,,,,,,,,"poke, 9mg, 9 mg, mint, freeze, nicotine pouches, nic pouches, tobacco free",https://cdn.shopify.com/s/files/1/0901/3696/9543/files/267289332.webp?v=1763956697,lb,,2,active
20mg-egp-nicotine-pouches-20-pouches,20mg EGP Nicotine Pouches - 20 Pouches,"<p>The EPG 20mg Nicotine Pouches offer a discreet and satisfying way to enjoy nicotine without the harmful effects of smoking. These tobacco-free pouches are designed to be placed between the lip and gum, allowing for a smooth and lasting release of nicotine through the oral mucosa. Crafted with premium materials and free from tobacco, tar, and carbon monoxide.</p>
<p><strong>Specifications:</strong></p>
<ul>
<li>Strength: 20mg Per Pouch / 40mg Per Gram  <br>
</li>
<li>Doses: 20 pouches</li>
<li>Recyclable Packaging</li>
<li>Tobacco-free, smoke-free and vapour-free</li>
<li>Multiple Flavours to Choose From</li>
<li>Free From Harsh Chemicals</li>
<li>Long Lasting Flavour</li>
</ul>
<p><strong>Flavours:</strong></p>
<ul>
<li>Freeze <br>
</li>
<li>Mango <br>
</li>
<li>Refreshing Grape <br>
</li>
<li>Ice Mint <br>
</li>
<li>Ice Watermelon </li>
</ul>",EGP,Health & Beauty > Health Care > Medicine & Drugs > Smoking Cessation Aids,Smoking Products,"0mg, fruity, ice, nic_salt, nic_strength=20, nicotine_pouches, parse_attributes_0, pouch",TRUE,Flavour,Mango,,,,,,,,ED0337X0516,31.7514659,shopify,0,deny,manual,2.4,3,TRUE,TRUE,,,,,,https://cdn.shopify.com/s/files/1/0901/3696/9543/files/267289901.webp?v=1763956438,1,267289901.webp,FALSE,20mg EGP Nicotine Pouches - 20 Pouches,"Buy EGP EGP 20mg nicotine pouches. Tobacco-free, discreet pouches. Fast UK delivery, 18+ age verified.",Health & Beauty > Health Care > Medicine & Drugs,unisex,adult,ED0337X0516,new,FALSE,,,,,,20mg,,,,,,,,,,,,,,,,,"egp, 20mg, 20 mg, nicotine pouches, nic pouches, tobacco free",https://cdn.shopify.com/s/files/1/0901/3696/9543/files/267289902.webp?v=1763956447,lb,,1.5,active
20mg-egp-nicotine-pouches-20-pouches,,,,,,,,,Ice Mint,,,,,,,,ED0335X0516,31.7514659,shopify,0,deny,manual,2.4,3,TRUE,TRUE,,,,,,https://cdn.shopify.com/s/files/1/0901/3696/9543/files/267289902.webp?v=1763956447,2,267289902.webp,,,,,,,,,,,,,,,,,,,,,,,,,,,,,,,,,https://cdn.shopify.com/s/files/1/0901/3696/9543/files/267289904.webp?v=1763956446,lb,,1.5,
20mg-egp-nicotine-pouches-20-pouches,,,,,,,,,Ice Watermelon,,,,,,,,ED0336X0516,31.7514659,shopify,0,deny,manual,2.4,3,TRUE,TRUE,,,,,,https://cdn.shopify.com/s/files/1/0901/3696/9543/files/267289903.webp?v=1763956442,3,267289903.webp,,,,,,,,,,,,,,,,,,,,,,,,,,,,,,,,,https://cdn.shopify.com/s/files/1/0901/3696/9543/files/267289906.webp?v=1763956444,lb,,1.5,
20mg-egp-nicotine-pouches-20-pouches,,,,,,,,,Refreshing Grape,,,,,,,,ED0338X0516,31.7514659,shopify,0,deny,manual,2.4,3,TRUE,TRUE,,,,,,https://cdn.shopify.com/s/files/1/0901/3696/9543/files/267289904.webp?v=1763956446,4,267289904.webp,,,,,,,,,,,,,,,,,,,,,,,,,,,,,,,,,https://cdn.shopify.com/s/files/1/0901/3696/9543/files/267289903.webp?v=1763956442,lb,,1.5,
20mg-egp-nicotine-pouches-20-pouches,,,,,,,,,Freeze,,,,,,,,ED0334X0516,31.7514659,shopify,0,deny,manual,2.4,3,TRUE,TRUE,,,,,,https://cdn.shopify.com/s/files/1/0901/3696/9543/files/267289905.webp?v=1763956448,5,267289905.webp,,,,,,,,,,,,,,,,,,,,,,,,,,,,,,,,,https://cdn.shopify.com/s/files/1/0901/3696/9543/files/267289905.webp?v=1763956448,lb,,1.5,
20mg-egp-nicotine-pouches-20-pouches,,,,,,,,,,,,,,,,,,,,,,,,,,,,,,,,https://cdn.shopify.com/s/files/1/0901/3696/9543/files/267289906.webp?v=1763956444,6,267289906.webp,,,,,,,,,,,,,,,,,,,,,,,,,,,,,,,,,,,,,
25mg-garant-nicotine-pouch-20-pouches,25mg Garant Nicotine Pouch - 20 Pouches,"<p>Discover the power of 25mg Garant Nicotine Pouches, now available in a convenient 20-pouch pack. These potent, tobacco-free pouches provide a burst of refreshing flavor and intense satisfaction for experienced users. Garant, the next generation of Grant nicotine pouches, offers a clean, discreet, and smokeless way to consume nicotine for up to 45 minutes per pouch. Perfect for individuals seeking alternatives to traditional tobacco products or attempting to quit smoking, these slim pouches fit comfortably and discreetly under the lip. Made with premium plant fibers and offered in a variety of delicious flavors, Garant guarantees a superior nicotine experience without the harmful effects of smoking. Whether you're at work, socializing, or on the go, these pouches offer a convenient and gratifying nicotine solution. Ready to elevate your nicotine routine? Try Garant Nicotine Pouches today and discover the future of nicotine enjoyment.<br></p>
<p><strong>Specifications:</strong></p>
<ul>
<li><span>25mg per gram </span></li>
<li><span>20 Pouches</span></li>
<li>Tobacco Free </li>
<li>Long Lasting Flavour</li>
</ul>
<p><strong>Flavour:<br></strong></p>
<ul>
<li>Wild Berry </li>
<li>Melon </li>
</ul>
<p><strong>Direction of Use:</strong> Place one pouch under your top or bottom lip. Position the pouch to the side of your lip for comfort. Remove after 30 to 60 minutes.</p>
<p><span><strong>Ingredients: </strong>Cellulose (E460), Salt, Acidtity Regulator (E500), Water, Humectant (E1520), Sucralose (E955), Flavouring, Nicotine. </span></p>",Garant,Health & Beauty > Health Care > Medicine & Drugs > Smoking Cessation Aids,Smoking Products,"0mg, fruity, nic_strength=25, nicotine_pouches, parse_attributes_0, pouch, traditional_nicotine",TRUE,Flavour,Orange,,,,,,,,AB0195X0525,13.6077711,shopify,0,deny,manual,3.2,4,TRUE,TRUE,,,,,,https://cdn.shopify.com/s/files/1/0901/3696/9543/files/267289734.webp?v=1763956244,1,267289734.webp,FALSE,25mg Garant Nicotine Pouch - 20 Pouches | Nicotine Pouches,"Buy Garant Garant 25mg nicotine pouches. Tobacco-free, discreet pouches. Fast UK delivery, 18+ age verified.",Health & Beauty > Health Care > Medicine & Drugs,unisex,adult,AB0195X0525,new,FALSE,,,,,,25mg,,,,,,,,,,,,,,,,,"garant, 25mg, 25 mg, nicotine pouches, nic pouches, tobacco free",https://cdn.shopify.com/s/files/1/0901/3696/9543/files/267289737.webp?v=1763956250,lb,,2,active
25mg-garant-nicotine-pouch-20-pouches,,,,,,,,,Melon,,,,,,,,AB0197X0525,13.6077711,shopify,0,deny,manual,3.2,4,TRUE,TRUE,,,,,N800-60W4-H009-GJE8,https://cdn.shopify.com/s/files/1/0901/3696/9543/files/267289735.webp?v=1763956251,2,267289735.webp,,,,,,,,,,,,,,,,,,,,,,,,,,,,,,,,,https://cdn.shopify.com/s/files/1/0901/3696/9543/files/267289736.webp?v=1763956248,lb,,2,
25mg-garant-nicotine-pouch-20-pouches,,,,,,,,,Wild Berry,,,,,,,,AB0192X0525,13.6077711,shopify,0,deny,manual,3.2,4,TRUE,TRUE,,,,,CH00-Q0YA-E00S-FK5F,https://cdn.shopify.com/s/files/1/0901/3696/9543/files/267289736.webp?v=1763956248,3,267289736.webp,,,,,,,,,,,,,,,,,,,,,,,,,,,,,,,,,https://cdn.shopify.com/s/files/1/0901/3696/9543/files/267289735.webp?v=1763956251,lb,,2,
25mg-garant-nicotine-pouch-20-pouches,,,,,,,,,,,,,,,,,,,,,,,,,,,,,,,,https://cdn.shopify.com/s/files/1/0901/3696/9543/files/267289737.webp?v=1763956250,4,267289737.webp,,,,,,,,,,,,,,,,,,,,,,,,,,,,,,,,,,,,,
20mg-ignite-mint-slim-nicotine-pouches-20-pouches,20mg Ignite Mint Slim Nicotine Pouches - 20 Pouches,"<p data-mce-fragment=""1"">Discover the invigorating taste of 20mg Ignite Mint Slim Nicotine Pouches, carefully designed to elevate your nicotine intake. Every slim pouch is infused with a burst of lively Mint flavour, providing a gratifying alternative to regular smoking. This package contains 20 precisely-measured pouches for convenient, on-the-go use.<br data-mce-fragment=""1""><strong data-mce-fragment=""1""></strong></p>
<p data-mce-fragment=""1""><strong data-mce-fragment=""1"">Specifications:</strong><br data-mce-fragment=""1""></p>
<ul data-mce-fragment=""1"">
<li data-mce-fragment=""1"">Strength: 20mg Per Pouch</li>
<li data-mce-fragment=""1"">Doses: 20 pouches</li>
<li data-mce-fragment=""1"">Tobacco-free, smoke-free and vapour-free</li>
<li data-mce-fragment=""1"">Mint Flavouring</li>
</ul>
<br data-mce-fragment=""1""><strong data-mce-fragment=""1"">Direction of Use:</strong> Place one pouch under your top or bottom lip. Position the pouch to the side of your lip for comfort. Remove after 30 to 60 minutes.",IGNITE,Health & Beauty > Health Care > Medicine & Drugs > Smoking Cessation Aids,Smoking Products,"0mg, 20mg, ice, nic_strength=20, nicotine_pouches, parse_attributes_0, pouch, tobacco",TRUE,Title,Default Title,,,,,,,,ED0175Z0142,31.7514659,shopify,0,deny,manual,3.68,4.6,TRUE,TRUE,,,,,,https://cdn.shopify.com/s/files/1/0901/3696/9543/files/267289175.webp?v=1763956114,1,267289175.webp,FALSE,20mg Ignite Mint Slim Nicotine Pouches - 20 Pouches,"Buy IGNITE Ignite Mint 20mg nicotine pouches. Tobacco-free, discreet pouches. Fast UK delivery, 18+ age verified.",Health & Beauty > Health Care > Medicine & Drugs,unisex,adult,ED0175Z0142,new,FALSE,,,,,,20mg,,,,,,,,,,,,,,,,,"ignite, 20mg, 20 mg, mint, nicotine pouches, nic pouches, tobacco free",https://cdn.shopify.com/s/files/1/0901/3696/9543/files/267289175.webp?v=1763956114,lb,,2.3,active
6mg-nordic-spirit-regular-nicotine-pouches-20-pouches,6mg Nordic Spirit Regular Nicotine Pouches - 20 Pouches,"<p><meta charset=""UTF-8""><span>The 6mg Nordic Spirit Regular Nicotine Pouches offer a discreet and convenient way to enjoy nicotine without the need for smoking or vaping. Each pouch contains 6mg of nicotine, providing a mild yet satisfying experience that is ideal for both new and experienced users seeking a smoke-free alternative. Designed for oral use, these pouches deliver a steady release of nicotine while being tobacco-free and smoke-free. The regular flavour profile offers a classic and refreshing sensation, balancing smoothness with a subtle cooling effect. </span></p>
<p><strong>Specifications:</strong></p>
<ul>
<li><span>20 slim pouches per can</span></li>
<li><span>Nicotine Strengths: 6mg Regular </span></li>
<li><span>Tobacco-free and discreet</span></li>
</ul>
<p><strong>Flavours:</strong></p>
<ul>
<li>Mint</li>
<li>Spearmint</li>
<li>Sweet Mint</li>
<li>Watermelon</li>
</ul>",Nordic Spirit,Health & Beauty > Health Care > Medicine & Drugs > Smoking Cessation Aids,Smoking Products,"6mg, fruity, ice, nic_strength=6, nicotine_pouches, parse_attributes_0, pouch",TRUE,Flavour,Watermelon,,,,,,,,6mgNordicSpiritRegularWatermelon,31.7514659,shopify,9,deny,manual,4.34,5.42,TRUE,TRUE,,,,,,https://cdn.shopify.com/s/files/1/0901/3696/9543/files/267289437.webp?v=1763956030,1,267289437.webp,FALSE,6mg Nordic Spirit Regular Nicotine Pouches - 20 Pouches,"Buy Nordic Spirit Nordic Spirit Regular 6mg nicotine pouches. Tobacco-free, discreet pouches. Fast UK delivery, 18+ age verified.",Health & Beauty > Health Care > Medicine & Drugs,unisex,adult,6mgNordicSpiritRegularWatermelon,new,FALSE,,,,,,6mg,,,,,,,,,,,,,,,,,"nordic spirit, 6mg, 6 mg, nicotine pouches, nic pouches, tobacco free",,lb,,2.71,active
6mg-nordic-spirit-regular-nicotine-pouches-20-pouches,,,,,,,,,Spearmint,,,,,,,,6mgNordicSpiritRegularSpearmint,31.7514659,shopify,87,deny,manual,4.34,5.42,TRUE,TRUE,,,,,,https://cdn.shopify.com/s/files/1/0901/3696/9543/files/267289438.webp?v=1763956030,2,267289438.webp,,,,,,,,,,,,,,,,,,,,,,,,,,,,,,,,,,lb,,2.71,
6mg-nordic-spirit-regular-nicotine-pouches-20-pouches,,,,,,,,,Mint,,,,,,,,6mgNordicSpiritRegularMint,31.7514659,shopify,86,deny,manual,4.34,5.42,TRUE,TRUE,,,,,,https://cdn.shopify.com/s/files/1/0901/3696/9543/files/267289439.webp?v=1763956030,3,267289439.webp,,,,,,,,,,,,,,,,,,,,,,,,,,,,,,,,,,lb,,2.71,
6mg-nordic-spirit-regular-nicotine-pouches-20-pouches,,,,,,,,,Sweet Mint,,,,,,,,6mgNordicSpiritRegularSweetMint,31.7514659,shopify,19,deny,manual,4.34,5.42,TRUE,TRUE,,,,,,https://cdn.shopify.com/s/files/1/0901/3696/9543/files/267289440.webp?v=1763956030,4,267289440.webp,,,,,,,,,,,,,,,,,,,,,,,,,,,,,,,,,,lb,,2.71,
6mg-nordic-spirit-regular-nicotine-pouches-20-pouches,,,,,,,,,,,,,,,,,,,,,,,,,,,,,,,,https://cdn.shopify.com/s/files/1/0901/3696/9543/files/267289441.webp?v=1763956031,5,267289441.webp,,,,,,,,,,,,,,,,,,,,,,,,,,,,,,,,,,,,,
12mg-ignite-blueberry-slim-nicotine-pouch-20-pouches,12mg Ignite Blueberry Slim Nicotine Pouch - 20 Pouches,"Indulge in the refreshing taste of 12mg Ignite Blueberry Slim Nicotine Pouch, a delightful blend crafted to elevate your nicotine experience. Each sleek pouch contains a burst of vibrant blueberry flavour, providing a satisfying alternative to traditional smoking. With 20 meticulously crafted pouches per pack, enjoy the convenience of a portable and discreet nicotine solution. <br data-mce-fragment=""1""><br data-mce-fragment=""1""><strong data-mce-fragment=""1"">Specifications:</strong><br data-mce-fragment=""1"">
<ul data-mce-fragment=""1"">
<li data-mce-fragment=""1"">Strength: 12mg Per Pouch</li>
<li data-mce-fragment=""1"">Doses: 20 pouches</li>
<li data-mce-fragment=""1"">Tobacco-free, smoke-free and vapour-free</li>
<li data-mce-fragment=""1"">Blueberry Flavouring</li>
</ul>
<br data-mce-fragment=""1""><strong data-mce-fragment=""1"">Direction of Use:</strong> Place one pouch under your top or bottom lip. Position the pouch to the side of your lip for comfort. Remove after 30 to 60 minutes.",IGNITE,Health & Beauty > Health Care > Medicine & Drugs > Smoking Cessation Aids,Smoking Products,"12mg, nic_strength=12, nicotine_pouches, parse_attributes_0, pouch, tobacco, traditional_nicotine",TRUE,Title,Default Title,,,,,,,,ED0179Z0142,31.7514659,shopify,0,deny,manual,3.68,4.6,TRUE,TRUE,,,,,,https://cdn.shopify.com/s/files/1/0901/3696/9543/files/267289295.webp?v=1763956026,1,267289295.webp,FALSE,12mg Ignite Blueberry Slim Nicotine Pouch - 20 Pouches | ...,"Buy IGNITE Ignite Blueberry 12mg nicotine pouches. Tobacco-free, discreet pouches. Fast UK delivery, 18+ age verified.",Health & Beauty > Health Care > Medicine & Drugs,unisex,adult,ED0179Z0142,new,FALSE,,,,,,,,,,,,,,,,,,,,,,,"ignite, 12mg, 12 mg, berry, nicotine pouches, nic pouches, tobacco free",https://cdn.shopify.com/s/files/1/0901/3696/9543/files/267289295.webp?v=1763956026,lb,,2.3,active
50mg-garant-extreme-nicotine-pouch-20-pouches,50mg Garant Extreme Nicotine Pouch - 20 Pouches,"<p>Discover the strength of 50mg Garant Extreme Nicotine Pouches in a convenient pack of 20. These tobacco-free pouches, designed for experienced users, deliver a refreshing burst of flavor and intense satisfaction. Garant, the evolution of Grant nicotine pouches, offers a clean, discreet, and smokeless way to enjoy nicotine for up to 45 minutes per pouch. Perfect for those seeking an alternative to traditional tobacco products or looking to quit smoking, these slim-format pouches are comfortable and invisible under your lip. Made with high-quality plant fibers and available in various enticing flavors, Garant guarantees a premium nicotine experience without the risks of smoking. Whether at work, socializing, or on the go, these pouches are a convenient and satisfying solution. Elevate your nicotine routine with Garant Nicotine Pouches now.<br></p>
<p><strong>Specifications:</strong></p>
<ul>
<li><span>20mg per gram </span></li>
<li><span>20 Pouches</span></li>
<li>Tobacco Free </li>
<li>Long Lasting Flavour</li>
</ul>
<p><strong>Flavour:<br></strong></p>
<ul>
<li>Licorice </li>
<li>Energy Drink </li>
<li>Grape </li>
<li>Extreme </li>
</ul>
<p><strong>Direction of Use:</strong> Place one pouch under your top or bottom lip. Position the pouch to the side of your lip for comfort. Remove after 30 to 60 minutes.</p>
<p><span><strong>Ingredients: </strong>Cellulose (E460), Salt, Acidtity Regulator (E500), Water, Humectant (E1520), Sucralose (E955), Flavouring, Nicotine. </span></p>",Garant,Health & Beauty > Health Care > Medicine & Drugs > Smoking Cessation Aids,Smoking Products,"0mg, beverages, cereal, fruity, ice, nic_strength=20, nic_strength=50, nicotine_pouches, parse_attributes_0, pouch, spices_&_herbs, tobacco, traditional_nicotine",TRUE,Flavour,Grape,,,,,,,,AB0202X0525,13.6077711,shopify,0,deny,manual,3.2,4,TRUE,TRUE,,,,,TV30-F0VT-D002-8VVY,https://cdn.shopify.com/s/files/1/0901/3696/9543/files/267289702.webp?v=1763955738,1,267289702.webp,FALSE,50mg Garant Extreme Nicotine Pouch - 20 Pouches | Nicotin...,"Buy Garant Garant Extreme 50mg nicotine pouches. Tobacco-free, discreet pouches. Fast UK delivery, 18+ age verified.",Health & Beauty > Health Care > Medicine & Drugs,unisex,adult,AB0202X0525,new,FALSE,,,,,,20mg,,,,,,,,,,,,,,,,,"garant, 50mg, 50 mg, nicotine pouches, nic pouches, tobacco free",https://cdn.shopify.com/s/files/1/0901/3696/9543/files/267289705.webp?v=1763955743,lb,,2,active
50mg-garant-extreme-nicotine-pouch-20-pouches,,,,,,,,,Energy Drink,,,,,,,,AB0200X0525,13.6077711,shopify,0,deny,manual,3.2,4,TRUE,TRUE,,,,,F140-G08M-0002-KK23,https://cdn.shopify.com/s/files/1/0901/3696/9543/files/267289703.webp?v=1763955744,2,267289703.webp,,,,,,,,,,,,,,,,,,,,,,,,,,,,,,,,,https://cdn.shopify.com/s/files/1/0901/3696/9543/files/267289704.webp?v=1763955747,lb,,2,
50mg-garant-extreme-nicotine-pouch-20-pouches,,,,,,,,,Extreme,,,,,,,,AB0204X0525,13.6077711,shopify,0,deny,manual,3.2,4,TRUE,TRUE,,,,,V000-P0TX-K00T-GHP2,https://cdn.shopify.com/s/files/1/0901/3696/9543/files/267289704.webp?v=1763955747,3,267289704.webp,,,,,,,,,,,,,,,,,,,,,,,,,,,,,,,,,https://cdn.shopify.com/s/files/1/0901/3696/9543/files/267289706.webp?v=1763955746,lb,,2,
50mg-garant-extreme-nicotine-pouch-20-pouches,,,,,,,,,Licorice,,,,,,,,AB0189X0525,13.6077711,shopify,0,deny,manual,3.2,4,TRUE,TRUE,,,,,F940-00AS-W00J-KKT9,https://cdn.shopify.com/s/files/1/0901/3696/9543/files/267289705.webp?v=1763955743,4,267289705.webp,,,,,,,,,,,,,,,,,,,,,,,,,,,,,,,,,https://cdn.shopify.com/s/files/1/0901/3696/9543/files/267289703.webp?v=1763955744,lb,,2,
50mg-garant-extreme-nicotine-pouch-20-pouches,,,,,,,,,,,,,,,,,,,,,,,,,,,,,,,,https://cdn.shopify.com/s/files/1/0901/3696/9543/files/267289706.webp?v=1763955746,5,267289706.webp,,,,,,,,,,,,,,,,,,,,,,,,,,,,,,,,,,,,,
16mg-poke-raspberry-nicotine-pouches-20-pouches,16mg Poke Raspberry Nicotine Pouches - 20 Pouches,"Experience the perfect combination of flavour and nicotine with 16mg Poke Raspberry Nicotine Pouches. This pack contains 20 pouches filled with the delicious taste of raspberries, providing a sweet and tangy twist to your nicotine cravings. Perfect for those looking for a fruity and satisfying alternative to traditional nicotine products, these pouches offer a discreet and convenient way to enjoy nicotine without smoke or vapour. <br data-mce-fragment=""1""><br data-mce-fragment=""1""><strong data-mce-fragment=""1"">Specifications:</strong><br data-mce-fragment=""1"">
<ul data-mce-fragment=""1"">
<li data-mce-fragment=""1"">Strength: 16mg Per Pouch</li>
<li data-mce-fragment=""1"">Doses: 20 pouches</li>
<li data-mce-fragment=""1"">Tobacco-free, smoke-free and vapour-free</li>
<li data-mce-fragment=""1"">Raspberry Flavouring</li>
</ul>
<br data-mce-fragment=""1""><strong data-mce-fragment=""1"">Direction of Use:</strong> Place one pouch under your top or bottom lip. Position the pouch to the side of your lip for comfort. Remove after 30 to 60 minutes.",Poke,Health & Beauty > Health Care > Medicine & Drugs > Smoking Cessation Aids,Smoking Products,"16mg, fruity, nicotine_pouches, parse_attributes_0, pouch, tobacco, traditional_nicotine",TRUE,Title,Default Title,,,,,,,,EE0047X0496,31.7514659,shopify,0,deny,manual,3.2,4,TRUE,TRUE,,,,,5744000049953,https://cdn.shopify.com/s/files/1/0901/3696/9543/files/267289281.webp?v=1763955611,1,267289281.webp,FALSE,16mg Poke Raspberry Nicotine Pouches - 20 Pouches,"Buy Poke Poke Raspberry 16mg nicotine pouches. Tobacco-free, discreet pouches. Fast UK delivery, 18+ age verified.",Health & Beauty > Health Care > Medicine & Drugs,unisex,adult,EE0047X0496,new,FALSE,,,,,,,,,,,,,,,,,,,,,,,"poke, 16mg, 16 mg, berry, nicotine pouches, nic pouches, tobacco free",https://cdn.shopify.com/s/files/1/0901/3696/9543/files/267289281.webp?v=1763955611,lb,,2,active
eos-15mg-strong-nicotine-pouches-20-pouches,EOS 15mg Strong Nicotine pouches - 20 Pouches,"<p>Experience a powerful nicotine hit with EOS 15mg Strong Nicotine Pouches. This pack contains 20 slim pouches, each delivering a robust 15mg of nicotine, perfect for those seeking a potent and satisfying experience. Crafted with high-quality ingredients, including cellulose fibre, these pouches offer a tobacco-free alternative that prioritizes both pleasure and health. Simply place a pouch between your gum and lip to enjoy a steady release of nicotine, with no smoke, vapour, or mess. Whether you're looking to reduce your tobacco intake or enjoy a discreet and convenient nicotine option, EOS 15mg Strong Nicotine Pouches provides a premium solution that fits seamlessly into your lifestyle.<strong><br><br><br>Specifications:</strong></p>
<ul>
<li>Strength: 15mg Per Gram <br>
</li>
<li>Strong Strength<br>
</li>
<li>No Tobacco <br>
</li>
<li>Slim Pouch <br>
</li>
<li>Weight: 30g</li>
<li>Doses: 20 pouches</li>
</ul>
<p><br><strong>Direction of Use: </strong>Place one pouch under your top or bottom lip. Position the pouch to the side of your lip for comfort. Remove after 30 to 60 minutes.</p>
<p><strong>Flavour: </strong></p>
<ul>
<li>Mint <br>
</li>
<li>Orange <br>
</li>
<li>Blueberry </li>
</ul>
<!----><!---->",EOS,Health & Beauty > Health Care > Medicine & Drugs > Smoking Cessation Aids,Smoking Products,"15mg, fruity, ice, nic_strength=15, nicotine_pouches, parse_attributes_0, pouch",TRUE,Flavour,Orange,,,,,,,,EH0160Z0146,31.7514659,shopify,184,deny,manual,5.6,7,TRUE,TRUE,,,,,,https://cdn.shopify.com/s/files/1/0901/3696/9543/files/267289597.webp?v=1763955483,1,267289597.webp,FALSE,EOS 15mg Strong Nicotine pouches - 20 Pouches | Nicotine ...,"Buy EOS EOS Strong 15mg nicotine pouches. Tobacco-free, discreet pouches. Fast UK delivery, 18+ age verified.",Health & Beauty > Health Care > Medicine & Drugs,unisex,adult,EH0160Z0146,new,FALSE,,,,,,,,,,,,,,,,,,,,,,,"eos, 15mg, 15 mg, nicotine pouches, nic pouches, tobacco free",https://cdn.shopify.com/s/files/1/0901/3696/9543/files/267289600.webp?v=1763955488,lb,,3.5,active
eos-15mg-strong-nicotine-pouches-20-pouches,,,,,,,,,Ice Mint,,,,,,,,EH0157Z0146,31.7514659,shopify,190,deny,manual,5.6,7,TRUE,TRUE,,,,,,https://cdn.shopify.com/s/files/1/0901/3696/9543/files/267289599.webp?v=1763955490,2,267289599.webp,,,,,,,,,,,,,,,,,,,,,,,,,,,,,,,,,https://cdn.shopify.com/s/files/1/0901/3696/9543/files/267289599.webp?v=1763955490,lb,,3.5,
eos-15mg-strong-nicotine-pouches-20-pouches,,,,,,,,,Ice Blueberry,,,,,,,,EH0163Z0146,31.7514659,shopify,188,deny,manual,5.6,7,TRUE,TRUE,,,,,,https://cdn.shopify.com/s/files/1/0901/3696/9543/files/267289600.webp?v=1763955488,3,267289600.webp,,,,,,,,,,,,,,,,,,,,,,,,,,,,,,,,,https://cdn.shopify.com/s/files/1/0901/3696/9543/files/267289602.webp?v=1763955490,lb,,3.5,
eos-15mg-strong-nicotine-pouches-20-pouches,,,,,,,,,,,,,,,,,,,,,,,,,,,,,,,,https://cdn.shopify.com/s/files/1/0901/3696/9543/files/267289602.webp?v=1763955490,4,267289602.webp,,,,,,,,,,,,,,,,,,,,,,,,,,,,,,,,,,,,,
9mg-on-plus-strong-nicotine-pouches-20-pouches,9mg On! Plus Strong Nicotine Pouches - 20 Pouches,"<p>Satisfy your nicotine cravings with the convenient and discreet On! Plus Regular Nicotine Pouches. Each compact tin contains 20 pouches, each infused with a potent 9mg of high-quality nicotine, delivering a satisfying and consistent experience. These sleek and modern pouches are designed to be placed under the lip, allowing for a smooth and flavorful release of nicotine without the need for combustion or vapour. Perfect for those moments when smoking or vaping is not an option, On! Plus Regular Nicotine Pouches offer a clean and discreet alternative. Crafted with premium ingredients and available in a variety of refreshing flavours, these pouches provide a reliable and enjoyable nicotine delivery system. Whether you're at work, out with friends, or simply looking for a smoke-free option, On! Plus Regular Nicotine Pouches are the perfect companion for your modern, on-the-go lifestyle, offering a convenient and satisfying nicotine experience whenever and wherever you need it, with a higher nicotine strength to meet your cravings.<br></p>
<p><strong>Specifications:</strong><br></p>
<ul>
<li>Strength: 9mg Per Pouch <br>
</li>
<li>Strong Strength<br>
</li>
<li>Weight: 30g<br>
</li>
<li>Doses: 20 pouches</li>
</ul>
<p><strong>Direction of Use: </strong>Place one pouch under your top or bottom lip. Position the pouch to the side of your lip for comfort. Remove after 30 to 60 minutes.</p>
<p><strong>Flavour:</strong><br></p>
<ul>
<li>Smooth Mint <br>
</li>
<li>Berry <br>
</li>
<li>Citrus </li>
<li>Mint </li>
</ul>
<!----><!----><!---->",On!,Health & Beauty > Health Care > Medicine & Drugs > Smoking Cessation Aids,Smoking Products,"9mg, fruity, ice, nic_salt, nic_strength=9, nicotine_pouches, parse_attributes_0, pouch",TRUE,Flavour,Berry,,,,,,,,EF0339X0473,31.7514659,shopify,0,deny,manual,4.96,6.2,TRUE,TRUE,,,,,,https://cdn.shopify.com/s/files/1/0901/3696/9543/files/267289962.webp?v=1763955297,1,267289962.webp,FALSE,9mg On! Plus Strong Nicotine Pouches - 20 Pouches,"Buy On! On! Plus Strong 9mg nicotine pouches. Tobacco-free, discreet pouches. Fast UK delivery, 18+ age verified.",Health & Beauty > Health Care > Medicine & Drugs,unisex,adult,EF0339X0473,new,FALSE,,,,,,,,,,,,,,,,,,,,,,,"on!, 9mg, 9 mg, nicotine pouches, nic pouches, tobacco free",https://cdn.shopify.com/s/files/1/0901/3696/9543/files/267289964.webp?v=1763955306,lb,,3.1,active
9mg-on-plus-strong-nicotine-pouches-20-pouches,,,,,,,,,Mint,,,,,,,,BB0551X0473,31.7514659,shopify,0,deny,manual,4.96,6.2,TRUE,TRUE,,,,,,https://cdn.shopify.com/s/files/1/0901/3696/9543/files/267289963.webp?v=1763955304,2,267289963.webp,,,,,,,,,,,,,,,,,,,,,,,,,,,,,,,,,https://cdn.shopify.com/s/files/1/0901/3696/9543/files/267289966.webp?v=1763955301,lb,,3.1,
9mg-on-plus-strong-nicotine-pouches-20-pouches,,,,,,,,,Citrus,,,,,,,,EF0341X0473,31.7514659,shopify,1,deny,manual,4.96,6.2,TRUE,TRUE,,,,,,https://cdn.shopify.com/s/files/1/0901/3696/9543/files/267289964.webp?v=1763955306,3,267289964.webp,,,,,,,,,,,,,,,,,,,,,,,,,,,,,,,,,https://cdn.shopify.com/s/files/1/0901/3696/9543/files/267289965.webp?v=1763955305,lb,,3.1,
9mg-on-plus-strong-nicotine-pouches-20-pouches,,,,,,,,,Smooth Mint,,,,,,,,EF0337X0473,31.7514659,shopify,0,deny,manual,4.96,6.2,TRUE,TRUE,,,,,,https://cdn.shopify.com/s/files/1/0901/3696/9543/files/267289965.webp?v=1763955305,4,267289965.webp,,,,,,,,,,,,,,,,,,,,,,,,,,,,,,,,,https://cdn.shopify.com/s/files/1/0901/3696/9543/files/267289963.webp?v=1763955304,lb,,3.1,
9mg-on-plus-strong-nicotine-pouches-20-pouches,,,,,,,,,,,,,,,,,,,,,,,,,,,,,,,,https://cdn.shopify.com/s/files/1/0901/3696/9543/files/267289966.webp?v=1763955301,5,267289966.webp,,,,,,,,,,,,,,,,,,,,,,,,,,,,,,,,,,,,,
6mg-velo-medium-strength-nicotine-pouches-20-pouches,6mg Velo Medium Strength Nicotine Pouches - 20 Pouches,"<p data-mce-fragment=""1"">Experience the refreshing taste of Velo Mini Nicotine Pouches. Each pouch delivers a delightful burst of flavour, while effortlessly distributing nicotine in the mouth. Get a satisfying hit without the need for smoke or unpleasant smells. Designed for modern and discerning individuals, Velo Nicotine Pouches provide a refined and discreet way to enjoy nicotine without tobacco. Choose from a range of sophisticated flavours and indulge in a luxurious, smokeless nicotine experience with ease and convenience.<br data-mce-fragment=""1""><br data-mce-fragment=""1""><strong data-mce-fragment=""1"">Specifications:</strong><br data-mce-fragment=""1""></p>
<ul data-mce-fragment=""1"">
<li data-mce-fragment=""1"">Strength: 6 mg/g</li>
<li data-mce-fragment=""1"">Mild Strength </li>
<li data-mce-fragment=""1"">Weight: 30g </li>
<li data-mce-fragment=""1"">Doses: 20 pouches</li>
</ul>
<p data-mce-fragment=""1""><strong data-mce-fragment=""1"">Direction of Use:</strong><span data-mce-fragment=""1""> </span>Place one pouch under your top or bottom lip. Position the pouch to the side of your lip for comfort. Remove after 30 to 60 minutes. <br data-mce-fragment=""1""><br data-mce-fragment=""1""><strong data-mce-fragment=""1"">Flavour: </strong></p>
<ul data-mce-fragment=""1"">
<li data-mce-fragment=""1"">Royal Violet </li>
</ul>
<ul data-mce-fragment=""1""></ul>",Velo,Health & Beauty > Health Care > Medicine & Drugs > Smoking Cessation Aids,Smoking Products,"6mg, beverages, desserts/bakery, fruity, ice, nic_strength=6, nicotine_pouches, parse_attributes_0, pouch",TRUE,Flavour,Strawberry Ice,,,,,,,,VeloPouches6mgStrawberryIce,31.7514659,shopify,0,deny,manual,4.48,5.6,TRUE,TRUE,,,,,,https://cdn.shopify.com/s/files/1/0901/3696/9543/files/267289012.webp?v=1763955259,1,267289012.webp,FALSE,6mg Velo Medium Strength Nicotine Pouches - 20 Pouches,"Buy Velo Velo Medium Strength 6mg nicotine pouches. Tobacco-free, discreet pouches. Fast UK delivery, 18+ age verified.",Health & Beauty > Health Care > Medicine & Drugs,unisex,adult,VeloPouches6mgStrawberryIce,new,FALSE,,,,,,6mg,,,,,,,,,,,,,,,,,"velo, 6mg, 6 mg, nicotine pouches, nic pouches, tobacco free",,lb,,2.8,active
6mg-velo-medium-strength-nicotine-pouches-20-pouches,,,,,,,,,Cherry Ice,,,,,,,,VeloPouches6mgCherryIce,31.7514659,shopify,0,deny,manual,4.48,5.6,TRUE,TRUE,,,,,,https://cdn.shopify.com/s/files/1/0901/3696/9543/files/267289013.webp?v=1763955265,2,267289013.webp,,,,,,,,,,,,,,,,,,,,,,,,,,,,,,,,,,lb,,2.8,
6mg-velo-medium-strength-nicotine-pouches-20-pouches,,,,,,,,,Peach Ice,,,,,,,,VeloPouchesMini6mgPeachIce,31.7514659,shopify,0,deny,manual,4.48,5.6,TRUE,TRUE,,,,,,https://cdn.shopify.com/s/files/1/0901/3696/9543/files/267289014.webp?v=1763955260,3,267289014.webp,,,,,,,,,,,,,,,,,,,,,,,,,,,,,,,,,,lb,,2.8,
6mg-velo-medium-strength-nicotine-pouches-20-pouches,,,,,,,,,Watermelon Ice,,,,,,,,VeloPouchesMini6mgWatermelonIce,31.7514659,shopify,0,deny,manual,4.48,5.6,TRUE,TRUE,,,,,,https://cdn.shopify.com/s/files/1/0901/3696/9543/files/267289015.webp?v=1763955260,4,267289015.webp,,,,,,,,,,,,,,,,,,,,,,,,,,,,,,,,,,lb,,2.8,
6mg-velo-medium-strength-nicotine-pouches-20-pouches,,,,,,,,,Tropical Mango,,,,,,,,VeloPouches6mgTropicalMango,31.7514659,shopify,0,deny,manual,4.48,5.6,TRUE,TRUE,,,,,,https://cdn.shopify.com/s/files/1/0901/3696/9543/files/267289016.webp?v=1763955261,5,267289016.webp,,,,,,,,,,,,,,,,,,,,,,,,,,,,,,,,,,lb,,2.8,
6mg-velo-medium-strength-nicotine-pouches-20-pouches,,,,,,,,,Tropical Ice,,,,,,,,VeloPouches6mgTropicalIce,31.7514659,shopify,0,deny,manual,4.48,5.6,TRUE,TRUE,,,,,,,,,,,,,,,,,,,,,,,,,,,,,,,,,,,,,,,,,,lb,,2.8,
6mg-velo-medium-strength-nicotine-pouches-20-pouches,,,,,,,,,Orange Ice,,,,,,,,VeloPouches6mgOrangeIce,31.7514659,shopify,0,deny,manual,4.48,5.6,TRUE,TRUE,,,,,,,,,,,,,,,,,,,,,,,,,,,,,,,,,,,,,,,,,,lb,,2.8,
6mg-velo-medium-strength-nicotine-pouches-20-pouches,,,,,,,,,Ruby Berry,,,,,,,,VeloPouches6mgRubyBerry,31.7514659,shopify,0,deny,manual,4.48,5.6,TRUE,TRUE,,,,,,,,,,,,,,,,,,,,,,,,,,,,,,,,,,,,,,,,,,lb,,2.8,
6mg-velo-medium-strength-nicotine-pouches-20-pouches,,,,,,,,,Bright Spearmint,,,,,,,,VeloPouches6mgBrightSpearmint,31.7514659,shopify,144,deny,manual,4.48,5.6,TRUE,TRUE,,,,,,,,,,,,,,,,,,,,,,,,,,,,,,,,,,,,,,,,,,lb,,2.8,
6mg-velo-medium-strength-nicotine-pouches-20-pouches,,,,,,,,,Purple Grape (Royal Violet),,,,,,,,VeloPouchesMini6mgRoyalViolet,31.7514659,shopify,0,deny,manual,4.48,5.6,TRUE,TRUE,,,,,,,,,,,,,,,,,,,,,,,,,,,,,,,,,,,,,,,,,https://cdn.shopify.com/s/files/1/0901/3696/9543/files/267289013.webp?v=1763955265,lb,,2.8,
6mg-velo-medium-strength-nicotine-pouches-20-pouches,,,,,,,,,Creamy Latte,,,,,,,,VeloPouches6mgCreamyLatte,31.7514659,shopify,0,deny,manual,4.48,5.6,TRUE,TRUE,,,,,,,,,,,,,,,,,,,,,,,,,,,,,,,,,,,,,,,,,,lb,,2.8,
6mg-velo-medium-strength-nicotine-pouches-20-pouches,,,,,,,,,Crispy Peppermint,,,,,,,,VeloPouches6mgCrispyPeppermint,31.7514659,shopify,193,deny,manual,4.48,5.6,TRUE,TRUE,,,,,,,,,,,,,,,,,,,,,,,,,,,,,,,,,,,,,,,,,,lb,,2.8,
morko-51mg-danger-strong-fatal-freeze-nicotine-pouches-20-pouches,Mörkö 51mg Danger Strong Fatal Freeze Nicotine Pouches - 20 Pouches,"<p>Experience the ultimate in nicotine satisfaction with Mörkö 51mg Danger Strong Fatal Freeze pouches. This intense product offers an extreme nicotine level of 51mg/g, delivering approximately 30.6mg of nicotine per pouch for an unparalleled rush. The 20-pouch pack combines the invigorating flavours of spearmint and menthol, creating an icy blast that lives up to its ""Fatal Freeze"" name. These slim, all-white portions provide a long-lasting and potent experience, perfect for seasoned users seeking maximum nicotine impact. With its powerful formulation and refreshing taste, Mörkö Danger Strong Fatal Freeze pushes the boundaries of nicotine pouches, offering an intense and satisfying alternative for those who demand the strongest options available. Please note that due to its extreme strength, this product is recommended only for experienced users with high nicotine tolerance.<strong><br><br><br>Specifications:</strong></p>
<ul>
<li>Strength: 51mg Per Gram <br>
</li>
<li>Nicotine mg Per Pouch: 30.6mg<br>
</li>
<li>Danger Strong Strength<br>
</li>
<li>No Tobacco <br>
</li>
<li>Slim Pouch <br>
</li>
<li>Weight: 30g</li>
<li>Doses: 20 pouches</li>
</ul>
<p><br><strong>Direction of Use:<span> </span></strong>Place one pouch under your top or bottom lip. Position the pouch to the side of your lip for comfort. Remove after 30 to 60 minutes.</p>
<p><strong>Flavour: </strong></p>
<ul>
<li>Fatal Freeze </li>
</ul>
<!----><!---->",Morko,Health & Beauty > Health Care > Medicine & Drugs > Smoking Cessation Aids,Smoking Products,"0mg, ice, nic_strength=51, nicotine_pouches, parse_attributes_0, pouch, tobacco",TRUE,Title,Default Title,,,,,,,,EH0165Z0150,31.7514659,shopify,327,deny,manual,3.76,4.7,TRUE,TRUE,,,,,,https://cdn.shopify.com/s/files/1/0901/3696/9543/files/267289896.webp?v=1763955255,1,267289896.webp,FALSE,Morko Mörkö 51mg Danger Strong Fatal Freeze Nicotine Pouc...,"Buy Morko Mörkö Danger Strong 51mg nicotine pouches. Tobacco-free, discreet pouches. Fast UK delivery, 18+ age verified.",Health & Beauty > Health Care > Medicine & Drugs,unisex,adult,EH0165Z0150,new,FALSE,,,,,,51mg,,,,,,,,,,,,,,,,,"morko, 51mg, 51 mg, freeze, nicotine pouches, nic pouches, tobacco free",https://cdn.shopify.com/s/files/1/0901/3696/9543/files/267289896.webp?v=1763955255,lb,,2.35,active
50mg-nois-slim-nicotine-pouches-27-pouches,50mg NOIS Slim Nicotine Pouches - 27 Pouches,"<p data-end=""524"" data-start=""0"">Crafted for convenience, 50mg NOIS Slim Nicotine Pouches - 27 Pouches offer a satisfying and discreet option for those seeking a smoke-free and tobacco-free alternative. These pouches provide a long-lasting and smooth release of nicotine, without the need for vaping or smoking. Its compact and portable design allows for easy placement under the lip, providing a refreshing sensation without any lingering odors. Each pouch is expertly formulated for a balanced and enjoyable experience, making it the perfect choice for both novice and experienced users.</p>
<p data-end=""524"" data-start=""0""><strong>Specifications:</strong></p>
<ul>
<li data-end=""524"" data-start=""0"">Nicotine Strength: 50mg/g Strength</li>
<li data-end=""524"" data-start=""0"">Tobacco-Free</li>
<li data-end=""524"" data-start=""0"">Smoke-Free</li>
<li data-end=""524"" data-start=""0"">Format: Slim</li>
<li>27 Pouches Per Pack</li>
</ul>
<p><strong>Flavours:</strong></p>
<ul>
<li>Extreme</li>
<li>Blueberry Extreme</li>
<li>Cherry Extreme </li>
<li>Cool Strong Extreme</li>
<li>Grape Extreme </li>
<li>Mango Extreme</li>
<li>Watermelon Extreme</li>
</ul>
<p><strong>Direction of Use:</strong> Place one pouch under your top or bottom lip. Position the pouch to the side of your lip for comfort. Remove after 30 to 60 minutes.</p>",NOIS,Health & Beauty > Health Care > Medicine & Drugs > Smoking Cessation Aids,Smoking Products,"0mg, fruity, ice, nic_salt, nic_strength=50, nicotine_pouches, parse_attributes_0, pouch, tobacco",TRUE,Flavour,Watermelon Extreme,,,,,,,,AH0069Z0155,31.7514659,shopify,216,deny,manual,3.12,3.9,TRUE,TRUE,,,,,,https://cdn.shopify.com/s/files/1/0901/3696/9543/files/267289795.webp?v=1763954926,1,267289795.webp,FALSE,50mg NOIS Slim Nicotine Pouches - 27 Pouches,"Buy NOIS NOIS 27 50mg nicotine pouches. Tobacco-free, discreet pouches. Fast UK delivery, 18+ age verified.",Health & Beauty > Health Care > Medicine & Drugs,unisex,adult,AH0069Z0155,new,FALSE,,,,,,50mg,,,,,,,,,,,,,,,,,"nois, 50mg, 50 mg, nicotine pouches, nic pouches, tobacco free",https://cdn.shopify.com/s/files/1/0901/3696/9543/files/267289802.webp?v=1763954931,lb,,1.95,active
50mg-nois-slim-nicotine-pouches-27-pouches,,,,,,,,,Extreme,,,,,,,,AH0064Z0155,31.7514659,shopify,223,deny,manual,3.12,3.9,TRUE,TRUE,,,,,,https://cdn.shopify.com/s/files/1/0901/3696/9543/files/267289796.webp?v=1763954928,2,267289796.webp,,,,,,,,,,,,,,,,,,,,,,,,,,,,,,,,,https://cdn.shopify.com/s/files/1/0901/3696/9543/files/267289799.webp?v=1763954933,lb,,1.95,
50mg-nois-slim-nicotine-pouches-27-pouches,,,,,,,,,Cool Strong Extreme,,,,,,,,AH0070Z0155,31.7514659,shopify,207,deny,manual,3.12,3.9,TRUE,TRUE,,,,,,https://cdn.shopify.com/s/files/1/0901/3696/9543/files/267289797.webp?v=1763954932,3,267289797.webp,,,,,,,,,,,,,,,,,,,,,,,,,,,,,,,,,https://cdn.shopify.com/s/files/1/0901/3696/9543/files/267289798.webp?v=1763954937,lb,,1.95,
50mg-nois-slim-nicotine-pouches-27-pouches,,,,,,,,,Grape Extreme,,,,,,,,AH0067Z0155,31.7514659,shopify,445,deny,manual,3.12,3.9,TRUE,TRUE,,,,,,https://cdn.shopify.com/s/files/1/0901/3696/9543/files/267289798.webp?v=1763954937,4,267289798.webp,,,,,,,,,,,,,,,,,,,,,,,,,,,,,,,,,https://cdn.shopify.com/s/files/1/0901/3696/9543/files/267289800.webp?v=1763954934,lb,,1.95,
50mg-nois-slim-nicotine-pouches-27-pouches,,,,,,,,,Mango Extreme,,,,,,,,AH0066Z0155,31.7514659,shopify,197,deny,manual,3.12,3.9,TRUE,TRUE,,,,,,https://cdn.shopify.com/s/files/1/0901/3696/9543/files/267289799.webp?v=1763954933,5,267289799.webp,,,,,,,,,,,,,,,,,,,,,,,,,,,,,,,,,https://cdn.shopify.com/s/files/1/0901/3696/9543/files/267289801.webp?v=1763954935,lb,,1.95,
50mg-nois-slim-nicotine-pouches-27-pouches,,,,,,,,,Cherry Extreme,,,,,,,,AH0068Z0155,31.7514659,shopify,0,deny,manual,3.12,3.9,TRUE,TRUE,,,,,,https://cdn.shopify.com/s/files/1/0901/3696/9543/files/267289800.webp?v=1763954934,6,267289800.webp,,,,,,,,,,,,,,,,,,,,,,,,,,,,,,,,,https://cdn.shopify.com/s/files/1/0901/3696/9543/files/267289797.webp?v=1763954932,lb,,1.95,
50mg-nois-slim-nicotine-pouches-27-pouches,,,,,,,,,Blueberry Extreme,,,,,,,,AH0065Z0155,31.7514659,shopify,151,deny,manual,3.12,3.9,TRUE,TRUE,,,,,,https://cdn.shopify.com/s/files/1/0901/3696/9543/files/267289801.webp?v=1763954935,7,267289801.webp,,,,,,,,,,,,,,,,,,,,,,,,,,,,,,,,,https://cdn.shopify.com/s/files/1/0901/3696/9543/files/267289796.webp?v=1763954928,lb,,1.95,
50mg-nois-slim-nicotine-pouches-27-pouches,,,,,,,,,,,,,,,,,,,,,,,,,,,,,,,,https://cdn.shopify.com/s/files/1/0901/3696/9543/files/267289802.webp?v=1763954931,8,267289802.webp,,,,,,,,,,,,,,,,,,,,,,,,,,,,,,,,,,,,,
11mg-ubbs-cola-ice-strong-nicotine-pouches-20-pouches,11mg Übbs Cola Ice Strong Nicotine Pouches - 20 Pouches,"<p data-mce-fragment=""1""><span data-mce-fragment=""1"">Übbs Strong Nicotine Pouches! </span>Discover a refreshing burst of flavour with 11mg. Each convenient pack contains 20 pouches that quickly disperse nicotine in your mouth for a satisfying hit without smoke or unpleasant odours. Designed for those seeking a clean and enjoyable alternative to traditional tobacco products, Übbs Nicotine Pouches offer a convenient and discreet way to enjoy nicotine without tobacco. With a wide range of flavours and a focus on convenience, these pouches are perfect for anyone looking for a new, smoke-free nicotine experience.<br data-mce-fragment=""1""><br data-mce-fragment=""1""><strong data-mce-fragment=""1"">Specifications:</strong><br data-mce-fragment=""1""></p>
<ul data-mce-fragment=""1"">
<li data-mce-fragment=""1"">Strength: 11 mg/g</li>
<li data-mce-fragment=""1"">Regular Strength </li>
<li data-mce-fragment=""1"">Weight: 30g </li>
<li data-mce-fragment=""1"">Doses: 20 pouches</li>
</ul>
<p data-mce-fragment=""1""><strong data-mce-fragment=""1"">Direction of Use:</strong><span data-mce-fragment=""1""> </span>Place one pouch under your top or bottom lip. Position the pouch to the side of your lip for comfort. Remove after 30 to 60 minutes. <br data-mce-fragment=""1""><br data-mce-fragment=""1""><strong data-mce-fragment=""1"">Flavour: <br data-mce-fragment=""1""></strong></p>
<ul data-mce-fragment=""1"">
<li data-mce-fragment=""1"">Cola Ice </li>
</ul>",Übbs,Health & Beauty > Health Care > Medicine & Drugs > Smoking Cessation Aids,Smoking Products,"11mg, ice, nic_strength=11, nicotine_pouches, parse_attributes_0, pouch, tobacco, traditional_nicotine",TRUE,Title,Default Title,,,,,,,,AJ0076X0467,31.7514659,shopify,102,deny,manual,4,5,TRUE,TRUE,,,,,18904415401331,https://cdn.shopify.com/s/files/1/0901/3696/9543/files/267289308.webp?v=1763954886,1,267289308.webp,FALSE,11mg Übbs Cola Ice Strong Nicotine Pouches - 20 Pouches,"Buy Übbs Übbs Cola Ice 11mg nicotine pouches. Tobacco-free, discreet pouches. Fast UK delivery, 18+ age verified.",Health & Beauty > Health Care > Medicine & Drugs,unisex,adult,AJ0076X0467,new,FALSE,,,,,,,,,,,,,,,,,,,,,,,"übbs, 11mg, 11 mg, cola, ice, nicotine pouches, nic pouches, tobacco free",https://cdn.shopify.com/s/files/1/0901/3696/9543/files/267289308.webp?v=1763954886,lb,,2.5,active
20mg-clew-nicotine-pouches-20-pouches,20mg CLEW Nicotine Pouches - 20 Pouches,"<p><span>CLEW Nicotine Pouches in 20mg strength offer a modern, tobacco-free alternative for those seeking a clean and convenient nicotine experience. Each can contains 20 slim, discreet pouches designed for comfortable placement under the upper lip, delivering a smooth and steady release of nicotine throughout the day. These pouches are formulated with pharmaceutical-grade nicotine and premium flavourings, ensuring a gratifying sensation with every use.</span></p>
<p><strong>Specifications:</strong></p>
<ul>
<li><span>Nicotine Strength: 20mg</span></li>
<li><span>20 Pouches</span></li>
<li><span>Tobacco Free</span></li>
</ul>
<p><strong>Flavours:</strong></p>
<ul>
<li><span>Blueberry</span></li>
<li><span>Cool Mint</span></li>
<li><span>Menthol</span></li>
<li><span>Spearmint</span></li>
<li><span>Watermelon</span></li>
<li><span>Wintergreen</span></li>
<li><span>Coffee</span></li>
<li>
<span>Citrus</span><span></span>
</li>
</ul>",CLEW,Health & Beauty > Health Care > Medicine & Drugs > Smoking Cessation Aids,Smoking Products,"0mg, beverages, fruity, ice, nic_salt, nic_strength=20, nicotine_pouches, parse_attributes_0, pouch",TRUE,Flavour,Menthol,,,,,,,,EI0361X0532,31.7514659,shopify,200,deny,manual,2.8,3.5,TRUE,TRUE,,,,,,https://cdn.shopify.com/s/files/1/0901/3696/9543/files/267289544.webp?v=1763954802,1,267289544.webp,FALSE,20mg CLEW Nicotine Pouches - 20 Pouches,"Buy CLEW CLEW 20mg nicotine pouches. Tobacco-free, discreet pouches. Fast UK delivery, 18+ age verified.",Health & Beauty > Health Care > Medicine & Drugs,unisex,adult,EI0361X0532,new,FALSE,,,,,,20mg,,,,,,,,,,,,,,,,,"clew, 20mg, 20 mg, nicotine pouches, nic pouches, tobacco free",,lb,,1.75,active
20mg-clew-nicotine-pouches-20-pouches,,,,,,,,,Blueberry,,,,,,,,EI0357X0532,31.7514659,shopify,187,deny,manual,2.8,3.5,TRUE,TRUE,,,,,,https://cdn.shopify.com/s/files/1/0901/3696/9543/files/267289545.webp?v=1763954802,2,267289545.webp,,,,,,,,,,,,,,,,,,,,,,,,,,,,,,,,,,lb,,1.75,
20mg-clew-nicotine-pouches-20-pouches,,,,,,,,,Watermelon,,,,,,,,EI0363X0532,31.7514659,shopify,195,deny,manual,2.8,3.5,TRUE,TRUE,,,,,,https://cdn.shopify.com/s/files/1/0901/3696/9543/files/267289546.webp?v=1763954803,3,267289546.webp,,,,,,,,,,,,,,,,,,,,,,,,,,,,,,,,,,lb,,1.75,
20mg-clew-nicotine-pouches-20-pouches,,,,,,,,,Spearmint,,,,,,,,EI0362X0532,31.7514659,shopify,183,deny,manual,2.8,3.5,TRUE,TRUE,,,,,,https://cdn.shopify.com/s/files/1/0901/3696/9543/files/267289547.webp?v=1763954803,4,267289547.webp,,,,,,,,,,,,,,,,,,,,,,,,,,,,,,,,,,lb,,1.75,
20mg-clew-nicotine-pouches-20-pouches,,,,,,,,,Coffee,,,,,,,,EI0359X0532,31.7514659,shopify,196,deny,manual,2.8,3.5,TRUE,TRUE,,,,,,https://cdn.shopify.com/s/files/1/0901/3696/9543/files/267289548.webp?v=1763954803,5,267289548.webp,,,,,,,,,,,,,,,,,,,,,,,,,,,,,,,,,,lb,,1.75,
20mg-clew-nicotine-pouches-20-pouches,,,,,,,,,Cool Mint,,,,,,,,EI0360X0532,31.7514659,shopify,200,deny,manual,2.8,3.5,TRUE,TRUE,,,,,,https://cdn.shopify.com/s/files/1/0901/3696/9543/files/267289549.webp?v=1763954804,6,267289549.webp,,,,,,,,,,,,,,,,,,,,,,,,,,,,,,,,,,lb,,1.75,
20mg-clew-nicotine-pouches-20-pouches,,,,,,,,,Citrus,,,,,,,,EI0358X0532,31.7514659,shopify,192,deny,manual,2.8,3.5,TRUE,TRUE,,,,,,https://cdn.shopify.com/s/files/1/0901/3696/9543/files/267289550.webp?v=1763954805,7,267289550.webp,,,,,,,,,,,,,,,,,,,,,,,,,,,,,,,,,,lb,,1.75,
20mg-clew-nicotine-pouches-20-pouches,,,,,,,,,Wintergreen,,,,,,,,EI0364X0532,31.7514659,shopify,192,deny,manual,2.8,3.5,TRUE,TRUE,,,,,,https://cdn.shopify.com/s/files/1/0901/3696/9543/files/267289551.webp?v=1763954805,8,267289551.webp,,,,,,,,,,,,,,,,,,,,,,,,,,,,,,,,,,lb,,1.75,
20mg-clew-nicotine-pouches-20-pouches,,,,,,,,,,,,,,,,,,,,,,,,,,,,,,,,https://cdn.shopify.com/s/files/1/0901/3696/9543/files/267289552.webp?v=1763954805,9,267289552.webp,,,,,,,,,,,,,,,,,,,,,,,,,,,,,,,,,,,,,
11mg-velo-mild-strength-nicotine-pouches-20-pouches,11mg Velo Mild Strength Nicotine Pouches - 20 Pouches,"<p>Choose from a selection of premium elevated flavors and indulge in the refined and discreet experience of Velo's strong nicotine pouches. These pouches offer a luxurious and sophisticated nicotine sensation without the need for smoke or unpleasant odors, making them perfect for discerning buyers looking for a tobacco-free alternative. Made with expertise and designed for convenience, these smokeless pouches offer a range of elevated flavors that elevate your nicotine experience.<br><br><strong>Specifications:</strong><br></p>
<ul>
<li>Strength: 11mg/g</li>
<li>Mild Strength </li>
<li>Weight: 30g </li>
<li>Doses: 20 pouches</li>
</ul>
<p><strong>Direction of Use:</strong><span> </span>Place one pouch under your top or bottom lip. Position the pouch to the side of your lip for comfort. Remove after 30 to 60 minutes. <br><br><strong>Flavour: <br></strong></p>
<ul>
<li><span style=""font-size: 0.875rem;"">Orange Spark </span></li>
<li>
<span style=""font-size: 0.875rem;"">Peppermint Storm  </span><br>
</li>
</ul>",Velo,Health & Beauty > Health Care > Medicine & Drugs > Smoking Cessation Aids,Smoking Products,"11mg, fruity, ice, nic_strength=11, nicotine_pouches, parse_attributes_0, pouch",TRUE,Flavour,Orange Spark,,,,,,,,VeloPouches11mgOrangeSpark,31.7514659,shopify,0,deny,manual,4.48,5.6,TRUE,TRUE,,,,,,https://cdn.shopify.com/s/files/1/0901/3696/9543/files/267289596.webp?v=1763954574,1,267289596.webp,FALSE,11mg Velo Mild Strength Nicotine Pouches - 20 Pouches,"Buy Velo Velo Mild Strength 11mg nicotine pouches. Tobacco-free, discreet pouches. Fast UK delivery, 18+ age verified.",Health & Beauty > Health Care > Medicine & Drugs,unisex,adult,VeloPouches11mgOrangeSpark,new,FALSE,,,,,,,,,,,,,,,,,,,,,,,"velo, 11mg, 11 mg, nicotine pouches, nic pouches, tobacco free",https://cdn.shopify.com/s/files/1/0901/3696/9543/files/267289598.webp?v=1763954578,lb,,2.8,active
11mg-velo-mild-strength-nicotine-pouches-20-pouches,,,,,,,,,Freezing peppermint,,,,,,,,VeloPouches11mgFreeze,31.7514659,shopify,0,deny,manual,3.76,4.7,TRUE,TRUE,,,,,,https://cdn.shopify.com/s/files/1/0901/3696/9543/files/267289598.webp?v=1763954578,2,267289598.webp,,,,,,,,,,,,,,,,,,,,,,,,,,,,,,,,,https://cdn.shopify.com/s/files/1/0901/3696/9543/files/267289603.webp?v=1763954581,lb,,2.35,
11mg-velo-mild-strength-nicotine-pouches-20-pouches,,,,,,,,,Peppermint Storm,,,,,,,,VeloPouches11mgPeppermintStorm,31.7514659,shopify,128,deny,manual,4.48,5.6,TRUE,TRUE,,,,,,https://cdn.shopify.com/s/files/1/0901/3696/9543/files/267289601.webp?v=1763954580,3,267289601.webp,,,,,,,,,,,,,,,,,,,,,,,,,,,,,,,,,https://cdn.shopify.com/s/files/1/0901/3696/9543/files/267289601.webp?v=1763954580,lb,,2.8,
11mg-velo-mild-strength-nicotine-pouches-20-pouches,,,,,,,,,,,,,,,,,,,,,,,,,,,,,,,,https://cdn.shopify.com/s/files/1/0901/3696/9543/files/267289603.webp?v=1763954581,4,267289603.webp,,,,,,,,,,,,,,,,,,,,,,,,,,,,,,,,,,,,,
25mg-camo-nicotine-pouches-20-pouches,25mg Camo Nicotine Pouches - 20 Pouches,"<p>Discover a bold and fulfilling hit of nicotine with Camo Nicotine Pouches, now in a robust 25mg potency. This pack includes 20 expertly crafted pouches, providing a discreet and convenient alternative to traditional tobacco products. Camo's tobacco-free, smoke-free, and vapor-free pouches offer a clean and effective nicotine delivery system that can be enjoyed anytime, anywhere. Place a pouch between your gum and lip to experience a long-lasting nicotine release without the need for smoking or vaping. These slender pouches fit comfortably and discreetly under your lip, making them ideal for use. Whether you're looking to decrease your tobacco intake or searching for a stronger nicotine option, Camo's 25mg Nicotine Pouches deliver a potent and satisfying experience. Embrace the freedom of nicotine enjoyment without the limitations of smoking and discover why Camo is a popular choice for nicotine enthusiasts seeking an intense nicotine experience. <strong><br><br>Specifications:</strong></p>
<ul>
<li>Strength: 25 mg/g<br>
</li>
<li>Strong Strength<br>
</li>
<li>Weight: 30g<br>
</li>
<li>Doses: 20 pouches</li>
<li>Slim Pouches </li>
</ul>
<p><strong>Direction of Use: </strong>Place one pouch under your top or bottom lip. Position the pouch to the side of your lip for comfort. Remove after 30 to 60 minutes.</p>
<p><strong>Flavours:</strong>  <br></p>
<ul>
<li>Orange Bubblegum <br>
</li>
<li>Green Apple <br>
</li>
<li>Ice Cold Mint <br>
</li>
<li>Peppermint <br>
</li>
<li>Spice Citrus <br>
</li>
<li>Wild Mint <br><br>
</li>
</ul>
<!----><!---->",Camo,Health & Beauty > Health Care > Medicine & Drugs > Smoking Cessation Aids,Smoking Products,"0mg, candy/sweets, fruity, ice, nic_strength=25, nicotine_pouches, parse_attributes_0, pouch, spices_&_herbs, traditional_nicotine",TRUE,Flavour,Green Apple,,,,,,,,EG0238Z0145,31.7514659,shopify,0,deny,manual,2.4,3,TRUE,TRUE,,,,,4779056490566,https://cdn.shopify.com/s/files/1/0901/3696/9543/files/267289722.webp?v=1763954470,1,267289722.webp,FALSE,25mg Camo Nicotine Pouches - 20 Pouches,"Buy Camo Camo 25mg nicotine pouches. Tobacco-free, discreet pouches. Fast UK delivery, 18+ age verified.",Health & Beauty > Health Care > Medicine & Drugs,unisex,adult,EG0238Z0145,new,FALSE,,,,,,25mg,,,,,,,,,,,,,,,,,"camo, 25mg, 25 mg, nicotine pouches, nic pouches, tobacco free",https://cdn.shopify.com/s/files/1/0901/3696/9543/files/267289724.webp?v=1763954478,lb,,1.5,active
25mg-camo-nicotine-pouches-20-pouches,,,,,,,,,Peppermint,,,,,,,,EG0240Z0145,31.7514659,shopify,0,deny,manual,2.4,3,TRUE,TRUE,,,,,4779056490467,https://cdn.shopify.com/s/files/1/0901/3696/9543/files/267289723.webp?v=1763954482,2,267289723.webp,,,,,,,,,,,,,,,,,,,,,,,,,,,,,,,,,https://cdn.shopify.com/s/files/1/0901/3696/9543/files/267289726.webp?v=1763954479,lb,,1.5,
25mg-camo-nicotine-pouches-20-pouches,,,,,,,,,Orange Bubblegum,,,,,,,,EG0237Z0145,31.7514659,shopify,0,deny,manual,2.4,3,TRUE,TRUE,,,,,4779056490559,https://cdn.shopify.com/s/files/1/0901/3696/9543/files/267289724.webp?v=1763954478,3,267289724.webp,,,,,,,,,,,,,,,,,,,,,,,,,,,,,,,,,https://cdn.shopify.com/s/files/1/0901/3696/9543/files/267289723.webp?v=1763954482,lb,,1.5,
25mg-camo-nicotine-pouches-20-pouches,,,,,,,,,Ice Cold Mint,,,,,,,,EG0239Z0145,31.7514659,shopify,0,deny,manual,2.4,3,TRUE,TRUE,,,,,4779056490573,https://cdn.shopify.com/s/files/1/0901/3696/9543/files/267289725.webp?v=1763954475,4,267289725.webp,,,,,,,,,,,,,,,,,,,,,,,,,,,,,,,,,https://cdn.shopify.com/s/files/1/0901/3696/9543/files/267289725.webp?v=1763954475,lb,,1.5,
25mg-camo-nicotine-pouches-20-pouches,,,,,,,,,Spice Citrus,,,,,,,,EG0241Z0145,31.7514659,shopify,0,deny,manual,2.4,3,TRUE,TRUE,,,,,4779056490474,https://cdn.shopify.com/s/files/1/0901/3696/9543/files/267289726.webp?v=1763954479,5,267289726.webp,,,,,,,,,,,,,,,,,,,,,,,,,,,,,,,,,https://cdn.shopify.com/s/files/1/0901/3696/9543/files/267289727.webp?v=1763954481,lb,,1.5,
25mg-camo-nicotine-pouches-20-pouches,,,,,,,,,WIld Mint,,,,,,,,EG0242Z0145,31.7514659,shopify,0,deny,manual,2.4,3,TRUE,TRUE,,,,,4779056490481,https://cdn.shopify.com/s/files/1/0901/3696/9543/files/267289727.webp?v=1763954481,6,267289727.webp,,,,,,,,,,,,,,,,,,,,,,,,,,,,,,,,,https://cdn.shopify.com/s/files/1/0901/3696/9543/files/267289728.webp?v=1763954480,lb,,1.5,
25mg-camo-nicotine-pouches-20-pouches,,,,,,,,,,,,,,,,,,,,,,,,,,,,,,,,https://cdn.shopify.com/s/files/1/0901/3696/9543/files/267289728.webp?v=1763954480,7,267289728.webp,,,,,,,,,,,,,,,,,,,,,,,,,,,,,,,,,,,,,
12mg-poke-freeze-mint-nicotine-pouches-20-pouches,12mg Poke Freeze Mint Nicotine Pouches - 20 Pouches,"Enhance your nicotine experience with our 12mg Poke Freeze Mint Nicotine Pouches. Made with a refreshing mint flavour, these pouches provide a satisfying and unique way to consume nicotine without the hassle of smoke or vapour. Each pack contains 20 convenient pouches, making it easy to enjoy a quick nicotine solution on-the-go.  Experience the icy-cool sensation of Poke Freeze Mint and savour a refreshing moment throughout your day.<br data-mce-fragment=""1""><br data-mce-fragment=""1""><strong data-mce-fragment=""1"">Specifications:</strong><br data-mce-fragment=""1"">
<ul data-mce-fragment=""1"">
<li data-mce-fragment=""1"">Strength: 12mg Per Pouch</li>
<li data-mce-fragment=""1"">Doses: 20 pouches</li>
<li data-mce-fragment=""1"">Tobacco-free, smoke-free and vapour-free</li>
<li data-mce-fragment=""1"">Freeze Mint Flavouring</li>
</ul>
<br data-mce-fragment=""1""><strong data-mce-fragment=""1"">Direction of Use:</strong> Place one pouch under your top or bottom lip. Position the pouch to the side of your lip for comfort. Remove after 30 to 60 minutes.",Poke,Health & Beauty > Health Care > Medicine & Drugs > Smoking Cessation Aids,Smoking Products,"12mg, ice, nic_strength=12, nicotine_pouches, parse_attributes_0, pouch, tobacco",TRUE,Title,Default Title,,,,,,,,EE0034X0496,31.7514659,shopify,0,deny,manual,3.2,4,TRUE,TRUE,,,,,5744000041568,https://cdn.shopify.com/s/files/1/0901/3696/9543/files/267289018.webp?v=1763954191,1,267289018.webp,FALSE,12mg Poke Freeze Mint Nicotine Pouches - 20 Pouches,"Buy Poke Poke Freeze Mint 12mg nicotine pouches. Tobacco-free, discreet pouches. Fast UK delivery, 18+ age verified.",Health & Beauty > Health Care > Medicine & Drugs,unisex,adult,EE0034X0496,new,FALSE,,,,,,,,,,,,,,,,,,,,,,,"poke, 12mg, 12 mg, mint, freeze, nicotine pouches, nic pouches, tobacco free",https://cdn.shopify.com/s/files/1/0901/3696/9543/files/267289018.webp?v=1763954191,lb,,2,active
16mg-kurwa-collection-nicotine-pouches-20-pouches,16mg Kurwa Collection Nicotine Pouches - 20 Pouches,"<p>Introducing the 16mg Kurwa Collection Nicotine Pouches - a premium selection of 20 pouches, expertly crafted for those who crave a satisfying and smoke-free nicotine experience. Each pouch contains a moderate 16mg dose of nicotine, perfect for both beginners and seasoned users. Carefully made with high-quality ingredients, these pouches provide a smooth and consistent release of nicotine, delivering long-lasting satisfaction throughout the day. Discreet and convenient, they can be enjoyed in any setting without disturbing others. Simply place a pouch between your gum and lip to savour the curated flavours and feel the invigorating effects of nicotine. Whether you want to reduce smoking or prefer a healthier alternative, the 16mg Kurwa Collection Nicotine Pouches are the right choice for a fulfilling and enjoyable experience. Elevate your nicotine experience with this premium collection, designed to satisfy even the most discerning users who value quality and satisfaction above all. <strong data-mce-fragment=""1""><br><br><br>Specifications:</strong></p>
<ul data-mce-fragment=""1"">
<li data-mce-fragment=""1"">Strength: 16mg Per Gram </li>
<li data-mce-fragment=""1"">Moderate Strength<br>
</li>
<li data-mce-fragment=""1"">No Tobacco </li>
<li data-mce-fragment=""1"">Slim Pouch </li>
<li data-mce-fragment=""1"">Weight: 30g</li>
<li data-mce-fragment=""1"">Doses: 20 pouches<br>
</li>
</ul>
<p><strong>Direction of Use:</strong> Place one pouch under your top or bottom lip. Position the pouch to the side of your lip for comfort. Remove after 30 to 60 minutes.<br data-mce-fragment=""1""><br data-mce-fragment=""1""><strong>Flavour: <br></strong></p>
<ul>
<li>Just Berries Forest Berries</li>
<li>⁠Purple Grape Blackcurrant</li>
<li>Pina Colada Mango</li>
<li>Kiwi Apple </li>
<li>Strawberry Gum <br>
</li>
<li>Frost Ice </li>
<li>Mango Raspberry </li>
<li>Cola Cherry Vanilla </li>
<li>Raspberry Strawberry <br><br>
</li>
</ul>
<p><br></p>
<p><!----><br></p>
<!----><!---->",Kurwa,Health & Beauty > Health Care > Medicine & Drugs > Smoking Cessation Aids,Smoking Products,"16mg, fruity, ice, nic_salt, nicotine_pouches, parse_attributes_0, pouch",TRUE,Flavour,Frost Ice,,,,,,,,EH0068X0510,31.7514659,shopify,0,deny,manual,3.04,3.8,TRUE,TRUE,,,,,,https://cdn.shopify.com/s/files/1/0901/3696/9543/files/267289766.webp?v=1763954101,1,267289766.webp,FALSE,16mg Kurwa Collection Nicotine Pouches - 20 Pouches,"Buy Kurwa Kurwa Collection 16mg nicotine pouches. Tobacco-free, discreet pouches. Fast UK delivery, 18+ age verified.",Health & Beauty > Health Care > Medicine & Drugs,unisex,adult,EH0068X0510,new,FALSE,,,,,,,,,,,,,,,,,,,,,,,"kurwa, 16mg, 16 mg, nicotine pouches, nic pouches, tobacco free",,lb,,1.9,active
16mg-kurwa-collection-nicotine-pouches-20-pouches,,,,,,,,,Mango Raspberry,,,,,,,,EH0069X0510,31.7514659,shopify,0,deny,manual,3.04,3.8,TRUE,TRUE,,,,,,https://cdn.shopify.com/s/files/1/0901/3696/9543/files/267289767.webp?v=1763954101,2,267289767.webp,,,,,,,,,,,,,,,,,,,,,,,,,,,,,,,,,,lb,,1.9,
16mg-kurwa-collection-nicotine-pouches-20-pouches,,,,,,,,,,,,,,,,,,,,,,,,,,,,,,,,https://cdn.shopify.com/s/files/1/0901/3696/9543/files/267289768.webp?v=1763954101,3,267289768.webp,,,,,,,,,,,,,,,,,,,,,,,,,,,,,,,,,,,,,
16mg-kurwa-collection-nicotine-pouches-20-pouches,,,,,,,,,,,,,,,,,,,,,,,,,,,,,,,,https://cdn.shopify.com/s/files/1/0901/3696/9543/files/267289769.webp?v=1763954102,4,267289769.webp,,,,,,,,,,,,,,,,,,,,,,,,,,,,,,,,,,,,,
16mg-kurwa-collection-nicotine-pouches-20-pouches,,,,,,,,,,,,,,,,,,,,,,,,,,,,,,,,https://cdn.shopify.com/s/files/1/0901/3696/9543/files/267289770.webp?v=1763954102,5,267289770.webp,,,,,,,,,,,,,,,,,,,,,,,,,,,,,,,,,,,,,
16mg-kurwa-collection-nicotine-pouches-20-pouches,,,,,,,,,,,,,,,,,,,,,,,,,,,,,,,,https://cdn.shopify.com/s/files/1/0901/3696/9543/files/267289771.webp?v=1763954102,6,267289771.webp,,,,,,,,,,,,,,,,,,,,,,,,,,,,,,,,,,,,,
16mg-kurwa-collection-nicotine-pouches-20-pouches,,,,,,,,,,,,,,,,,,,,,,,,,,,,,,,,https://cdn.shopify.com/s/files/1/0901/3696/9543/files/267289772.webp?v=1763954103,7,267289772.webp,,,,,,,,,,,,,,,,,,,,,,,,,,,,,,,,,,,,,
16mg-kurwa-collection-nicotine-pouches-20-pouches,,,,,,,,,,,,,,,,,,,,,,,,,,,,,,,,https://cdn.shopify.com/s/files/1/0901/3696/9543/files/267289773.webp?v=1763954104,8,267289773.webp,,,,,,,,,,,,,,,,,,,,,,,,,,,,,,,,,,,,,
16mg-kurwa-collection-nicotine-pouches-20-pouches,,,,,,,,,,,,,,,,,,,,,,,,,,,,,,,,https://cdn.shopify.com/s/files/1/0901/3696/9543/files/267289774.webp?v=1763954104,9,267289774.webp,,,,,,,,,,,,,,,,,,,,,,,,,,,,,,,,,,,,,
16mg-kurwa-collection-nicotine-pouches-20-pouches,,,,,,,,,,,,,,,,,,,,,,,,,,,,,,,,https://cdn.shopify.com/s/files/1/0901/3696/9543/files/267289775.webp?v=1763954104,10,267289775.webp,,,,,,,,,,,,,,,,,,,,,,,,,,,,,,,,,,,,,
24mg-muse-nicotine-pouches-uk-made-20-pouches-buy-2-get-1-free,24mg Muse Nicotine Pouches (UK Made) - 20 Pouches (Buy 2 Get 1 Free),"<h3>
<span><span style=""color: #20a933;""><strong>SALE OR RETURN GUARANTEE</strong></span> </span><span>available for this product!</span><br><strong>Return within 120 days if unsold (<span style=""color: #00aaff;""><a style=""color: #00aaff;"" href=""https://jm-wholesale.co.uk/pages/sale-or-return-guarantee"" target=""_blank"">see terms</a></span>)</strong><br>
</h3>
<h3><strong><b><i>Limited Time Offer: Buy 2 Get 1 Free</i></b></strong></h3>
<h3>First UK Made Nicotine Pouch Brand!  </h3>
<h4><strong>Tobacco Free &amp; Sugar Free!</strong></h4>
<p>Discover the ultimate in nicotine satisfaction with Muse Nicotine Pouches - now available in a powerful 24mg strength. Each tin contains 20 pouches, offering a convenient and discreet way to enjoy nicotine without the drawbacks of smoke, vapor, or tobacco. With two exciting ranges to choose from, Muse caters to diverse preferences. The Original range features classic and bold flavours, such as Cola Ice for a refreshing fizzy kick or Iron Brew for a unique and nostalgic taste. Looking for something more adventurous? The Mix range offers vibrant and fruity flavours like Kiwi Passion Guava or Blue Razz Lemonade. These tobacco-free and smoke-free pouches are perfect for on-the-go use, providing a satisfying nicotine experience with a variety of flavours to suit every palate. Simply place a pouch between your lip and gum for a discreet and effective nicotine delivery - making Muse the ideal modern alternative for traditional nicotine products.<br><br></p>
<p><strong>Specifications:</strong><br></p>
<ul>
<li>Strength: 24mg Per Gram</li>
<li>Doses: 20 pouches</li>
<li>Recyclable Packaging</li>
<li>Sugar-Free <br>
</li>
<li>Tobacco-free, smoke-free and vapour-free</li>
<li>Multiple Flavours to Choose From </li>
<li>First UK Made Nicotine Pouch Brand! </li>
<li>Free From Harsh Chemicals </li>
<li>Long Lasting Flavour</li>
<li>Slow-releasing Fast-acting nicotine<br><br>
</li>
</ul>
<p><strong>Flavour Ranges: </strong></p>
<p><strong><span class=""Polaris-Badge""><span class=""Polaris-Text--root Polaris-Text--bodySm"">Mix</span></span></strong></p>
<ul>
<li><span class=""Polaris-Badge""><span class=""Polaris-Text--root Polaris-Text--bodySm"">Kiwi Passion Guava </span></span></li>
<li><span class=""Polaris-Badge""><span class=""Polaris-Text--root Polaris-Text--bodySm"">Orange Mango </span></span></li>
<li><span class=""Polaris-Badge""><span class=""Polaris-Text--root Polaris-Text--bodySm"">Strawberry Raspberry Cherry </span></span></li>
<li><span class=""Polaris-Badge""><span class=""Polaris-Text--root Polaris-Text--bodySm"">Tropical</span></span></li>
<li>
<span class=""Polaris-Badge""><span class=""Polaris-Text--root Polaris-Text--bodySm"">Blue Razz Lemonade</span></span><br>
<div class=""_GridWrapper_1fghh_57"">
<div><br></div>
</div>
<span class=""Polaris-Badge""><span class=""Polaris-Text--root Polaris-Text--bodySm""></span></span>
</li>
</ul>
<p><span class=""Polaris-Badge""><span class=""Polaris-Text--root Polaris-Text--bodySm""><strong>Original </strong><br></span></span></p>
<ul>
<li>
<span class=""Polaris-Badge""><span class=""Polaris-Text--root Polaris-Text--bodySm"">Cola Ice</span></span><span class=""Polaris-Badge""></span>
</li>
<li><span class=""Polaris-Badge""><span class=""Polaris-Text--root Polaris-Text--bodySm"">Cool Mint</span></span></li>
<li><span class=""Polaris-Badge""><span class=""Polaris-Text--root Polaris-Text--bodySm"">Creamy Coffee</span></span></li>
<li><span class=""Polaris-Badge""><span class=""Polaris-Text--root Polaris-Text--bodySm"">Iron Brew</span></span></li>
<li><span class=""Polaris-Badge""><span class=""Polaris-Text--root Polaris-Text--bodySm"">Liquorice</span></span></li>
</ul>
<p><br><strong>Direction of Use:</strong> Place one pouch under your top or bottom lip. Position the pouch to the side of your lip for comfort. Remove after 30 to 60 minutes.<br><br></p>
<!---->",Muse,Health & Beauty > Health Care > Medicine & Drugs > Smoking Cessation Aids,Smoking Products,"0mg, beverages, candy/sweets, cereal, desserts/bakery, fruity, ice, nic_strength=24, nicotine_pouches, parse_attributes_0, pouch, tobacco, traditional_nicotine",TRUE,Flavour,Blue Razz Lemonade,,,,,,,,Z7987,31.7514659,shopify,4841,deny,manual,3.2,4,TRUE,TRUE,,,,,5056754203247,https://cdn.shopify.com/s/files/1/0901/3696/9543/files/267289689.webp?v=1763953488,1,267289689.webp,FALSE,24mg Muse Nicotine Pouches (UK Made) - 20 Pouches (Buy 2 ...,"Buy Muse Muse (UK Made) 24mg nicotine pouches. Tobacco-free, discreet pouches. Fast UK delivery, 18+ age verified.",Health & Beauty > Health Care > Medicine & Drugs,unisex,adult,Z7987,new,FALSE,,,,,,24mg,TRUE,,,,,,,,,,,,,,,,"muse, 24mg, 24 mg, nicotine pouches, nic pouches, tobacco free",,lb,,2,active
24mg-muse-nicotine-pouches-uk-made-20-pouches-buy-2-get-1-free,,,,,,,,,Kiwi Passion Guava,,,,,,,,Z7983,31.7514659,shopify,4814,deny,manual,3.2,4,TRUE,TRUE,,,,,5056754203223,https://cdn.shopify.com/s/files/1/0901/3696/9543/files/267289690.webp?v=1763953489,2,267289690.webp,,,,,,,,,,,,,,,,,,,,,,,,,,,,,,,,,,lb,,2,
24mg-muse-nicotine-pouches-uk-made-20-pouches-buy-2-get-1-free,,,,,,,,,Cola Ice,,,,,,,,Z7979,31.7514659,shopify,4910,deny,manual,3.2,4,TRUE,TRUE,,,,,5056754203193,https://cdn.shopify.com/s/files/1/0901/3696/9543/files/267289691.webp?v=1763953489,3,267289691.webp,,,,,,,,,,,,,,,,,,,,,,,,,,,,,,,,,,lb,,2,
24mg-muse-nicotine-pouches-uk-made-20-pouches-buy-2-get-1-free,,,,,,,,,Orange Mango,,,,,,,,Z7984,31.7514659,shopify,4826,deny,manual,3.2,4,TRUE,TRUE,,,,,5056754203254,https://cdn.shopify.com/s/files/1/0901/3696/9543/files/267289692.webp?v=1763953490,4,267289692.webp,,,,,,,,,,,,,,,,,,,,,,,,,,,,,,,,,,lb,,2,
24mg-muse-nicotine-pouches-uk-made-20-pouches-buy-2-get-1-free,,,,,,,,,Cool Mint,,,,,,,,Z7968,31.7514659,shopify,4739,deny,manual,3.2,4,TRUE,TRUE,,,,,5056754203162,https://cdn.shopify.com/s/files/1/0901/3696/9543/files/267289693.webp?v=1763953491,5,267289693.webp,,,,,,,,,,,,,,,,,,,,,,,,,,,,,,,,,,lb,,2,
24mg-muse-nicotine-pouches-uk-made-20-pouches-buy-2-get-1-free,,,,,,,,,Tropical,,,,,,,,Z7986,31.7514659,shopify,4838,deny,manual,3.2,4,TRUE,TRUE,,,,,5056754203216,https://cdn.shopify.com/s/files/1/0901/3696/9543/files/267289694.webp?v=1763953491,6,267289694.webp,,,,,,,,,,,,,,,,,,,,,,,,,,,,,,,,,,lb,,2,
24mg-muse-nicotine-pouches-uk-made-20-pouches-buy-2-get-1-free,,,,,,,,,Iron Brew,,,,,,,,Z7981,31.7514659,shopify,523,deny,manual,3.2,4,TRUE,TRUE,,,,,,https://cdn.shopify.com/s/files/1/0901/3696/9543/files/267289695.webp?v=1763953491,7,267289695.webp,,,,,,,,,,,,,,,,,,,,,,,,,,,,,,,,,https://cdn.shopify.com/s/files/1/0901/3696/9543/files/267289699.webp?v=1763953496,lb,,2,
24mg-muse-nicotine-pouches-uk-made-20-pouches-buy-2-get-1-free,,,,,,,,,Creamy Coffee,,,,,,,,Z7980,31.7514659,shopify,4888,deny,manual,3.2,4,TRUE,TRUE,,,,,5056754203186,https://cdn.shopify.com/s/files/1/0901/3696/9543/files/267289696.webp?v=1763953492,8,267289696.webp,,,,,,,,,,,,,,,,,,,,,,,,,,,,,,,,,,lb,,2,
24mg-muse-nicotine-pouches-uk-made-20-pouches-buy-2-get-1-free,,,,,,,,,Liquorice,,,,,,,,Z7982,31.7514659,shopify,4891,deny,manual,3.2,4,TRUE,TRUE,,,,,5056754203179,https://cdn.shopify.com/s/files/1/0901/3696/9543/files/267289697.webp?v=1763953492,9,267289697.webp,,,,,,,,,,,,,,,,,,,,,,,,,,,,,,,,,,lb,,2,
24mg-muse-nicotine-pouches-uk-made-20-pouches-buy-2-get-1-free,,,,,,,,,Strawberry Rapsberry Cherry,,,,,,,,Z7985,31.7514659,shopify,4748,deny,manual,3.2,4,TRUE,TRUE,,,,,5056754203230,https://cdn.shopify.com/s/files/1/0901/3696/9543/files/267289698.webp?v=1763953492,10,267289698.webp,,,,,,,,,,,,,,,,,,,,,,,,,,,,,,,,,,lb,,2,
24mg-muse-nicotine-pouches-uk-made-20-pouches-buy-2-get-1-free,,,,,,,,,,,,,,,,,,,,,,,,,,,,,,,,https://cdn.shopify.com/s/files/1/0901/3696/9543/files/267289699.webp?v=1763953496,11,267289699.webp,,,,,,,,,,,,,,,,,,,,,,,,,,,,,,,,,,,,,
14mg-vito-nicotine-pouches-20-pouches,14mg VITO Nicotine Pouches - 20 Pouches,"<p><meta charset=""UTF-8""><span>VITO Nicotine Pouches 14mg provide a stronger nicotine hit for those who prefer a more intense experience. Each pouch contains 14mg of nicotine, offering a robust and smooth delivery in a slim, comfortable pouch that sits discreetly under the lip. Tobacco-free and odorless, these pouches enable users to enjoy nicotine satisfaction without smoke, ash, or lingering smells. Perfect for adult nicotine consumers looking for a potent yet convenient alternative, VITO 14mg pouches combine strength with discretion and ease of use.</span><br></p>
<p><strong>Specifications:</strong></p>
<ul>
<li><span>Nicotine Strength: 14mg</span></li>
<li><span>20 Pouches</span></li>
<li><span>Tobacco Free</span></li>
</ul>
<p><strong>Flavours:</strong></p>
<ul>
<li>Berry Frost</li>
<li>Classic Tobacco</li>
<li>Freeze Mint<br>
</li>
<li>Tropical Mango</li>
<li>Watermelon<span></span>
</li>
</ul>",VITO,Health & Beauty > Health Care > Medicine & Drugs > Smoking Cessation Aids,Smoking Products,"14mg, fruity, ice, nic_salt, nic_strength=14, nicotine_pouches, parse_attributes_0, pouch, tobacco",TRUE,Flavour,Watermelon,,,,,,,,AH0173X0529,31.7514659,shopify,158,deny,manual,2.56,3.2,TRUE,TRUE,,,,,,https://cdn.shopify.com/s/files/1/0901/3696/9543/files/267289986.webp?v=1763953453,1,267289986.webp,FALSE,14mg VITO Nicotine Pouches - 20 Pouches,"Buy VITO VITO 14mg nicotine pouches. Tobacco-free, discreet pouches. Fast UK delivery, 18+ age verified.",Health & Beauty > Health Care > Medicine & Drugs,unisex,adult,AH0173X0529,new,FALSE,,,,,,,,,,,,,,,,,,,,,,,"vito, 14mg, 14 mg, nicotine pouches, nic pouches, tobacco free",https://cdn.shopify.com/s/files/1/0901/3696/9543/files/267289990.webp?v=1763953463,lb,,1.6,active
14mg-vito-nicotine-pouches-20-pouches,,,,,,,,,Tropical Mango,,,,,,,,AH0176X0529,31.7514659,shopify,156,deny,manual,2.56,3.2,TRUE,TRUE,,,,,,https://cdn.shopify.com/s/files/1/0901/3696/9543/files/267289987.webp?v=1763953460,2,267289987.webp,,,,,,,,,,,,,,,,,,,,,,,,,,,,,,,,,https://cdn.shopify.com/s/files/1/0901/3696/9543/files/267289989.webp?v=1763953461,lb,,1.6,
14mg-vito-nicotine-pouches-20-pouches,,,,,,,,,Classic Tobacco,,,,,,,,AH0174X0529,31.7514659,shopify,75,deny,manual,2.56,3.2,TRUE,TRUE,,,,,,https://cdn.shopify.com/s/files/1/0901/3696/9543/files/267289988.webp?v=1763953462,3,267289988.webp,,,,,,,,,,,,,,,,,,,,,,,,,,,,,,,,,https://cdn.shopify.com/s/files/1/0901/3696/9543/files/267289988.webp?v=1763953462,lb,,1.6,
14mg-vito-nicotine-pouches-20-pouches,,,,,,,,,Freeze Mint,,,,,,,,AH0175X0529,31.7514659,shopify,139,deny,manual,2.56,3.2,TRUE,TRUE,,,,,,https://cdn.shopify.com/s/files/1/0901/3696/9543/files/267289989.webp?v=1763953461,4,267289989.webp,,,,,,,,,,,,,,,,,,,,,,,,,,,,,,,,,https://cdn.shopify.com/s/files/1/0901/3696/9543/files/267289991.webp?v=1763953458,lb,,1.6,
14mg-vito-nicotine-pouches-20-pouches,,,,,,,,,Berry Frost,,,,,,,,AH0172X0529,31.7514659,shopify,159,deny,manual,2.56,3.2,TRUE,TRUE,,,,,,https://cdn.shopify.com/s/files/1/0901/3696/9543/files/267289990.webp?v=1763953463,5,267289990.webp,,,,,,,,,,,,,,,,,,,,,,,,,,,,,,,,,https://cdn.shopify.com/s/files/1/0901/3696/9543/files/267289987.webp?v=1763953460,lb,,1.6,
14mg-vito-nicotine-pouches-20-pouches,,,,,,,,,,,,,,,,,,,,,,,,,,,,,,,,https://cdn.shopify.com/s/files/1/0901/3696/9543/files/267289991.webp?v=1763953458,6,267289991.webp,,,,,,,,,,,,,,,,,,,,,,,,,,,,,,,,,,,,,
eos-12mg-medium-nicotine-pouches-20-pouches,EOS 12mg Medium Nicotine pouches - 20 Pouches,"<p>Experience the perfect balance of flavour and nicotine satisfaction with EOS 12mg Medium Nicotine Pouches. This pack contains 20 slim pouches, each delivering a consistent 12mg nicotine hit, ideal for those seeking a moderate nicotine experience. Crafted by the renowned Swiss company Empire of Snus, EOS pouches are designed to provide a tobacco-free alternative that prioritizes both pleasure and health. Simply place a pouch between your gum and lip to enjoy a steady release of nicotine, with no smoke, vapour, or mess. Whether you're looking to reduce your tobacco intake or enjoy a discreet and convenient nicotine option, EOS 12mg Medium Nicotine Pouches offers a premium solution that fits seamlessly into your lifestyle. <strong><br><br><br>Specifications:</strong></p>
<ul>
<li>Strength: 12mg Per Gram <br>
</li>
<li>Medium Strength<br>
</li>
<li>No Tobacco <br>
</li>
<li>Slim Pouch <br>
</li>
<li>Weight: 30g</li>
<li>Doses: 20 pouches</li>
</ul>
<p><br><strong>Direction of Use: </strong>Place one pouch under your top or bottom lip. Position the pouch to the side of your lip for comfort. Remove after 30 to 60 minutes.</p>
<p><strong>Flavour: </strong></p>
<ul>
<li>Mint <br>
</li>
<li>Orange <br>
</li>
<li>Blueberry </li>
</ul>
<!----><!---->",EOS,Health & Beauty > Health Care > Medicine & Drugs > Smoking Cessation Aids,Smoking Products,"12mg, fruity, ice, nic_strength=12, nicotine_pouches, parse_attributes_0, pouch",TRUE,Flavour,Orange,,,,,,,,EH0159Z0146,31.7514659,shopify,164,deny,manual,5.6,7,TRUE,TRUE,,,,,,https://cdn.shopify.com/s/files/1/0901/3696/9543/files/267289496.webp?v=1763953417,1,267289496.webp,FALSE,EOS 12mg Medium Nicotine pouches - 20 Pouches | Nicotine ...,"Buy EOS EOS Medium 12mg nicotine pouches. Tobacco-free, discreet pouches. Fast UK delivery, 18+ age verified.",Health & Beauty > Health Care > Medicine & Drugs,unisex,adult,EH0159Z0146,new,FALSE,,,,,,,,,,,,,,,,,,,,,,,"eos, 12mg, 12 mg, nicotine pouches, nic pouches, tobacco free",https://cdn.shopify.com/s/files/1/0901/3696/9543/files/267289498.webp?v=1763953424,lb,,3.5,active
eos-12mg-medium-nicotine-pouches-20-pouches,,,,,,,,,Ice Mint,,,,,,,,EH0156Z0146,31.7514659,shopify,194,deny,manual,5.6,7,TRUE,TRUE,,,,,,https://cdn.shopify.com/s/files/1/0901/3696/9543/files/267289497.webp?v=1763953423,2,267289497.webp,,,,,,,,,,,,,,,,,,,,,,,,,,,,,,,,,https://cdn.shopify.com/s/files/1/0901/3696/9543/files/267289497.webp?v=1763953423,lb,,3.5,
eos-12mg-medium-nicotine-pouches-20-pouches,,,,,,,,,Ice Blueberry,,,,,,,,EH0162Z0146,31.7514659,shopify,191,deny,manual,5.6,7,TRUE,TRUE,,,,,,https://cdn.shopify.com/s/files/1/0901/3696/9543/files/267289498.webp?v=1763953424,3,267289498.webp,,,,,,,,,,,,,,,,,,,,,,,,,,,,,,,,,https://cdn.shopify.com/s/files/1/0901/3696/9543/files/267289499.webp?v=1763953421,lb,,3.5,
eos-12mg-medium-nicotine-pouches-20-pouches,,,,,,,,,,,,,,,,,,,,,,,,,,,,,,,,https://cdn.shopify.com/s/files/1/0901/3696/9543/files/267289499.webp?v=1763953421,4,267289499.webp,,,,,,,,,,,,,,,,,,,,,,,,,,,,,,,,,,,,,
6mg-on-plus-regular-nicotine-pouches-20-pouches,6mg On! Plus Regular Nicotine Pouches - 20 Pouches,"<p>Indulge in the effortless and discreet way to get your nicotine fix with On! Plus Regular Nicotine Pouches. Each sleek tin contains 20 flavorful pouches, infused with 6mg of premium nicotine for a consistently satisfying experience. Designed to be placed under your lip, these modern pouches offer a smoke-free and flavourful alternative to traditional smoking or vaping. Perfect for any occasion, On! Plus Regular Nicotine Pouches provide a clean and discreet nicotine delivery system. Crafted with top-quality ingredients and available in a variety of refreshing flavours, these pouches offer a reliable and enjoyable nicotine experience wherever you are. Whether at work, with friends, or on the go, On! Plus Regular Nicotine Pouches are the ideal choice for a convenient and satisfying nicotine experience. <br></p>
<p><strong>Specifications:</strong><br></p>
<ul>
<li>Strength: 6 mg Per Pouch <br>
</li>
<li>Strong Strength<br>
</li>
<li>Weight: 30g<br>
</li>
<li>Doses: 20 pouches</li>
</ul>
<p><strong>Direction of Use: </strong>Place one pouch under your top or bottom lip. Position the pouch to the side of your lip for comfort. Remove after 30 to 60 minutes.</p>
<p><strong>Flavour:</strong><br></p>
<ul>
<li>Smooth Mint <br>
</li>
<li>Berry <br>
</li>
<li>Citrus </li>
</ul>
<!----><!---->",On!,Health & Beauty > Health Care > Medicine & Drugs > Smoking Cessation Aids,Smoking Products,"6mg, fruity, ice, nic_salt, nic_strength=6, nicotine_pouches, parse_attributes_0, pouch, traditional_nicotine",TRUE,Flavour,Berry,,,,,,,,EF0338X0473,31.7514659,shopify,40,deny,manual,4.96,6.2,TRUE,TRUE,,,,,,https://cdn.shopify.com/s/files/1/0901/3696/9543/files/267289470.webp?v=1763953140,1,267289470.webp,FALSE,6mg On! Plus Regular Nicotine Pouches - 20 Pouches,"Buy On! On! Plus Regular 6mg nicotine pouches. Tobacco-free, discreet pouches. Fast UK delivery, 18+ age verified.",Health & Beauty > Health Care > Medicine & Drugs,unisex,adult,EF0338X0473,new,FALSE,,,,,,6mg,,,,,,,,,,,,,,,,,"on!, 6mg, 6 mg, nicotine pouches, nic pouches, tobacco free",https://cdn.shopify.com/s/files/1/0901/3696/9543/files/267289472.webp?v=1763953145,lb,,3.1,active
6mg-on-plus-regular-nicotine-pouches-20-pouches,,,,,,,,,Citrus,,,,,,,,EF0340X0473,31.7514659,shopify,23,deny,manual,4.96,6.2,TRUE,TRUE,,,,,,https://cdn.shopify.com/s/files/1/0901/3696/9543/files/267289471.webp?v=1763953147,2,267289471.webp,,,,,,,,,,,,,,,,,,,,,,,,,,,,,,,,,https://cdn.shopify.com/s/files/1/0901/3696/9543/files/267289473.webp?v=1763953148,lb,,3.1,
6mg-on-plus-regular-nicotine-pouches-20-pouches,,,,,,,,,Smooth Mint,,,,,,,,EF0336X0473,31.7514659,shopify,2,deny,manual,4.96,6.2,TRUE,TRUE,,,,,,https://cdn.shopify.com/s/files/1/0901/3696/9543/files/267289472.webp?v=1763953145,3,267289472.webp,,,,,,,,,,,,,,,,,,,,,,,,,,,,,,,,,https://cdn.shopify.com/s/files/1/0901/3696/9543/files/267289471.webp?v=1763953147,lb,,3.1,
6mg-on-plus-regular-nicotine-pouches-20-pouches,,,,,,,,,,,,,,,,,,,,,,,,,,,,,,,,https://cdn.shopify.com/s/files/1/0901/3696/9543/files/267289473.webp?v=1763953148,4,267289473.webp,,,,,,,,,,,,,,,,,,,,,,,,,,,,,,,,,,,,,
27mg-v-you-boost-nicotine-pouch-20-pouches-buy-1-get-1-free,27mg V&YOU Boost+ Nicotine Pouch - 20 Pouches (Buy 1 Get 1 Free),"<p>The 27mg V&amp;YOU Nicotine Pouch is perfect for experienced users looking for a potent and satisfying nicotine experience without the drawbacks of traditional tobacco products. With each pouch containing 27mg of nicotine, this product delivers a long-lasting high that you'll truly enjoy.<span></span></p>
<p><strong>Specifications:</strong></p>
<ul>
<li>Strength: 27mg Per Gram<br>
</li>
<li>Doses: 20 pouches<br>
</li>
<li>Multiple Flavours to Choose From<br>
</li>
<li>Smoke-free and Spit-free<br>
</li>
<li>Long Lasting Flavour</li>
</ul>
<p><strong>Flavours:</strong></p>
<ul>
<li>Cool Berry</li>
<li>Blueberry Ice</li>
<li>Mint Freeze</li>
<li>Intense Mint</li>
</ul>
<p><strong>Direction of Use: </strong>Place one pouch under your top or bottom lip. Position the pouch to the side of your lip for comfort. Remove after 30 to 60 minutes.</p>",V&YOU,Health & Beauty > Health Care > Medicine & Drugs > Smoking Cessation Aids,Smoking Products,"0mg, fruity, ice, nic_strength=27, nicotine_pouches, parse_attributes_0, pouch, traditional_nicotine",TRUE,Flavour,Blueberry Ice,,,,,,,,BA0469X0515,31.7514659,shopify,191,deny,manual,3.36,4.2,TRUE,TRUE,,,,,,https://cdn.shopify.com/s/files/1/0901/3696/9543/files/267290019.webp?v=1763953019,1,267290019.webp,FALSE,27mg V&YOU Boost+ Nicotine Pouch - 20 Pouches (Buy 1 Get ...,"Buy V&YOU V&YOU Boost+ (Buy 27mg nicotine pouches. Tobacco-free, discreet pouches. Fast UK delivery, 18+ age verified.",Health & Beauty > Health Care > Medicine & Drugs,unisex,adult,BA0469X0515,new,FALSE,,,,,,27mg,,,,,,,,,,,,,,,,,"v&you, 27mg, 27 mg, nicotine pouches, nic pouches, tobacco free",https://cdn.shopify.com/s/files/1/0901/3696/9543/files/267290021.webp?v=1763953027,lb,,2.1,active
27mg-v-you-boost-nicotine-pouch-20-pouches-buy-1-get-1-free,,,,,,,,,Intense Mint,,,,,,,,BA0471X0515,31.7514659,shopify,181,deny,manual,3.36,4.2,TRUE,TRUE,,,,,,https://cdn.shopify.com/s/files/1/0901/3696/9543/files/267290020.webp?v=1763953029,2,267290020.webp,,,,,,,,,,,,,,,,,,,,,,,,,,,,,,,,,https://cdn.shopify.com/s/files/1/0901/3696/9543/files/267290022.webp?v=1763953026,lb,,2.1,
27mg-v-you-boost-nicotine-pouch-20-pouches-buy-1-get-1-free,,,,,,,,,Cool Berry,,,,,,,,BA0468X0515,31.7514659,shopify,156,deny,manual,3.36,4.2,TRUE,TRUE,,,,,,https://cdn.shopify.com/s/files/1/0901/3696/9543/files/267290021.webp?v=1763953027,3,267290021.webp,,,,,,,,,,,,,,,,,,,,,,,,,,,,,,,,,https://cdn.shopify.com/s/files/1/0901/3696/9543/files/267290020.webp?v=1763953029,lb,,2.1,
27mg-v-you-boost-nicotine-pouch-20-pouches-buy-1-get-1-free,,,,,,,,,Mint Freeze,,,,,,,,BA0470X0515,31.7514659,shopify,188,deny,manual,3.36,4.2,TRUE,TRUE,,,,,,https://cdn.shopify.com/s/files/1/0901/3696/9543/files/267290022.webp?v=1763953026,4,267290022.webp,,,,,,,,,,,,,,,,,,,,,,,,,,,,,,,,,https://cdn.shopify.com/s/files/1/0901/3696/9543/files/267290023.webp?v=1763953024,lb,,2.1,
27mg-v-you-boost-nicotine-pouch-20-pouches-buy-1-get-1-free,,,,,,,,,,,,,,,,,,,,,,,,,,,,,,,,https://cdn.shopify.com/s/files/1/0901/3696/9543/files/267290023.webp?v=1763953024,5,267290023.webp,,,,,,,,,,,,,,,,,,,,,,,,,,,,,,,,,,,,,
free-muse-nic-pouches-promotional-a3-poster-for-your-business-2-per-customer,FREE Muse Nic Pouches Promotional A3 Poster - For Your Business! 2 Per Customer,,Muse,Health & Beauty > Health Care > Medicine & Drugs > Smoking Cessation Aids,,"0mg, nicotine_pouches, parse_attributes_0, pouch",TRUE,Title,Default Title,,,,,,,,NOSKU5,0,shopify,0,deny,manual,2,,TRUE,TRUE,,,,,,,,,FALSE,FREE Muse Nic Pouches Promotional A3 Poster - For Your Bu...,"Buy Muse nicotine pouches. Premium tobacco-free pouches. Fast UK delivery, 18+ age verified.",Health & Beauty > Health Care > Medicine & Drugs,unisex,adult,NOSKU5,new,FALSE,,,,,,,,,,,,,,,,,,,,,,,"muse, nicotine pouches, nic pouches, tobacco free",,lb,,0,unlisted
14mg-wham-regular-nicotine-pouch-20-pouches-buy-1-get-1-free,14mg Wham Regular Nicotine Pouch - 20 Pouches (Buy 1 Get 1 Free),"<p><b><i>Limited Time Offer: Buy 1 Get 1 Free</i></b></p>
<p>Discover the 14mg Wham Regular Nicotine Pouch, expertly designed to deliver a satisfying and seamless nicotine experience for adults seeking an alternative to smoking. Each 20-pouch can is filled with a perfectly balanced 14mg of nicotine per pouch, making it a convenient and efficient option for regular strength users. With its precisely crafted formula, the Wham Regular Nicotine Pouch ensures a consistent delivery of nicotine without the need for smoke or vapor, providing a modern and hygienic solution for those who prefer to enjoy nicotine on their own terms. Ideal for individuals in the UK seeking premium quality nicotine pouches, this product is highly portable, easy to use, and promotes a tobacco-free lifestyle.</p>
<p><strong>Specifications:</strong></p>
<ul>
<li>
<span>Pouch Size: Regular</span><br>
</li>
<li>Nicotine Per Pouch: 14mg</li>
<li>20 Pouches Per Can</li>
<li>Tobacco-free, smoke-free and vapour-free</li>
<li>Experience a rejuvenating, invigorating feeling with every pouch.</li>
</ul>
<p><strong>Flavour:</strong></p>
<ul>
<li>Berry Frost </li>
<li>Watermelon </li>
<li>Classic Tobacco </li>
<li>Cool Mint </li>
<li>Spearmint</li>
<li>Tropical Mango </li>
<li>Winter Green </li>
</ul>",Wham,Health & Beauty > Health Care > Medicine & Drugs > Smoking Cessation Aids,Smoking Products,"14mg, fruity, ice, nic_strength=14, nicotine_pouches, parse_attributes_0, pouch, tobacco",TRUE,Flavour,Watermelon,,,,,,,,AG0179X0529,31.7514659,shopify,219,deny,manual,2.86,3.58,TRUE,TRUE,,,,,,https://cdn.shopify.com/s/files/1/0901/3696/9543/files/267289831.webp?v=1763952864,1,267289831.webp,FALSE,14mg Wham Regular Nicotine Pouch - 20 Pouches (Buy 1 Get ...,"Buy Wham Wham Regular (Buy 14mg nicotine pouches. Tobacco-free, discreet pouches. Fast UK delivery, 18+ age verified.",Health & Beauty > Health Care > Medicine & Drugs,unisex,adult,AG0179X0529,new,FALSE,,,,,,,,,,,,,,,,,,,,,,,"wham, 14mg, 14 mg, nicotine pouches, nic pouches, tobacco free",https://cdn.shopify.com/s/files/1/0901/3696/9543/files/267289833.webp?v=1763952868,lb,,1.79,active
14mg-wham-regular-nicotine-pouch-20-pouches-buy-1-get-1-free,,,,,,,,,Spearmint,,,,,,,,AG0182X0529,31.7514659,shopify,215,deny,manual,2.86,3.58,TRUE,TRUE,,,,,,https://cdn.shopify.com/s/files/1/0901/3696/9543/files/267289832.webp?v=1763952869,2,267289832.webp,,,,,,,,,,,,,,,,,,,,,,,,,,,,,,,,,https://cdn.shopify.com/s/files/1/0901/3696/9543/files/267289836.webp?v=1763952875,lb,,1.79,
14mg-wham-regular-nicotine-pouch-20-pouches-buy-1-get-1-free,,,,,,,,,Cool Mint,,,,,,,,AG0181X0529,31.7514659,shopify,125,deny,manual,2.86,3.58,TRUE,TRUE,,,,,,https://cdn.shopify.com/s/files/1/0901/3696/9543/files/267289833.webp?v=1763952868,3,267289833.webp,,,,,,,,,,,,,,,,,,,,,,,,,,,,,,,,,https://cdn.shopify.com/s/files/1/0901/3696/9543/files/267289835.webp?v=1763952874,lb,,1.79,
14mg-wham-regular-nicotine-pouch-20-pouches-buy-1-get-1-free,,,,,,,,,Tropical Mango,,,,,,,,AG0183X0529,31.7514659,shopify,214,deny,manual,2.86,3.58,TRUE,TRUE,,,,,,https://cdn.shopify.com/s/files/1/0901/3696/9543/files/267289834.webp?v=1763952866,4,267289834.webp,,,,,,,,,,,,,,,,,,,,,,,,,,,,,,,,,https://cdn.shopify.com/s/files/1/0901/3696/9543/files/267289837.webp?v=1763952873,lb,,1.79,
14mg-wham-regular-nicotine-pouch-20-pouches-buy-1-get-1-free,,,,,,,,,Classic Tobacco,,,,,,,,AG0180X0529,31.7514659,shopify,100,deny,manual,2.86,3.58,TRUE,TRUE,,,,,,https://cdn.shopify.com/s/files/1/0901/3696/9543/files/267289835.webp?v=1763952874,5,267289835.webp,,,,,,,,,,,,,,,,,,,,,,,,,,,,,,,,,https://cdn.shopify.com/s/files/1/0901/3696/9543/files/267289834.webp?v=1763952866,lb,,1.79,
14mg-wham-regular-nicotine-pouch-20-pouches-buy-1-get-1-free,,,,,,,,,Berry Frost,,,,,,,,AG0178X0529,31.7514659,shopify,213,deny,manual,2.86,3.58,TRUE,TRUE,,,,,,https://cdn.shopify.com/s/files/1/0901/3696/9543/files/267289836.webp?v=1763952875,6,267289836.webp,,,,,,,,,,,,,,,,,,,,,,,,,,,,,,,,,https://cdn.shopify.com/s/files/1/0901/3696/9543/files/267289832.webp?v=1763952869,lb,,1.79,
14mg-wham-regular-nicotine-pouch-20-pouches-buy-1-get-1-free,,,,,,,,,Winter Green,,,,,,,,AG0184X0529,31.7514659,shopify,99,deny,manual,2.86,3.58,TRUE,TRUE,,,,,,https://cdn.shopify.com/s/files/1/0901/3696/9543/files/267289837.webp?v=1763952873,7,267289837.webp,,,,,,,,,,,,,,,,,,,,,,,,,,,,,,,,,https://cdn.shopify.com/s/files/1/0901/3696/9543/files/267289838.webp?v=1763952871,lb,,1.79,
14mg-wham-regular-nicotine-pouch-20-pouches-buy-1-get-1-free,,,,,,,,,,,,,,,,,,,,,,,,,,,,,,,,https://cdn.shopify.com/s/files/1/0901/3696/9543/files/267289838.webp?v=1763952871,8,267289838.webp,,,,,,,,,,,,,,,,,,,,,,,,,,,,,,,,,,,,,
9mg-helwit-pear-nicotine-pouches-20-pouches,9mg HELWIT Pear Nicotine Pouches  - 20 Pouches,"<p>Elevate your nicotine experience with HELWIT 9mg Pear Nicotine Pouches - 20 pouches per can. Experience a balanced and delightful release of nicotine with a unique Pear twist. Perfect for discreet and convenient use, these slim, tobacco-free pouches fit comfortably under the upper lip. Quench your cravings in smoke-free environments or simply choose a contemporary option with these pouches.</p>
<ul>
<li><span>Strength - 3/4</span></li>
<li><span>9mg Nicotine Salt</span></li>
<li><span>Slim Packaging</span></li>
<li><span>Shelf Life 365 days</span></li>
<li><span>Made In Sweden</span></li>
<li><span>Weight: 10g</span></li>
</ul>
<p><br><span><strong>Flavour:</strong> Pear </span><br><br><span><strong>Ingredients:</strong> Cellulose fiber (E460i), Humectant (E422), Water, Flavourings, Nicotine Polacrilex, Salt, Erythritol (E968), Acidity regulator (E500), Sweetener (E955)</span><br></p>",HELWIT,Health & Beauty > Health Care > Medicine & Drugs > Smoking Cessation Aids,Smoking Products,"9mg, nic_salt, nic_strength=9, nicotine_pouches, parse_attributes_0, pouch, tobacco",TRUE,Title,Default Title,,,,,,,,AB0285X0474,9.0718474,shopify,0,deny,manual,3.92,4.9,TRUE,TRUE,,,,,,https://cdn.shopify.com/s/files/1/0901/3696/9543/files/267289710.webp?v=1763952852,1,267289710.webp,FALSE,9mg HELWIT Pear Nicotine Pouches  - 20 Pouches,"Buy HELWIT HELWIT Pear 9mg nicotine pouches. Tobacco-free, discreet pouches. Fast UK delivery, 18+ age verified.",Health & Beauty > Health Care > Medicine & Drugs,unisex,adult,AB0285X0474,new,FALSE,,,,,,9mg,,,,,,,,,,,,,,,,,"helwit, 9mg, 9 mg, nicotine pouches, nic pouches, tobacco free",https://cdn.shopify.com/s/files/1/0901/3696/9543/files/267289710.webp?v=1763952852,lb,,2.45,active
4mg-fumi-regular-nicotine-pouch-20-pouches,4mg FUMI Regular Nicotine Pouch - 20 Pouches,"<p><meta charset=""UTF-8""><span>Experience a refreshing and discreet way to enjoy nicotine with the 4mg FUMI Regular Nicotine Pouch. Each can contains 20 slim, all-white pouches crafted for comfort and designed to deliver a smooth, tobacco-free nicotine experience. Manufactured by the renowned Snus Brothers in Sweden, these pouches are made using high-quality raw materials and innovative nonwoven fabric, ensuring optimal release of both flavour and nicotine for an extended duration. </span></p>
<p><strong>Specifications:</strong></p>
<ul>
<li>
<span>Strength: Regular</span><br>
</li>
<li>Nicotine Per Pouch: 4mg</li>
<li>20 Pouches Per Can</li>
<li>Tobacco-free, smoke-free and vapour-free</li>
<li>Experience a rejuvenating, invigorating feeling with every pouch.</li>
</ul>
<p><strong>Flavour:</strong></p>
<ul>
<li>Freezy Mint</li>
<li>Salty Raspberry</li>
</ul>",FUMI,Health & Beauty > Health Care > Medicine & Drugs > Smoking Cessation Aids,Smoking Products,"4mg, fruity, ice, nic_salt, nic_strength=4, nicotine_pouches, parse_attributes_0, pouch",TRUE,Flavour,Salty Raspberry,,,,,,,,EI0056X0473,31.7514659,shopify,213,deny,manual,2.7,3.38,TRUE,TRUE,,,,,,https://cdn.shopify.com/s/files/1/0901/3696/9543/files/267289858.webp?v=1763952521,1,267289858.webp,FALSE,4mg FUMI Regular Nicotine Pouch - 20 Pouches | Nicotine P...,"Buy FUMI FUMI Regular 4mg nicotine pouches. Tobacco-free, discreet pouches. Fast UK delivery, 18+ age verified.",Health & Beauty > Health Care > Medicine & Drugs,unisex,adult,EI0056X0473,new,FALSE,,,,,,4mg,TRUE,,,,,,,,,,,,,,,,"fumi, 4mg, 4 mg, nicotine pouches, nic pouches, tobacco free",https://cdn.shopify.com/s/files/1/0901/3696/9543/files/267289860.webp?v=1763952524,lb,,1.69,active
4mg-fumi-regular-nicotine-pouch-20-pouches,,,,,,,,,Freezy Mint,,,,,,,,EI0300X0473,31.7514659,shopify,213,deny,manual,2.7,3.38,TRUE,TRUE,,,,,,https://cdn.shopify.com/s/files/1/0901/3696/9543/files/267289859.webp?v=1763952526,2,267289859.webp,,,,,,,,,,,,,,,,,,,,,,,,,,,,,,,,,https://cdn.shopify.com/s/files/1/0901/3696/9543/files/267289859.webp?v=1763952526,lb,,1.69,
4mg-fumi-regular-nicotine-pouch-20-pouches,,,,,,,,,,,,,,,,,,,,,,,,,,,,,,,,https://cdn.shopify.com/s/files/1/0901/3696/9543/files/267289860.webp?v=1763952524,3,267289860.webp,,,,,,,,,,,,,,,,,,,,,,,,,,,,,,,,,,,,,
2mg-ghost-by-vapes-bars-medium-nicotine-lozenges-20-lozenges,2mg Ghost By Vapes Bars Medium Nicotine Lozenges - 20 Lozenges,"<p>The 2mg Ghost by Vapes Bars Medium Nicotine Lozenges are the perfect solution for those seeking a discreet, on-the-go nicotine alternative. Each pack contains 20 sugar-free and calorie-free lozenges, designed to provide a smooth and satisfying nicotine experience without tobacco. Ideal for adult users looking to manage cravings, these lozenges dissolve gradually in the mouth, releasing nicotine to help curb withdrawal symptoms. As the UK's premium choice for nicotine lozenges, Angel by Vapes Bars offers convenience and quality in every pack. Order today to enjoy a cleaner, more discreet nicotine solution!<br><br><strong>Specifications:</strong><br></p>
<ul>
<li>Strength: 2mg Per Lozenge</li>
<li>Weight: 30g</li>
<li>Doses: 20 Lozenges <br>
</li>
<li>Manufactured by Vapes Bars</li>
<li>Tobacco Free</li>
<li>Sugar Free</li>
</ul>
<p><br><strong>Direction of Use:</strong><span> Place the Lozenge Tablet anywhere in between your lips &amp; gums. Do not chew. Allow lozenge to dissolve in desired area. </span><br><br><strong>Flavour:</strong><br></p>
<ul>
<li>Mint</li>
<li>Lemon</li>
<li>Orange</li>
<li>Spearmint</li>
<li>Strawberry</li>
<li>Grape</li>
<li>Berries</li>
<li>Cherry</li>
<li>Watermelon</li>
<li>Tropical Fruit</li>
</ul>
<p><!----></p>",Vapes Bars,Health & Beauty > Health Care > Medicine & Drugs > Smoking Cessation Aids,Smoking Products,"2mg, fruity, ice, nic_salt, nicotine_pouches, parse_attributes_0, tobacco",TRUE,Flavour,Watermelon,,,,,,,,EI0037X0308,31.7514659,shopify,191,deny,manual,4,5,TRUE,TRUE,,,,,,https://cdn.shopify.com/s/files/1/0901/3696/9543/files/267289644.webp?v=1763952417,1,267289644.webp,FALSE,2mg Ghost By Vapes Bars Medium Nicotine Lozenges - 20 Loz...,"Buy Vapes Bars Ghost By Vapes 2mg nicotine pouches. Tobacco-free, discreet pouches. Fast UK delivery, 18+ age verified.",Health & Beauty > Health Care > Medicine & Drugs,unisex,adult,EI0037X0308,new,FALSE,,,,,,,,,,,,,,,,,,,,,,,"vapes bars, 2mg, 2 mg, nicotine pouches, nic pouches, tobacco free",https://cdn.shopify.com/s/files/1/0901/3696/9543/files/267289653.webp?v=1763952429,lb,,2.5,active
2mg-ghost-by-vapes-bars-medium-nicotine-lozenges-20-lozenges,,,,,,,,,Grape,,,,,,,,EI0030X0308,31.7514659,shopify,184,deny,manual,4,5,TRUE,TRUE,,,,,,https://cdn.shopify.com/s/files/1/0901/3696/9543/files/267289645.webp?v=1763952420,2,267289645.webp,,,,,,,,,,,,,,,,,,,,,,,,,,,,,,,,,https://cdn.shopify.com/s/files/1/0901/3696/9543/files/267289650.webp?v=1763952427,lb,,2.5,
2mg-ghost-by-vapes-bars-medium-nicotine-lozenges-20-lozenges,,,,,,,,,Spearmint,,,,,,,,EI0034X0308,31.7514659,shopify,193,deny,manual,4,5,TRUE,TRUE,,,,,,https://cdn.shopify.com/s/files/1/0901/3696/9543/files/267289646.webp?v=1763952425,3,267289646.webp,,,,,,,,,,,,,,,,,,,,,,,,,,,,,,,,,https://cdn.shopify.com/s/files/1/0901/3696/9543/files/267289648.webp?v=1763952433,lb,,2.5,
2mg-ghost-by-vapes-bars-medium-nicotine-lozenges-20-lozenges,,,,,,,,,Orange,,,,,,,,EI0033X0308,31.7514659,shopify,194,deny,manual,4,5,TRUE,TRUE,,,,,,https://cdn.shopify.com/s/files/1/0901/3696/9543/files/267289647.webp?v=1763952433,4,267289647.webp,,,,,,,,,,,,,,,,,,,,,,,,,,,,,,,,,https://cdn.shopify.com/s/files/1/0901/3696/9543/files/267289647.webp?v=1763952433,lb,,2.5,
2mg-ghost-by-vapes-bars-medium-nicotine-lozenges-20-lozenges,,,,,,,,,Cherry,,,,,,,,EI0005X0308,31.7514659,shopify,184,deny,manual,4,5,TRUE,TRUE,,,,,,https://cdn.shopify.com/s/files/1/0901/3696/9543/files/267289648.webp?v=1763952433,5,267289648.webp,,,,,,,,,,,,,,,,,,,,,,,,,,,,,,,,,https://cdn.shopify.com/s/files/1/0901/3696/9543/files/267289652.webp?v=1763952421,lb,,2.5,
2mg-ghost-by-vapes-bars-medium-nicotine-lozenges-20-lozenges,,,,,,,,,Strawberry,,,,,,,,EI0035X0308,31.7514659,shopify,187,deny,manual,4,5,TRUE,TRUE,,,,,,https://cdn.shopify.com/s/files/1/0901/3696/9543/files/267289649.webp?v=1763952426,6,267289649.webp,,,,,,,,,,,,,,,,,,,,,,,,,,,,,,,,,https://cdn.shopify.com/s/files/1/0901/3696/9543/files/267289649.webp?v=1763952426,lb,,2.5,
2mg-ghost-by-vapes-bars-medium-nicotine-lozenges-20-lozenges,,,,,,,,,Mint,,,,,,,,EI0032X0308,31.7514659,shopify,178,deny,manual,4,5,TRUE,TRUE,,,,,,https://cdn.shopify.com/s/files/1/0901/3696/9543/files/267289650.webp?v=1763952427,7,267289650.webp,,,,,,,,,,,,,,,,,,,,,,,,,,,,,,,,,https://cdn.shopify.com/s/files/1/0901/3696/9543/files/267289645.webp?v=1763952420,lb,,2.5,
2mg-ghost-by-vapes-bars-medium-nicotine-lozenges-20-lozenges,,,,,,,,,Lemon,,,,,,,,EI0031X0308,31.7514659,shopify,187,deny,manual,4,5,TRUE,TRUE,,,,,,https://cdn.shopify.com/s/files/1/0901/3696/9543/files/267289651.webp?v=1763952423,8,267289651.webp,,,,,,,,,,,,,,,,,,,,,,,,,,,,,,,,,https://cdn.shopify.com/s/files/1/0901/3696/9543/files/267289646.webp?v=1763952425,lb,,2.5,
2mg-ghost-by-vapes-bars-medium-nicotine-lozenges-20-lozenges,,,,,,,,,Tropical Fruit,,,,,,,,EI0036X0308,31.7514659,shopify,185,deny,manual,4,5,TRUE,TRUE,,,,,,https://cdn.shopify.com/s/files/1/0901/3696/9543/files/267289652.webp?v=1763952421,9,267289652.webp,,,,,,,,,,,,,,,,,,,,,,,,,,,,,,,,,https://cdn.shopify.com/s/files/1/0901/3696/9543/files/267289654.webp?v=1763952430,lb,,2.5,
2mg-ghost-by-vapes-bars-medium-nicotine-lozenges-20-lozenges,,,,,,,,,Berries,,,,,,,,EI0004X0308,31.7514659,shopify,167,deny,manual,4,5,TRUE,TRUE,,,,,,https://cdn.shopify.com/s/files/1/0901/3696/9543/files/267289653.webp?v=1763952429,10,267289653.webp,,,,,,,,,,,,,,,,,,,,,,,,,,,,,,,,,https://cdn.shopify.com/s/files/1/0901/3696/9543/files/267289651.webp?v=1763952423,lb,,2.5,
2mg-ghost-by-vapes-bars-medium-nicotine-lozenges-20-lozenges,,,,,,,,,,,,,,,,,,,,,,,,,,,,,,,,https://cdn.shopify.com/s/files/1/0901/3696/9543/files/267289654.webp?v=1763952430,11,267289654.webp,,,,,,,,,,,,,,,,,,,,,,,,,,,,,,,,,,,,,
16mg-cuba-white-nicotine-pouches-25-pouches,16mg CUBA White Nicotine Pouches - 25 Pouches,"<div>Discover the satisfying alternative to smoking while minimizing health risks with 16mg CUBA White Nicotine Pouches. These discreet pouches offer the perfect solution for reducing daily tobacco consumption, providing a balanced 16mg of nicotine for a smooth and enjoyable buzz. With a variety of tantalizing flavors to choose from, find your perfect pouch today! Each pack contains 25 pouches, ensuring a convenient and discreet smoke-free experience filled with nicotine.</div>
<div><strong><br>Specifications</strong></div>
<ul>
<li>25 portions per pouch </li>
<li>strength - 16mg  </li>
</ul>
<p><strong style=""font-size: 0.875rem;"">Flavours </strong><br></p>
<ul>
<li>Blueberry</li>
<li>Cherry</li>
<li>Cola</li>
<li>Double Fresh</li>
<li>Forest Berries</li>
<li>Ice Spearmint</li>
<li>Pineapple</li>
<li>Watermelon</li>
<li>
<span style=""font-size: 0.875rem;"">Blackcurrant </span><br>
</li>
<li>Banana Hit </li>
<li>Apple </li>
<li>Grape <br>
</li>
<li>Peach </li>
</ul>",CUBA,Health & Beauty > Health Care > Medicine & Drugs > Smoking Cessation Aids,Smoking Products,"16mg, beverages, fruity, ice, nic_salt, nicotine_pouches, parse_attributes_0, pouch, tobacco",TRUE,Flavour,Watermelon,,,,,,,,BU0172X0439,49.8951607,shopify,25,deny,manual,3.44,4.3,TRUE,TRUE,,,,,,https://cdn.shopify.com/s/files/1/0901/3696/9543/files/267289655.webp?v=1763952375,1,267289655.webp,FALSE,16mg CUBA White Nicotine Pouches - 25 Pouches,"Buy CUBA CUBA White 25 16mg nicotine pouches. Tobacco-free, discreet pouches. Fast UK delivery, 18+ age verified.",Health & Beauty > Health Care > Medicine & Drugs,unisex,adult,BU0172X0439,new,FALSE,,,,,,,TRUE,,,,,,,,,,,,,,,,"cuba, 16mg, 16 mg, nicotine pouches, nic pouches, tobacco free",,lb,,2.15,active
16mg-cuba-white-nicotine-pouches-25-pouches,,,,,,,,,Grape,,,,,,,,EF0385X0439,49.8951607,shopify,51,deny,manual,3.44,4.3,TRUE,TRUE,,,,,,https://cdn.shopify.com/s/files/1/0901/3696/9543/files/267289656.webp?v=1763952374,2,267289656.webp,,,,,,,,,,,,,,,,,,,,,,,,,,,,,,,,,,lb,,2.15,
16mg-cuba-white-nicotine-pouches-25-pouches,,,,,,,,,Cola,,,,,,,,BU0175X0439,49.8951607,shopify,0,deny,manual,3.44,4.3,TRUE,TRUE,,,,,,https://cdn.shopify.com/s/files/1/0901/3696/9543/files/267289657.webp?v=1763952375,3,267289657.webp,,,,,,,,,,,,,,,,,,,,,,,,,,,,,,,,,,lb,,2.15,
16mg-cuba-white-nicotine-pouches-25-pouches,,,,,,,,,Pineapple,,,,,,,,BU0174X0439,49.8951607,shopify,5,deny,manual,3.44,4.3,TRUE,TRUE,,,,,,https://cdn.shopify.com/s/files/1/0901/3696/9543/files/267289658.webp?v=1763952375,4,267289658.webp,,,,,,,,,,,,,,,,,,,,,,,,,,,,,,,,,,lb,,2.15,
16mg-cuba-white-nicotine-pouches-25-pouches,,,,,,,,,Peach,,,,,,,,EF0386X0439,49.8951607,shopify,17,deny,manual,3.44,4.3,TRUE,TRUE,,,,,,https://cdn.shopify.com/s/files/1/0901/3696/9543/files/267289659.webp?v=1763952376,5,267289659.webp,,,,,,,,,,,,,,,,,,,,,,,,,,,,,,,,,,lb,,2.15,
16mg-cuba-white-nicotine-pouches-25-pouches,,,,,,,,,Apple Juice,,,,,,,,EF0384X0439,49.8951607,shopify,21,deny,manual,3.44,4.3,TRUE,TRUE,,,,,,https://cdn.shopify.com/s/files/1/0901/3696/9543/files/267289660.webp?v=1763952376,6,267289660.webp,,,,,,,,,,,,,,,,,,,,,,,,,,,,,,,,,,lb,,2.15,
16mg-cuba-white-nicotine-pouches-25-pouches,,,,,,,,,Ice Spearmint,,,,,,,,BU0170X0439,49.8951607,shopify,0,deny,manual,3.44,4.3,TRUE,TRUE,,,,,,https://cdn.shopify.com/s/files/1/0901/3696/9543/files/267289661.webp?v=1763952377,7,267289661.webp,,,,,,,,,,,,,,,,,,,,,,,,,,,,,,,,,,lb,,2.15,
16mg-cuba-white-nicotine-pouches-25-pouches,,,,,,,,,Forest Berries,,,,,,,,BU0176X0439,49.8951607,shopify,0,deny,manual,3.44,4.3,TRUE,TRUE,,,,,,https://cdn.shopify.com/s/files/1/0901/3696/9543/files/267289662.webp?v=1763952377,8,267289662.webp,,,,,,,,,,,,,,,,,,,,,,,,,,,,,,,,,,lb,,2.15,
16mg-cuba-white-nicotine-pouches-25-pouches,,,,,,,,,Double Fresh,,,,,,,,BU0169X0439,49.8951607,shopify,3,deny,manual,3.44,4.3,TRUE,TRUE,,,,,,https://cdn.shopify.com/s/files/1/0901/3696/9543/files/267289663.webp?v=1763952377,9,267289663.webp,,,,,,,,,,,,,,,,,,,,,,,,,,,,,,,,,,lb,,2.15,
16mg-cuba-white-nicotine-pouches-25-pouches,,,,,,,,,,,,,,,,,,,,,,,,,,,,,,,,https://cdn.shopify.com/s/files/1/0901/3696/9543/files/267289664.webp?v=1763952378,10,267289664.webp,,,,,,,,,,,,,,,,,,,,,,,,,,,,,,,,,,,,,
16mg-cuba-white-nicotine-pouches-25-pouches,,,,,,,,,,,,,,,,,,,,,,,,,,,,,,,,https://cdn.shopify.com/s/files/1/0901/3696/9543/files/267289665.webp?v=1763952379,11,267289665.webp,,,,,,,,,,,,,,,,,,,,,,,,,,,,,,,,,,,,,
16mg-cuba-white-nicotine-pouches-25-pouches,,,,,,,,,,,,,,,,,,,,,,,,,,,,,,,,https://cdn.shopify.com/s/files/1/0901/3696/9543/files/267289666.webp?v=1763952379,12,267289666.webp,,,,,,,,,,,,,,,,,,,,,,,,,,,,,,,,,,,,,
16mg-cuba-white-nicotine-pouches-25-pouches,,,,,,,,,,,,,,,,,,,,,,,,,,,,,,,,https://cdn.shopify.com/s/files/1/0901/3696/9543/files/267289667.webp?v=1763952379,13,267289667.webp,,,,,,,,,,,,,,,,,,,,,,,,,,,,,,,,,,,,,
16mg-cuba-white-nicotine-pouches-25-pouches,,,,,,,,,,,,,,,,,,,,,,,,,,,,,,,,https://cdn.shopify.com/s/files/1/0901/3696/9543/files/267289668.webp?v=1763952379,14,267289668.webp,,,,,,,,,,,,,,,,,,,,,,,,,,,,,,,,,,,,,
28mg-kingston-nicotine-pouches-20-pouches,28mg Kingston Nicotine Pouches - 20 Pouches,"<p>The Kingston Nicotine Pouches provide a safe and hassle-free option for consuming nicotine without the use of cigarettes or vaping. Each case includes 20 pouches, delivering an enjoyable 28mg nicotine experience. These pouches are designed to be tucked between the lip and gum, gradually releasing nicotine over time. With a variety of flavours available, you can select the ideal one to suit your personal taste. Whether you're looking to cut back on smoking or are in a non-smoking location, the Kingston Nicotine Pouches offer a healthier nicotine alternative. <br> </p>
<p><strong data-mce-fragment=""1"">Specifications:</strong><br data-mce-fragment=""1""></p>
<ul>
<li data-mce-fragment=""1"">Strength: Strong 18mg Per Pouch </li>
<li data-mce-fragment=""1"">Weight: 30g</li>
<li data-mce-fragment=""1"">Doses: 20 pouches</li>
</ul>
<p><strong data-mce-fragment=""1"">Direction of Use:</strong><span data-mce-fragment=""1""> Place one pouch under your top or bottom lip. Position the pouch to the side of your lip for comfort. Remove after 30 to 60 minutes.</span><br data-mce-fragment=""1""><br data-mce-fragment=""1""><strong data-mce-fragment=""1"">Flavour:</strong></p>
<ul>
<li>Blackcurrant Ice</li>
<li>Blue Raspberry Ice<br>
</li>
<li>Bubblegum Ice<br>
</li>
<li>Fresh Mint<br>
</li>
<li>Mango Melon Berries Ice<br>
</li>
<li>Lemon Citrus Ice<br>
</li>
<li>Minty Menthol<br>
</li>
<li>Strawberry Ice<br>
</li>
<li>Watermelon Ice<br>
</li>
<li>Zingberry<br>
</li>
<li>Grape Ice</li>
<li>Cherry Cola</li>
</ul>
<p> </p>",Kingston,Health & Beauty > Health Care > Medicine & Drugs > Smoking Cessation Aids,Smoking Products,"0mg, beverages, candy/sweets, fruity, ice, nic_strength=28, nicotine_pouches, parse_attributes_0, pouch",TRUE,Flavour,Cherry Cola,,,,,,,,AB0064X0256,31.7514659,shopify,0,deny,manual,3.6,4.5,TRUE,TRUE,,,,,,https://cdn.shopify.com/s/files/1/0901/3696/9543/files/267289260.webp?v=1763952045,1,267289260.webp,FALSE,28mg Kingston Nicotine Pouches - 20 Pouches,"Buy Kingston Kingston 28mg nicotine pouches. Tobacco-free, discreet pouches. Fast UK delivery, 18+ age verified.",Health & Beauty > Health Care > Medicine & Drugs,unisex,adult,AB0064X0256,new,FALSE,,,,,,28mg,TRUE,,,,,,,,,,,,,,,,"kingston, 28mg, 28 mg, nicotine pouches, nic pouches, tobacco free",https://cdn.shopify.com/s/files/1/0901/3696/9543/files/267289271.webp?v=1763952052,lb,,2.25,active
28mg-kingston-nicotine-pouches-20-pouches,,,,,,,,,Strawberry Ice,,,,,,,,ED0255X0256,31.7514659,shopify,0,deny,manual,3.6,4.5,TRUE,TRUE,,,,,,https://cdn.shopify.com/s/files/1/0901/3696/9543/files/267289261.webp?v=1763952045,2,267289261.webp,,,,,,,,,,,,,,,,,,,,,,,,,,,,,,,,,,lb,,2.25,
28mg-kingston-nicotine-pouches-20-pouches,,,,,,,,,Fresh Mint,,,,,,,,ED0251X0256,31.7514659,shopify,0,deny,manual,3.6,4.5,TRUE,TRUE,,,,,,https://cdn.shopify.com/s/files/1/0901/3696/9543/files/267289262.webp?v=1763952046,3,267289262.webp,,,,,,,,,,,,,,,,,,,,,,,,,,,,,,,,,,lb,,2.25,
28mg-kingston-nicotine-pouches-20-pouches,,,,,,,,,Watermelon Ice,,,,,,,,ED0256X0256,31.7514659,shopify,0,deny,manual,3.6,4.5,TRUE,TRUE,,,,,,https://cdn.shopify.com/s/files/1/0901/3696/9543/files/267289263.webp?v=1763952045,4,267289263.webp,,,,,,,,,,,,,,,,,,,,,,,,,,,,,,,,,,lb,,2.25,
28mg-kingston-nicotine-pouches-20-pouches,,,,,,,,,Bubblegum Ice,,,,,,,,ED0250X0256,31.7514659,shopify,0,deny,manual,3.6,4.5,TRUE,TRUE,,,,,,https://cdn.shopify.com/s/files/1/0901/3696/9543/files/267289264.webp?v=1763952046,5,267289264.webp,,,,,,,,,,,,,,,,,,,,,,,,,,,,,,,,,,lb,,2.25,
28mg-kingston-nicotine-pouches-20-pouches,,,,,,,,,Blackcurrant Ice,,,,,,,,ED0248X0256,31.7514659,shopify,0,deny,manual,3.6,4.5,TRUE,TRUE,,,,,,https://cdn.shopify.com/s/files/1/0901/3696/9543/files/267289265.webp?v=1763952046,6,267289265.webp,,,,,,,,,,,,,,,,,,,,,,,,,,,,,,,,,,lb,,2.25,
28mg-kingston-nicotine-pouches-20-pouches,,,,,,,,,Grape Ice,,,,,,,,AB0065X0256,31.7514659,shopify,0,deny,manual,3.6,4.5,TRUE,TRUE,,,,,,https://cdn.shopify.com/s/files/1/0901/3696/9543/files/267289266.webp?v=1763952047,7,267289266.webp,,,,,,,,,,,,,,,,,,,,,,,,,,,,,,,,,https://cdn.shopify.com/s/files/1/0901/3696/9543/files/267289270.webp?v=1763952058,lb,,2.25,
28mg-kingston-nicotine-pouches-20-pouches,,,,,,,,,Blue Raspberry Ice,,,,,,,,ED0249X0256,31.7514659,shopify,0,deny,manual,3.6,4.5,TRUE,TRUE,,,,,,https://cdn.shopify.com/s/files/1/0901/3696/9543/files/267289267.webp?v=1763952047,8,267289267.webp,,,,,,,,,,,,,,,,,,,,,,,,,,,,,,,,,,lb,,2.25,
28mg-kingston-nicotine-pouches-20-pouches,,,,,,,,,Zingberry,,,,,,,,ED0257X0256,31.7514659,shopify,0,deny,manual,3.6,4.5,TRUE,TRUE,,,,,,https://cdn.shopify.com/s/files/1/0901/3696/9543/files/267289268.webp?v=1763952048,9,267289268.webp,,,,,,,,,,,,,,,,,,,,,,,,,,,,,,,,,,lb,,2.25,
28mg-kingston-nicotine-pouches-20-pouches,,,,,,,,,Minty Menthol,,,,,,,,ED0254X0256,31.7514659,shopify,0,deny,manual,3.6,4.5,TRUE,TRUE,,,,,,https://cdn.shopify.com/s/files/1/0901/3696/9543/files/267289269.webp?v=1763952048,10,267289269.webp,,,,,,,,,,,,,,,,,,,,,,,,,,,,,,,,,,lb,,2.25,
28mg-kingston-nicotine-pouches-20-pouches,,,,,,,,,Lemon Citrus Ice,,,,,,,,ED0253X0256,31.7514659,shopify,0,deny,manual,3.6,4.5,TRUE,TRUE,,,,,,https://cdn.shopify.com/s/files/1/0901/3696/9543/files/267289270.webp?v=1763952058,11,267289270.webp,,,,,,,,,,,,,,,,,,,,,,,,,,,,,,,,,,lb,,2.25,
28mg-kingston-nicotine-pouches-20-pouches,,,,,,,,,Mango Melon Berries Ice,,,,,,,,ED0252X0256,31.7514659,shopify,0,deny,manual,3.6,4.5,TRUE,TRUE,,,,,,https://cdn.shopify.com/s/files/1/0901/3696/9543/files/267289271.webp?v=1763952052,12,267289271.webp,,,,,,,,,,,,,,,,,,,,,,,,,,,,,,,,,,lb,,2.25,
12mg-muse-nicotine-pouches-uk-made-20-pouches-buy-2-get-1-free,12mg Muse Nicotine Pouches (UK Made) - 20 Pouches (Buy 2 Get 1 Free),"<h3><strong><b><i>Limited Time Offer: Buy 2 Get 1 Free</i></b></strong></h3>
<h3>First UK Made Nicotine Pouch Brand!  </h3>
<h4><strong>Tobacco Free &amp; Sugar Free!</strong></h4>
<p><br>Experience the full potential of Muse Mix Nicotine Pouches - the ultimate solution for satisfying your nicotine cravings. These pocket-sized yet powerful pouches offer a smooth and fulfilling experience, delivering a precise 12mg dose of nicotine every time. No more relying on traditional smoking methods or bulky vaping devices - simply place a pouch between your lip and gum for a hassle-free nicotine rush. With 20 sleek and convenient pouches in one tin, you'll never be without your nicotine fix. From everyday moments to special occasions, Muse Nicotine Pouches easily fit into your lifestyle, providing a clean and effective way to enjoy nicotine. Indulge in long-lasting flavor and consistent nicotine release with Muse Mix - the perfect choice for elevated satisfaction.<br><br><br><strong>Specifications:</strong><br></p>
<ul>
<li>Strength: 12mg Per Pouch</li>
<li>Doses: 20 pouches</li>
<li>Tobacco-free, smoke-free and vapour-free</li>
<li>Multiple Flavours to Choose From </li>
<li>First UK Made Nicotine Pouch Brand! </li>
<li>Free From Harsh Chemicals </li>
<li>Long Lasting Flavour</li>
<li>Slow-releasing Fast-acting nicotine </li>
</ul>
<p><strong>Flavours: </strong></p>
<ul>
<li><span class=""Polaris-Badge""><span class=""Polaris-Text--root Polaris-Text--bodySm"">Kiwi Passion Guava </span></span></li>
<li><span class=""Polaris-Badge""><span class=""Polaris-Text--root Polaris-Text--bodySm"">Orange Mango </span></span></li>
<li><span class=""Polaris-Badge""><span class=""Polaris-Text--root Polaris-Text--bodySm"">Strawberry Raspberry Cherry </span></span></li>
<li><span class=""Polaris-Badge""><span class=""Polaris-Text--root Polaris-Text--bodySm"">Tropical</span></span></li>
<li>
<span class=""Polaris-Badge""><span class=""Polaris-Text--root Polaris-Text--bodySm"">Blue Razz Lemonade</span></span><br>
<div class=""_GridWrapper_1fghh_57"">
<div>
<div class=""_CollapsedSectionGrid_1fghh_70""><br></div>
</div>
</div>
<span class=""Polaris-Badge""><span class=""Polaris-Text--root Polaris-Text--bodySm""></span></span>
</li>
</ul>
<p><strong>Direction of Use:</strong> Place one pouch under your top or bottom lip. Position the pouch to the side of your lip for comfort. Remove after 30 to 60 minutes.</p>
<!----><!----><!---->",Muse,Health & Beauty > Health Care > Medicine & Drugs > Smoking Cessation Aids,Smoking Products,"12mg, beverages, candy/sweets, cereal, desserts/bakery, fruity, ice, nic_salt, nic_strength=12, nicotine_pouches, parse_attributes_0, pouch, tobacco, traditional_nicotine",TRUE,Flavour,Blue Razz Lemonade,,,,,,,,Z7641,0,shopify,4246,deny,manual,3.2,4,TRUE,TRUE,,,,,5056754203049,https://cdn.shopify.com/s/files/1/0901/3696/9543/files/267289278.webp?v=1763951939,1,267289278.webp,FALSE,12mg Muse Nicotine Pouches (UK Made) - 20 Pouches (Buy 2 ...,"Buy Muse Muse (UK Made) 12mg nicotine pouches. Tobacco-free, discreet pouches. Fast UK delivery, 18+ age verified.",Health & Beauty > Health Care > Medicine & Drugs,unisex,adult,Z7641,new,FALSE,,,,,,,,,,,,,,,,,,,,,,,"muse, 12mg, 12 mg, nicotine pouches, nic pouches, tobacco free",,lb,,2,active
12mg-muse-nicotine-pouches-uk-made-20-pouches-buy-2-get-1-free,,,,,,,,,Strawberry Raspberry Cherry,,,,,,,,Z7649,0,shopify,3842,deny,manual,3.2,4,TRUE,TRUE,,,,,5056754203032,https://cdn.shopify.com/s/files/1/0901/3696/9543/files/267289279.webp?v=1763951940,2,267289279.webp,,,,,,,,,,,,,,,,,,,,,,,,,,,,,,,,,,lb,,2,
12mg-muse-nicotine-pouches-uk-made-20-pouches-buy-2-get-1-free,,,,,,,,,Kiwi Passion Guava,,,,,,,,Z7650,0,shopify,4450,deny,manual,3.2,4,TRUE,TRUE,,,,,5056754203025,https://cdn.shopify.com/s/files/1/0901/3696/9543/files/267289280.webp?v=1763951940,3,267289280.webp,,,,,,,,,,,,,,,,,,,,,,,,,,,,,,,,,,lb,,2,
12mg-muse-nicotine-pouches-uk-made-20-pouches-buy-2-get-1-free,,,,,,,,,Cola Ice,,,,,,,,Z7645,31.7514659,shopify,4689,deny,manual,3.2,4,TRUE,TRUE,,,,,5056754202998,https://cdn.shopify.com/s/files/1/0901/3696/9543/files/267289282.webp?v=1763951940,4,267289282.webp,,,,,,,,,,,,,,,,,,,,,,,,,,,,,,,,,,lb,,2,
12mg-muse-nicotine-pouches-uk-made-20-pouches-buy-2-get-1-free,,,,,,,,,Orange Mango,,,,,,,,Z7648,0,shopify,4464,deny,manual,3.2,4,TRUE,TRUE,,,,,5056754203056,https://cdn.shopify.com/s/files/1/0901/3696/9543/files/267289283.webp?v=1763951940,5,267289283.webp,,,,,,,,,,,,,,,,,,,,,,,,,,,,,,,,,,lb,,2,
12mg-muse-nicotine-pouches-uk-made-20-pouches-buy-2-get-1-free,,,,,,,,,Cool Mint,,,,,,,,Z7647,0,shopify,4738,deny,manual,3.2,4,TRUE,TRUE,,,,,5056754202967,https://cdn.shopify.com/s/files/1/0901/3696/9543/files/267289284.webp?v=1763951941,6,267289284.webp,,,,,,,,,,,,,,,,,,,,,,,,,,,,,,,,,,lb,,2,
12mg-muse-nicotine-pouches-uk-made-20-pouches-buy-2-get-1-free,,,,,,,,,Tropical,,,,,,,,Z7646,0,shopify,4381,deny,manual,3.2,4,TRUE,TRUE,,,,,5056754203018,https://cdn.shopify.com/s/files/1/0901/3696/9543/files/267289285.webp?v=1763951941,7,267289285.webp,,,,,,,,,,,,,,,,,,,,,,,,,,,,,,,,,,lb,,2,
12mg-muse-nicotine-pouches-uk-made-20-pouches-buy-2-get-1-free,,,,,,,,,Iron Brew,,,,,,,,Z7642,0,shopify,4902,deny,manual,3.2,4,TRUE,TRUE,,,,,,https://cdn.shopify.com/s/files/1/0901/3696/9543/files/267289286.webp?v=1763951941,8,267289286.webp,,,,,,,,,,,,,,,,,,,,,,,,,,,,,,,,,https://cdn.shopify.com/s/files/1/0901/3696/9543/files/267289289.webp?v=1763951944,lb,,2,
12mg-muse-nicotine-pouches-uk-made-20-pouches-buy-2-get-1-free,,,,,,,,,Creamy Coffee,,,,,,,,Z7643,0,shopify,4293,deny,manual,3.2,4,TRUE,TRUE,,,,,5056754202981,https://cdn.shopify.com/s/files/1/0901/3696/9543/files/267289287.webp?v=1763951942,9,267289287.webp,,,,,,,,,,,,,,,,,,,,,,,,,,,,,,,,,,lb,,2,
12mg-muse-nicotine-pouches-uk-made-20-pouches-buy-2-get-1-free,,,,,,,,,Liquorice,,,,,,,,Z7644,0,shopify,4619,deny,manual,3.2,4,TRUE,TRUE,,,,,5056754202974,https://cdn.shopify.com/s/files/1/0901/3696/9543/files/267289288.webp?v=1763951942,10,267289288.webp,,,,,,,,,,,,,,,,,,,,,,,,,,,,,,,,,,lb,,2,
12mg-muse-nicotine-pouches-uk-made-20-pouches-buy-2-get-1-free,,,,,,,,,,,,,,,,,,,,,,,,,,,,,,,,https://cdn.shopify.com/s/files/1/0901/3696/9543/files/267289289.webp?v=1763951944,11,267289289.webp,,,,,,,,,,,,,,,,,,,,,,,,,,,,,,,,,,,,,
4nx-10mg-tropical-ice-slim-nicotine-pouches-20-pouches,4NX 10mg Tropical Ice Slim Nicotine Pouches 20 Pouches,"<p data-mce-fragment=""1"">A refreshing fusion of Tropical Ice, you can experience 4NX’s breezy tropical taste where ever you want. The 4NX nicotine pouches are smoke free, odour free, spit free and can be used on the go at anytime. They make for a discreet and convenient method to help you overcome your nicotine cravings.</p>
<p data-mce-fragment=""1"">- 20<span data-mce-fragment=""1""> </span>Pouches</p>
<p data-mce-fragment=""1"">- 10mg Nicotine</p>
<p data-mce-fragment=""1"">- Tropical Ice Flavour</p>
<p data-mce-fragment=""1"">They're really easy to use; you start by placing a pouch inside your mouth in between your gum and lip for up to an hour. After that, you'll feel a tingling sensation for 5-10 minutes as the nicotine is absorbed.<br data-mce-fragment=""1""><br data-mce-fragment=""1"">Each of the 4NX Slim Nicotine Pouches comes in a very handy carry case. 4NX pouches are all-white and 100% Tobacco free.<br data-mce-fragment=""1""><br data-mce-fragment=""1""><strong data-mce-fragment=""1"">Specifications:</strong><br data-mce-fragment=""1"">Strength: 10 mg/g<br data-mce-fragment=""1"">Nicotine level: Strong<br data-mce-fragment=""1"">Doses: 20 pouches</p>",4NX,Health & Beauty > Health Care > Medicine & Drugs > Smoking Cessation Aids,Smoking Products,"0mg, ice, nic_strength=10, nicotine_pouches, parse_attributes_0, pouch, tobacco",TRUE,Title,Default Title,,,,,,,,BM0494X0475,49.8951607,shopify,0,deny,manual,3.52,4.4,TRUE,TRUE,,,,,,https://cdn.shopify.com/s/files/1/0901/3696/9543/files/267289193.webp?v=1763951932,1,267289193.webp,FALSE,4NX 10mg Tropical Ice Slim Nicotine Pouches 20 Pouches,"Buy 4NX 4NX Tropical Ice 10mg nicotine pouches. Tobacco-free, discreet pouches. Fast UK delivery, 18+ age verified.",Health & Beauty > Health Care > Medicine & Drugs,unisex,adult,BM0494X0475,new,FALSE,,,,,,,,,,,,,,,,,,,,,,,"4nx, 10mg, 10 mg, ice, nicotine pouches, nic pouches, tobacco free",https://cdn.shopify.com/s/files/1/0901/3696/9543/files/267289193.webp?v=1763951932,lb,,2.2,active
50mg-iceberg-ultra-nicotine-pouches-20-pouches,50mg  Iceberg Ultra Nicotine Pouches - 20 Pouches,"<p><meta charset=""UTF-8""><span>Iceberg Ultra 50mg Nicotine Pouches are designed for experienced users seeking an exceptionally strong and fast-acting nicotine experience. Each can contains 20 slim, all-white pouches, each delivering a potent 50mg/g nicotine strength, making them among the most powerful options available. These pouches are completely tobacco-free, ensuring a cleaner and discreet alternative that won’t stain your teeth. The slim format fits comfortably under your lip and provides a rapid, satisfying release, while a variety of bold flavours—such as Tutti Frutti, juicy strawberry pomegranate, and classic cola—enhance the overall experience.</span></p>
<p><b>Specifications:</b><b></b></p>
<ul>
<li>
<span></span>Nicotine Strength: 50mg</li>
<li>
<span></span>20 Pouches</li>
<li><span style=""font-size: 0.875rem;"">Tobacco Free</span></li>
</ul>
<p><strong><span style=""font-size: 0.875rem;"">Flavours:</span></strong></p>
<ul>
<li>Black</li>
<li>Crazy Mix</li>
<li>Double Mint</li>
<li>Sour Berries</li>
</ul>",Iceberg,Health & Beauty > Health Care > Medicine & Drugs > Smoking Cessation Aids,Smoking Products,"0mg, candy/sweets, ice, nic_strength=50, parse_attributes_0, pouch, tobacco",TRUE,Flavour,Black,,,,,,,,EJ0129X0536,0,shopify,195,deny,manual,3.52,4.4,TRUE,TRUE,,,,,,https://cdn.shopify.com/s/files/1/0901/3696/9543/files/267290052.webp?v=1763951632,1,267290052.webp,FALSE,50mg  Iceberg Ultra Nicotine Pouches - 20 Pouches,"Buy Iceberg Iceberg Ultra 50mg nicotine pouches. Tobacco-free, discreet pouches. Fast UK delivery, 18+ age verified.",Health & Beauty > Health Care > Medicine & Drugs,unisex,adult,EJ0129X0536,new,FALSE,,,,,,50mg,,,,,,,,,,,,,,,,,"iceberg, 50mg, 50 mg, ice, nicotine pouches, nic pouches, tobacco free",,lb,,2.2,active
50mg-iceberg-ultra-nicotine-pouches-20-pouches,,,,,,,,,Double Mint,,,,,,,,EJ0134X0536,0,shopify,177,deny,manual,3.52,4.4,TRUE,TRUE,,,,,,https://cdn.shopify.com/s/files/1/0901/3696/9543/files/267290053.webp?v=1763951632,2,267290053.webp,,,,,,,,,,,,,,,,,,,,,,,,,,,,,,,,,,lb,,2.2,
50mg-iceberg-ultra-nicotine-pouches-20-pouches,,,,,,,,,Sour Berries,,,,,,,,EJ0137X0536,0,shopify,177,deny,manual,3.52,4.4,TRUE,TRUE,,,,,,https://cdn.shopify.com/s/files/1/0901/3696/9543/files/267290054.webp?v=1763951632,3,267290054.webp,,,,,,,,,,,,,,,,,,,,,,,,,,,,,,,,,,lb,,2.2,
50mg-iceberg-ultra-nicotine-pouches-20-pouches,,,,,,,,,Crazy Mix,,,,,,,,EJ0133X0536,0,shopify,185,deny,manual,3.52,4.4,TRUE,TRUE,,,,,,https://cdn.shopify.com/s/files/1/0901/3696/9543/files/267290055.webp?v=1763951633,4,267290055.webp,,,,,,,,,,,,,,,,,,,,,,,,,,,,,,,,,,lb,,2.2,
50mg-iceberg-ultra-nicotine-pouches-20-pouches,,,,,,,,,,,,,,,,,,,,,,,,,,,,,,,,https://cdn.shopify.com/s/files/1/0901/3696/9543/files/267290056.webp?v=1763951633,5,267290056.webp,,,,,,,,,,,,,,,,,,,,,,,,,,,,,,,,,,,,,
20mg-iceberg-medium-nicotine-pouches-20-pouches,20mg Iceberg Medium Nicotine Pouches - 20 Pouches,"<p><meta charset=""UTF-8""><span>Iceberg Medium 20mg Nicotine Pouches offer a discreet and smoke-free way to enjoy nicotine, featuring a moderate strength that suits most users seeking a satisfying kick. Each can contains 20 slim, all-white pouches, each delivering 12mg of nicotine, crafted to fit comfortably under your lip for a seamless experience</span><a href=""https://whitepouch.co.uk/product/iceberg-black-medium-20mg-g/"" aria-label=""Iceberg Black Medium 20mg/g - White Pouch"" data-state=""closed"" class=""citation ml-xs inline"" rel=""nofollow noopener"" target=""_blank""></a><a href=""https://www.vapesuperstore.co.uk/products/energy-nicotine-pouches-by-iceberg"" aria-label=""Energy Nicotine Pouches by Iceberg"" data-state=""closed"" class=""citation ml-xs inline"" rel=""nofollow noopener"" target=""_blank""></a><span class=""whitespace-nowrap""><a href=""https://www.vapeclub.co.uk/nicotine-pouches/iceberg/cool-mint-iceberg-nic-pouch"" aria-label=""Iceberg Cool Mint Nicotine Pouches"" data-state=""open"" class=""mr-[2px] citation ml-xs inline"" rel=""nofollow noopener"" target=""_blank""></a>.</span><span> The pouches are completely tobacco-free and will not stain your teeth, making them ideal for those who want a cleaner alternative to traditional tobacco products</span><a href=""https://whitepouch.co.uk/product/iceberg-black-medium-20mg-g/"" aria-label=""Iceberg Black Medium 20mg/g - White Pouch"" data-state=""closed"" class=""citation ml-xs inline"" rel=""nofollow noopener"" target=""_blank""></a><a href=""https://whitepouch.co.uk/product/iceberg-energy-medium-20mg-g/"" aria-label=""Iceberg Energy Medium 20mg/g - White Pouch"" data-state=""closed"" class=""citation ml-xs inline"" rel=""nofollow noopener"" target=""_blank""></a><span class=""whitespace-nowrap""><a href=""https://www.vapeclub.co.uk/nicotine-pouches/iceberg/cool-mint-iceberg-nic-pouch"" aria-label=""Iceberg Cool Mint Nicotine Pouches"" data-state=""closed"" class=""mr-[2px] citation ml-xs inline"" rel=""nofollow noopener"" target=""_blank""></a>.</span><span> </span></p>
<p><strong>Specifications:</strong></p>
<ul>
<li><span>Nicotine Strength: 20mg</span></li>
<li><span>20 Pouches</span></li>
<li><span>Tobacco Free</span></li>
</ul>
<p><strong>Flavours:</strong></p>
<ul>
<li>Arasaka</li>
<li>Berries</li>
<li>Grape Gum</li>
<li>Mango Banana</li>
<li>Raspberry</li>
<li>Strawberry Banana Gum</li>
<li>Watermelon</li>
</ul>",Iceberg,Health & Beauty > Health Care > Medicine & Drugs > Smoking Cessation Aids,Smoking Products,"0mg, fruity, ice, nic_strength=12, nic_strength=20, nicotine_pouches, parse_attributes_0, pouch, tobacco, traditional_nicotine",TRUE,Flavour,Watermelon,,,,,,,,EJ0126X0536,0,shopify,210,deny,manual,3.52,4.4,TRUE,TRUE,,,,,,https://cdn.shopify.com/s/files/1/0901/3696/9543/files/267289677.webp?v=1763951381,1,267289677.webp,FALSE,20mg Iceberg Medium Nicotine Pouches - 20 Pouches,"Buy Iceberg Iceberg Medium 20mg nicotine pouches. Tobacco-free, discreet pouches. Fast UK delivery, 18+ age verified.",Health & Beauty > Health Care > Medicine & Drugs,unisex,adult,EJ0126X0536,new,FALSE,,,,,,,,,,,,,,,,,,,,,,,"iceberg, 20mg, 20 mg, ice, nicotine pouches, nic pouches, tobacco free",,lb,,2.2,active
20mg-iceberg-medium-nicotine-pouches-20-pouches,,,,,,,,,Raspberry,,,,,,,,EJ0127X0536,0,shopify,221,deny,manual,3.52,4.4,TRUE,TRUE,,,,,,https://cdn.shopify.com/s/files/1/0901/3696/9543/files/267289678.webp?v=1763951381,2,267289678.webp,,,,,,,,,,,,,,,,,,,,,,,,,,,,,,,,,,lb,,2.2,
20mg-iceberg-medium-nicotine-pouches-20-pouches,,,,,,,,,Berries,,,,,,,,EJ0124X0536,0,shopify,206,deny,manual,3.52,4.4,TRUE,TRUE,,,,,,https://cdn.shopify.com/s/files/1/0901/3696/9543/files/267289679.webp?v=1763951382,3,267289679.webp,,,,,,,,,,,,,,,,,,,,,,,,,,,,,,,,,,lb,,2.2,
20mg-iceberg-medium-nicotine-pouches-20-pouches,,,,,,,,,Arasaka,,,,,,,,EJ0122X0536,0,shopify,218,deny,manual,3.52,4.4,TRUE,TRUE,,,,,,https://cdn.shopify.com/s/files/1/0901/3696/9543/files/267289680.webp?v=1763951383,4,267289680.webp,,,,,,,,,,,,,,,,,,,,,,,,,,,,,,,,,,lb,,2.2,
20mg-iceberg-medium-nicotine-pouches-20-pouches,,,,,,,,,Strawberry Banana Gum,,,,,,,,EJ0125X0536,0,shopify,211,deny,manual,3.52,4.4,TRUE,TRUE,,,,,,https://cdn.shopify.com/s/files/1/0901/3696/9543/files/267289681.webp?v=1763951382,5,267289681.webp,,,,,,,,,,,,,,,,,,,,,,,,,,,,,,,,,,lb,,2.2,
20mg-iceberg-medium-nicotine-pouches-20-pouches,,,,,,,,,Mango Banana,,,,,,,,EJ0121X0536,0,shopify,219,deny,manual,3.52,4.4,TRUE,TRUE,,,,,,https://cdn.shopify.com/s/files/1/0901/3696/9543/files/267289682.webp?v=1763951383,6,267289682.webp,,,,,,,,,,,,,,,,,,,,,,,,,,,,,,,,,,lb,,2.2,
20mg-iceberg-medium-nicotine-pouches-20-pouches,,,,,,,,,Grape Gum,,,,,,,,EJ0123X0536,0,shopify,200,deny,manual,3.52,4.4,TRUE,TRUE,,,,,,https://cdn.shopify.com/s/files/1/0901/3696/9543/files/267289683.webp?v=1763951384,7,267289683.webp,,,,,,,,,,,,,,,,,,,,,,,,,,,,,,,,,,lb,,2.2,
20mg-iceberg-medium-nicotine-pouches-20-pouches,,,,,,,,,,,,,,,,,,,,,,,,,,,,,,,,https://cdn.shopify.com/s/files/1/0901/3696/9543/files/267289684.webp?v=1763951384,8,267289684.webp,,,,,,,,,,,,,,,,,,,,,,,,,,,,,,,,,,,,,
30mg-cuba-ninja-nicotine-pouches-25-pouches,30mg CUBA Ninja Nicotine Pouches - 25 Pouches,"<div>Indulge in the same enjoyment of smoking without the health risks with 30mg CUBA Ninja Edition Nicotine Pouches! These subtle pouches are an ideal pick for those wishing to reduce their daily tobacco consumption, providing a balanced 30mg of nicotine for a pleasing, silky buzz. Furthermore, with a delectable selection of flavours, you can find the appropriate pouch for you! Every box contains 25 pouches, allowing you to partake in your smoke-free and nicotine-filled adventure - discreetly and conveniently. </div>
<div><strong><br>Specifications</strong></div>
<ul>
<li>25 portions per pouch </li>
<li>strength - 30mg  </li>
</ul>
<p><strong>Flavours </strong><br></p>
<ul>
<li>Bubblegum</li>
<li>Coconut</li>
<li>Energy<br>
</li>
<li>Ice Cool</li>
<li>Mint Fresh<br>
</li>
<li>Orange</li>
<li>Pinacolada<br>
</li>
<li>Strawberry<br>
</li>
</ul>",CUBA,Health & Beauty > Health Care > Medicine & Drugs > Smoking Cessation Aids,Smoking Products,"0mg, beverages, candy/sweets, fruity, ice, nic_strength=30, nicotine_pouches, parse_attributes_0, pouch, tobacco",TRUE,Flavour,Orange,,,,,,,,BU0155X0439,49.8951607,shopify,12,deny,manual,4.08,5.1,TRUE,TRUE,,,,,,https://cdn.shopify.com/s/files/1/0901/3696/9543/files/267289887.webp?v=1763951333,1,267289887.webp,FALSE,30mg CUBA Ninja Nicotine Pouches - 25 Pouches,"Buy CUBA CUBA Ninja 25 30mg nicotine pouches. Tobacco-free, discreet pouches. Fast UK delivery, 18+ age verified.",Health & Beauty > Health Care > Medicine & Drugs,unisex,adult,BU0155X0439,new,FALSE,,,,,,30mg,TRUE,,,,,,,,,,,,,,,,"cuba, 30mg, 30 mg, nicotine pouches, nic pouches, tobacco free",,lb,,2.55,active
30mg-cuba-ninja-nicotine-pouches-25-pouches,,,,,,,,,Strawberry,,,,,,,,BU0153X0439,49.8951607,shopify,22,deny,manual,4.08,5.1,TRUE,TRUE,,,,,,https://cdn.shopify.com/s/files/1/0901/3696/9543/files/267289888.webp?v=1763951334,2,267289888.webp,,,,,,,,,,,,,,,,,,,,,,,,,,,,,,,,,,lb,,2.55,
30mg-cuba-ninja-nicotine-pouches-25-pouches,,,,,,,,,Energy,,,,,,,,BU0159X0439,49.8951607,shopify,0,deny,manual,4.08,5.1,TRUE,TRUE,,,,,,https://cdn.shopify.com/s/files/1/0901/3696/9543/files/267289889.webp?v=1763951334,3,267289889.webp,,,,,,,,,,,,,,,,,,,,,,,,,,,,,,,,,,lb,,2.55,
30mg-cuba-ninja-nicotine-pouches-25-pouches,,,,,,,,,Bubblegum,,,,,,,,BU0160X0439,49.8951607,shopify,0,deny,manual,4.08,5.1,TRUE,TRUE,,,,,,https://cdn.shopify.com/s/files/1/0901/3696/9543/files/267289890.webp?v=1763951334,4,267289890.webp,,,,,,,,,,,,,,,,,,,,,,,,,,,,,,,,,,lb,,2.55,
30mg-cuba-ninja-nicotine-pouches-25-pouches,,,,,,,,,Ice Cool,,,,,,,,BU0156X0439,49.8951607,shopify,24,deny,manual,4.08,5.1,TRUE,TRUE,,,,,,https://cdn.shopify.com/s/files/1/0901/3696/9543/files/267289891.webp?v=1763951334,5,267289891.webp,,,,,,,,,,,,,,,,,,,,,,,,,,,,,,,,,,lb,,2.55,
30mg-cuba-ninja-nicotine-pouches-25-pouches,,,,,,,,,Pinacolada,,,,,,,,BU0154X0439,49.8951607,shopify,26,deny,manual,4.08,5.1,TRUE,TRUE,,,,,,https://cdn.shopify.com/s/files/1/0901/3696/9543/files/267289892.webp?v=1763951335,6,267289892.webp,,,,,,,,,,,,,,,,,,,,,,,,,,,,,,,,,,lb,,2.55,
30mg-cuba-ninja-nicotine-pouches-25-pouches,,,,,,,,,Mint Fresh,,,,,,,,BU0157X0439,49.8951607,shopify,28,deny,manual,4.08,5.1,TRUE,TRUE,,,,,,https://cdn.shopify.com/s/files/1/0901/3696/9543/files/267289893.webp?v=1763951335,7,267289893.webp,,,,,,,,,,,,,,,,,,,,,,,,,,,,,,,,,,lb,,2.55,
30mg-cuba-ninja-nicotine-pouches-25-pouches,,,,,,,,,,,,,,,,,,,,,,,,,,,,,,,,https://cdn.shopify.com/s/files/1/0901/3696/9543/files/267289894.webp?v=1763951335,8,267289894.webp,,,,,,,,,,,,,,,,,,,,,,,,,,,,,,,,,,,,,
30mg-cuba-ninja-nicotine-pouches-25-pouches,,,,,,,,,,,,,,,,,,,,,,,,,,,,,,,,https://cdn.shopify.com/s/files/1/0901/3696/9543/files/267289895.webp?v=1763951336,9,267289895.webp,,,,,,,,,,,,,,,,,,,,,,,,,,,,,,,,,,,,,
20mg-mi3-boozt-nicotine-pouches-15-pouches,20mg MI3 Boozt Nicotine Pouches - 15 Pouches,"<p>Experience the intense satisfaction of the 20mg M13 Boozt Nicotine Pouches, available in a convenient pack of 15. These pouches are expertly crafted to deliver a powerful nicotine experience, perfect for users seeking a strong and effective alternative to traditional tobacco products. Each pouch features an innovative flavor-enhanced capsule designed to release an extra burst of flavor, elevating your enjoyment with every use. <br><br></p>
<p><strong>Specifications:</strong><br></p>
<ul>
<li>Strength: 20mg Per Gram<br>
</li>
<li>10mg Per Pouch </li>
<li>Flavour-Packed Capsules </li>
<li>Explosion of flavour </li>
<li>Weight: 30g<br>
</li>
<li>Doses: 15 pouches<br>
</li>
<li>Tobacco-free, smoke-free and vapour-free</li>
</ul>
<p><strong>Direction of Use: </strong>Place one pouch under your top or bottom lip. Position the pouch to the side of your lip for comfort. Remove after 30 to 60 minutes.</p>
<p><strong>Flavours:<br></strong></p>
<ul>
<li>Chocolate Coffee <br>
</li>
<li>Pineapple Mango <br>
</li>
<li>Red Fruits Apple <br>
</li>
<li>Watermelon Mint</li>
</ul>",MI3,Health & Beauty > Health Care > Medicine & Drugs > Smoking Cessation Aids,Smoking Products,"0mg, beverages, candy/sweets, fruity, ice, nic_strength=20, nicotine_pouches, parse_attributes_0, pouch, traditional_nicotine",TRUE,Flavour,Pineapple Mango,,,,,,,,AQ0296X0370,31.7514659,shopify,87,deny,manual,4.16,5.2,TRUE,TRUE,,,,,,https://cdn.shopify.com/s/files/1/0901/3696/9543/files/267289729.webp?v=1763950897,1,267289729.webp,FALSE,20mg MI3 Boozt Nicotine Pouches - 15 Pouches,"Buy MI3 MI3 Boozt 15 20mg nicotine pouches. Tobacco-free, discreet pouches. Fast UK delivery, 18+ age verified.",Health & Beauty > Health Care > Medicine & Drugs,unisex,adult,AQ0296X0370,new,FALSE,,,,,,20mg,,,,,,,,,,,,,,,,,"mi3, 20mg, 20 mg, nicotine pouches, nic pouches, tobacco free",https://cdn.shopify.com/s/files/1/0901/3696/9543/files/267289731.webp?v=1763950904,lb,,2.6,active
20mg-mi3-boozt-nicotine-pouches-15-pouches,,,,,,,,,Red Fruits Apple,,,,,,,,AQ0297X0370,31.7514659,shopify,79,deny,manual,4.16,5.2,TRUE,TRUE,,,,,,https://cdn.shopify.com/s/files/1/0901/3696/9543/files/267289730.webp?v=1763950901,2,267289730.webp,,,,,,,,,,,,,,,,,,,,,,,,,,,,,,,,,https://cdn.shopify.com/s/files/1/0901/3696/9543/files/267289732.webp?v=1763950905,lb,,2.6,
20mg-mi3-boozt-nicotine-pouches-15-pouches,,,,,,,,,Chocolate Coffee,,,,,,,,AQ0295X0370,31.7514659,shopify,86,deny,manual,4.16,5.2,TRUE,TRUE,,,,,,https://cdn.shopify.com/s/files/1/0901/3696/9543/files/267289731.webp?v=1763950904,3,267289731.webp,,,,,,,,,,,,,,,,,,,,,,,,,,,,,,,,,https://cdn.shopify.com/s/files/1/0901/3696/9543/files/267289730.webp?v=1763950901,lb,,2.6,
20mg-mi3-boozt-nicotine-pouches-15-pouches,,,,,,,,,Watermelon Mint,,,,,,,,AQ0298X0370,31.7514659,shopify,81,deny,manual,4.16,5.2,TRUE,TRUE,,,,,,https://cdn.shopify.com/s/files/1/0901/3696/9543/files/267289732.webp?v=1763950905,4,267289732.webp,,,,,,,,,,,,,,,,,,,,,,,,,,,,,,,,,https://cdn.shopify.com/s/files/1/0901/3696/9543/files/267289733.webp?v=1763950904,lb,,2.6,
20mg-mi3-boozt-nicotine-pouches-15-pouches,,,,,,,,,,,,,,,,,,,,,,,,,,,,,,,,https://cdn.shopify.com/s/files/1/0901/3696/9543/files/267289733.webp?v=1763950904,5,267289733.webp,,,,,,,,,,,,,,,,,,,,,,,,,,,,,,,,,,,,,
50mg-fedrs-ice-cool-x-strong-nicotine-pouch-20-pouches,50mg FEDRS Ice Cool X-Strong Nicotine Pouch - 20 Pouches,"<p><span>FEDRS Ice Cool X-Strong 50 mg nicotine pouches deliver an intense and invigorating mint experience, specifically crafted for those who seek maximum strength and a refreshing sensation. Each slim-format pouch contains 25 mg of nicotine, with a total nicotine content of 50 mg per gram, making it one of the strongest options available for experienced users. The can contains 20 pouches, totaling 10 grams, and is completely tobacco-free, relying on premium nicotine and high-quality cellulose for a clean, modern alternative to traditional products. The persistent aroma of fresh mint, combined with a powerful nicotine kick, ensures an energizing and satisfying experience with every use.</span></p>
<p><strong>Specifications:</strong></p>
<ul>
<li>
<span>Strength: Extra S</span>trong</li>
<li>Nicotine per Pouch: 50mg</li>
<li>20 Pouches Per Can</li>
<li>Tobacco-free, smoke-free and vapour-free</li>
<li>Refreshing tingling sensation with each pouch</li>
</ul>
<p><strong>Flavours:</strong></p>
<ul>
<li>Blueberry</li>
<li>Citrus</li>
<li>Cola</li>
<li>Freeze Mint</li>
<li>Frosty Grape<br>
</li>
<li>Mango</li>
<li>Mint</li>
<li>Ultra Mint</li>
</ul>",FEDRS,Health & Beauty > Health Care > Medicine & Drugs > Smoking Cessation Aids,Smoking Products,"0mg, beverages, fruity, ice, nic_strength=50, nicotine_pouches, parse_attributes_0, pouch, traditional_nicotine",TRUE,Flavour,Blueberry,,,,,,,,AH0109Z0134,0,shopify,235,deny,manual,4,5,TRUE,TRUE,,,,,,https://cdn.shopify.com/s/files/1/0901/3696/9543/files/267289821.webp?v=1763950689,1,267289821.webp,FALSE,50mg FEDRS Ice Cool X-Strong Nicotine Pouch - 20 Pouches ...,"Buy FEDRS FEDRS Ice Cool 50mg nicotine pouches. Tobacco-free, discreet pouches. Fast UK delivery, 18+ age verified.",Health & Beauty > Health Care > Medicine & Drugs,unisex,adult,AH0109Z0134,new,FALSE,,,,,,50mg,,,,,,,,,,,,,,,,,"fedrs, 50mg, 50 mg, ice, cool, nicotine pouches, nic pouches, tobacco free",https://cdn.shopify.com/s/files/1/0901/3696/9543/files/267289822.webp?v=1763950703,lb,,2.5,active
50mg-fedrs-ice-cool-x-strong-nicotine-pouch-20-pouches,,,,,,,,,Mango,,,,,,,,AH0114Z0134,0,shopify,228,deny,manual,4,5,TRUE,TRUE,,,,,,https://cdn.shopify.com/s/files/1/0901/3696/9543/files/267289822.webp?v=1763950703,2,267289822.webp,,,,,,,,,,,,,,,,,,,,,,,,,,,,,,,,,https://cdn.shopify.com/s/files/1/0901/3696/9543/files/267289829.webp?v=1763950703,lb,,2.5,
50mg-fedrs-ice-cool-x-strong-nicotine-pouch-20-pouches,,,,,,,,,Cola,,,,,,,,AH0113Z0134,0,shopify,235,deny,manual,4,5,TRUE,TRUE,,,,,,https://cdn.shopify.com/s/files/1/0901/3696/9543/files/267289823.webp?v=1763950697,3,267289823.webp,,,,,,,,,,,,,,,,,,,,,,,,,,,,,,,,,https://cdn.shopify.com/s/files/1/0901/3696/9543/files/267289824.webp?v=1763950700,lb,,2.5,
50mg-fedrs-ice-cool-x-strong-nicotine-pouch-20-pouches,,,,,,,,,Mint,,,,,,,,AH0115Z0134,0,shopify,218,deny,manual,4,5,TRUE,TRUE,,,,,,https://cdn.shopify.com/s/files/1/0901/3696/9543/files/267289824.webp?v=1763950700,4,267289824.webp,,,,,,,,,,,,,,,,,,,,,,,,,,,,,,,,,https://cdn.shopify.com/s/files/1/0901/3696/9543/files/267289827.webp?v=1763950698,lb,,2.5,
50mg-fedrs-ice-cool-x-strong-nicotine-pouch-20-pouches,,,,,,,,,Citrus,,,,,,,,AH0110Z0134,0,shopify,236,deny,manual,4,5,TRUE,TRUE,,,,,,https://cdn.shopify.com/s/files/1/0901/3696/9543/files/267289825.webp?v=1763950701,5,267289825.webp,,,,,,,,,,,,,,,,,,,,,,,,,,,,,,,,,https://cdn.shopify.com/s/files/1/0901/3696/9543/files/267289823.webp?v=1763950697,lb,,2.5,
50mg-fedrs-ice-cool-x-strong-nicotine-pouch-20-pouches,,,,,,,,,Ultra Mint,,,,,,,,AH0116Z0134,0,shopify,222,deny,manual,4,5,TRUE,TRUE,,,,,,https://cdn.shopify.com/s/files/1/0901/3696/9543/files/267289826.webp?v=1763950696,6,267289826.webp,,,,,,,,,,,,,,,,,,,,,,,,,,,,,,,,,https://cdn.shopify.com/s/files/1/0901/3696/9543/files/267289828.webp?v=1763950694,lb,,2.5,
50mg-fedrs-ice-cool-x-strong-nicotine-pouch-20-pouches,,,,,,,,,Frosty Grape,,,,,,,,AH0112Z0134,0,shopify,232,deny,manual,4,5,TRUE,TRUE,,,,,,https://cdn.shopify.com/s/files/1/0901/3696/9543/files/267289827.webp?v=1763950698,7,267289827.webp,,,,,,,,,,,,,,,,,,,,,,,,,,,,,,,,,https://cdn.shopify.com/s/files/1/0901/3696/9543/files/267289826.webp?v=1763950696,lb,,2.5,
50mg-fedrs-ice-cool-x-strong-nicotine-pouch-20-pouches,,,,,,,,,Freeze Mint,,,,,,,,AH0111Z0134,0,shopify,218,deny,manual,4,5,TRUE,TRUE,,,,,,https://cdn.shopify.com/s/files/1/0901/3696/9543/files/267289828.webp?v=1763950694,8,267289828.webp,,,,,,,,,,,,,,,,,,,,,,,,,,,,,,,,,https://cdn.shopify.com/s/files/1/0901/3696/9543/files/267289825.webp?v=1763950701,lb,,2.5,
50mg-fedrs-ice-cool-x-strong-nicotine-pouch-20-pouches,,,,,,,,,,,,,,,,,,,,,,,,,,,,,,,,https://cdn.shopify.com/s/files/1/0901/3696/9543/files/267289829.webp?v=1763950703,9,267289829.webp,,,,,,,,,,,,,,,,,,,,,,,,,,,,,,,,,,,,,
12mg-poke-watermelon-nicotine-pouches-20-pouches,12mg Poke Watermelon Nicotine Pouches - 20 Pouches,"Experience the delicious and succulent taste of Poke Watermelon Nicotine Pouches. Each package includes 20 pouches filled with the invigorating flavour of watermelon, making for an enjoyable addition to your nicotine routine. A perfect option for those seeking a fruity and fulfilling alternative to traditional nicotine products, these pouches offer a discreet and convenient way to consume nicotine without smoke or vapour. <br data-mce-fragment=""1""><br data-mce-fragment=""1""><strong data-mce-fragment=""1"">Specifications:</strong><br data-mce-fragment=""1"">
<ul data-mce-fragment=""1"">
<li data-mce-fragment=""1"">Strength: 12mg Per Pouch</li>
<li data-mce-fragment=""1"">Doses: 20 pouches</li>
<li data-mce-fragment=""1"">Tobacco-free, smoke-free and vapour-free</li>
<li data-mce-fragment=""1"">Watermelon Flavouring</li>
</ul>
<br data-mce-fragment=""1""><strong data-mce-fragment=""1"">Direction of Use:</strong> Place one pouch under your top or bottom lip. Position the pouch to the side of your lip for comfort. Remove after 30 to 60 minutes.",Poke,Health & Beauty > Health Care > Medicine & Drugs > Smoking Cessation Aids,Smoking Products,"12mg, fruity, nic_strength=12, nicotine_pouches, parse_attributes_0, pouch, tobacco, traditional_nicotine",TRUE,Title,Default Title,,,,,,,,EE0037X0496,31.7514659,shopify,0,deny,manual,3.2,4,TRUE,TRUE,,,,,5744000041391,https://cdn.shopify.com/s/files/1/0901/3696/9543/files/267289330.webp?v=1763950534,1,267289330.webp,FALSE,12mg Poke Watermelon Nicotine Pouches - 20 Pouches,"Buy Poke Poke Watermelon 12mg nicotine pouches. Tobacco-free, discreet pouches. Fast UK delivery, 18+ age verified.",Health & Beauty > Health Care > Medicine & Drugs,unisex,adult,EE0037X0496,new,FALSE,,,,,,,,,,,,,,,,,,,,,,,"poke, 12mg, 12 mg, melon, watermelon, nicotine pouches, nic pouches, tobacco free",https://cdn.shopify.com/s/files/1/0901/3696/9543/files/267289330.webp?v=1763950534,lb,,2,active
10mg-stripe-nicotine-pouches-20-pouches,10mg Stripe Nicotine Pouches - 20 Pouches,"<div data-mce-fragment=""1"">10mg Stripe Nicotine Pouches bring all the satisfaction of smoking with none of the health risks! These deliciously discreet pouches are a hit with people who want to reduce their daily tobacco use, as they contain a moderate 10mg of nicotine that provides a smooth, satisfying buzz. Plus, a tantalising variety of flavours make it easy to find your perfect pouch! Each pack contains 20 pouches, so you can enjoy your smoke-free, nicotine-filled experience - discreetly.</div>
<div data-mce-fragment=""1""><strong data-mce-fragment=""1""><br data-mce-fragment=""1"">Specifications</strong></div>
<ul data-mce-fragment=""1"">
<li data-mce-fragment=""1"">20 portions per pouch </li>
<li data-mce-fragment=""1"">strength - 10mg  </li>
<li data-mce-fragment=""1"">weight - 10g  </li>
</ul>
<p data-mce-fragment=""1""><strong data-mce-fragment=""1"">Flavours </strong><br data-mce-fragment=""1""></p>
<ul data-mce-fragment=""1"">
<li data-mce-fragment=""1"">Berry Madness - Sour Blueberry </li>
<li data-mce-fragment=""1"">Speed Up! - Energy Drink </li>
<li data-mce-fragment=""1"">Snowflake - Tender Mint </li>
<li data-mce-fragment=""1"">Honey Moon - Sweet Melon </li>
<li data-mce-fragment=""1"">Cherryfield - Cherry &amp; Menthol </li>
</ul>",Stripe,Health & Beauty > Health Care > Medicine & Drugs > Smoking Cessation Aids,Smoking Products,"0mg, beverages, candy/sweets, fruity, ice, nic_salt, nic_strength=10, nicotine_pouches, parse_attributes_0, pouch, tobacco",TRUE,Flavour,Honey Moon,,,,,,,,BF0600Z0134,9.0718474,shopify,0,deny,manual,3.98,4.98,TRUE,TRUE,,,,,5907761403499,https://cdn.shopify.com/s/files/1/0901/3696/9543/files/267289336.webp?v=1763950262,1,267289336.webp,FALSE,10mg Stripe Nicotine Pouches - 20 Pouches,"Buy Stripe Stripe 10mg nicotine pouches. Tobacco-free, discreet pouches. Fast UK delivery, 18+ age verified.",Health & Beauty > Health Care > Medicine & Drugs,unisex,adult,BF0600Z0134,new,FALSE,,,,,,,,,,,,,,,,,,,,,,,"stripe, 10mg, 10 mg, nicotine pouches, nic pouches, tobacco free",https://cdn.shopify.com/s/files/1/0901/3696/9543/files/267289340.webp?v=1763950272,lb,,2.49,active
10mg-stripe-nicotine-pouches-20-pouches,,,,,,,,,Cherryfield,,,,,,,,BF0601Z0134,9.0718474,shopify,0,deny,manual,3.98,4.98,TRUE,TRUE,,,,,5907761403505,https://cdn.shopify.com/s/files/1/0901/3696/9543/files/267289337.webp?v=1763950269,2,267289337.webp,,,,,,,,,,,,,,,,,,,,,,,,,,,,,,,,,https://cdn.shopify.com/s/files/1/0901/3696/9543/files/267289341.webp?v=1763950273,lb,,2.49,
10mg-stripe-nicotine-pouches-20-pouches,,,,,,,,,Speed Up!,,,,,,,,BF0598Z0134,9.0718474,shopify,0,deny,manual,3.98,4.98,TRUE,TRUE,,,,,5907761403529,https://cdn.shopify.com/s/files/1/0901/3696/9543/files/267289338.webp?v=1763950267,3,267289338.webp,,,,,,,,,,,,,,,,,,,,,,,,,,,,,,,,,https://cdn.shopify.com/s/files/1/0901/3696/9543/files/267289338.webp?v=1763950267,lb,,2.49,
10mg-stripe-nicotine-pouches-20-pouches,,,,,,,,,Berry Madness,,,,,,,,BF0597Z0134,9.0718474,shopify,0,deny,manual,3.98,4.98,TRUE,TRUE,,,,,5907761403512,https://cdn.shopify.com/s/files/1/0901/3696/9543/files/267289339.webp?v=1763950270,4,267289339.webp,,,,,,,,,,,,,,,,,,,,,,,,,,,,,,,,,https://cdn.shopify.com/s/files/1/0901/3696/9543/files/267289337.webp?v=1763950269,lb,,2.49,
10mg-stripe-nicotine-pouches-20-pouches,,,,,,,,,Snowflake,,,,,,,,BF0599Z0134,9.0718474,shopify,0,deny,manual,3.98,4.98,TRUE,TRUE,,,,,5907761403482,https://cdn.shopify.com/s/files/1/0901/3696/9543/files/267289340.webp?v=1763950272,5,267289340.webp,,,,,,,,,,,,,,,,,,,,,,,,,,,,,,,,,https://cdn.shopify.com/s/files/1/0901/3696/9543/files/267289339.webp?v=1763950270,lb,,2.49,
10mg-stripe-nicotine-pouches-20-pouches,,,,,,,,,,,,,,,,,,,,,,,,,,,,,,,,https://cdn.shopify.com/s/files/1/0901/3696/9543/files/267289341.webp?v=1763950273,6,267289341.webp,,,,,,,,,,,,,,,,,,,,,,,,,,,,,,,,,,,,,
20mg-garant-nicotine-pouch-20-pouches,20mg Garant Nicotine Pouch - 20 Pouches,"<p>Uncover the full strength of 20mg Garant Nicotine Pouches, now in a generous 20-pouch pack. These potent, tobacco-free nicotine pouches provide a refreshing burst of flavor and intense satisfaction for experienced users. Garant, the evolved version of Grant nicotine pouches, offers a clean, discreet, and smokeless way to consume nicotine for up to 45 minutes per pouch. Ideal for those seeking alternatives to traditional tobacco products or trying to quit smoking, these slim-format pouches fit comfortably and discreetly under your lip. Crafted with premium plant fibers and available in a variety of enticing flavors, Garant guarantees a top-notch nicotine experience without the harmful effects of smoking. Whether you're at work, socializing, or on the go, these pouches provide a convenient and gratifying nicotine fix. Ready to revolutionize your nicotine habit? Give Garant Nicotine Pouches a try now and discover the future of nicotine enjoyment.<br></p>
<p><strong>Specifications:</strong></p>
<ul>
<li><span>20mg per gram </span></li>
<li><span>20 Pouches</span></li>
<li>Tobacco Free </li>
<li>Long Lasting Flavour</li>
</ul>
<p><strong>Flavour:<br></strong></p>
<ul>
<li>Ice Blueberry </li>
<li>Eucalyptus </li>
<li>Ice Peach </li>
<li>Menthol </li>
<li>Fresh Mint </li>
<li>Lime Mango </li>
<li>Spearmint </li>
<li>Double Ice </li>
</ul>
<p><strong>Direction of Use:</strong> Place one pouch under your top or bottom lip. Position the pouch to the side of your lip for comfort. Remove after 30 to 60 minutes.</p>
<p><span><strong>Ingredients: </strong>Cellulose (E460), Salt, Acidtity Regulator (E500), Water, Humectant (E1520), Sucralose (E955), Flavouring, Nicotine. </span></p>",Garant,Health & Beauty > Health Care > Medicine & Drugs > Smoking Cessation Aids,Smoking Products,"0mg, fruity, ice, nic_strength=20, nicotine_pouches, parse_attributes_0, pouch, traditional_nicotine",TRUE,Flavour,Menthol,,,,,,,,AB0193X0525,13.6077711,shopify,0,deny,manual,3.2,4,TRUE,TRUE,,,,,VF10-90JP-T007-RAK5,https://cdn.shopify.com/s/files/1/0901/3696/9543/files/267289785.webp?v=1763950012,1,267289785.webp,FALSE,20mg Garant Nicotine Pouch - 20 Pouches | Nicotine Pouches,"Buy Garant Garant 20mg nicotine pouches. Tobacco-free, discreet pouches. Fast UK delivery, 18+ age verified.",Health & Beauty > Health Care > Medicine & Drugs,unisex,adult,AB0193X0525,new,FALSE,,,,,,20mg,,,,,,,,,,,,,,,,,"garant, 20mg, 20 mg, nicotine pouches, nic pouches, tobacco free",https://cdn.shopify.com/s/files/1/0901/3696/9543/files/267289789.webp?v=1763950021,lb,,2,active
20mg-garant-nicotine-pouch-20-pouches,,,,,,,,,Fresh Mint,,,,,,,,AB0194X0525,13.6077711,shopify,0,deny,manual,3.2,4,TRUE,TRUE,,,,,AW20-W09F-000N-Y4G8,https://cdn.shopify.com/s/files/1/0901/3696/9543/files/267289786.webp?v=1763950019,2,267289786.webp,,,,,,,,,,,,,,,,,,,,,,,,,,,,,,,,,https://cdn.shopify.com/s/files/1/0901/3696/9543/files/267289790.webp?v=1763950018,lb,,2,
20mg-garant-nicotine-pouch-20-pouches,,,,,,,,,Spearmint,,,,,,,,AB0198X0525,13.6077711,shopify,0,deny,manual,3.2,4,TRUE,TRUE,,,,,C410-80T3-K007-3Y7W,https://cdn.shopify.com/s/files/1/0901/3696/9543/files/267289787.webp?v=1763950023,3,267289787.webp,,,,,,,,,,,,,,,,,,,,,,,,,,,,,,,,,https://cdn.shopify.com/s/files/1/0901/3696/9543/files/267289792.webp?v=1763950027,lb,,2,
20mg-garant-nicotine-pouch-20-pouches,,,,,,,,,Double Ice,,,,,,,,AB0201X0525,13.6077711,shopify,0,deny,manual,3.2,4,TRUE,TRUE,,,,,9X00-80E9-Y008-S92S,https://cdn.shopify.com/s/files/1/0901/3696/9543/files/267289788.webp?v=1763950026,4,267289788.webp,,,,,,,,,,,,,,,,,,,,,,,,,,,,,,,,,https://cdn.shopify.com/s/files/1/0901/3696/9543/files/267289793.webp?v=1763950024,lb,,2,
20mg-garant-nicotine-pouch-20-pouches,,,,,,,,,Lime Mango,,,,,,,,AB0196X0525,13.6077711,shopify,0,deny,manual,3.2,4,TRUE,TRUE,,,,,E720-U0S8-J00P-P0TR,https://cdn.shopify.com/s/files/1/0901/3696/9543/files/267289789.webp?v=1763950021,5,267289789.webp,,,,,,,,,,,,,,,,,,,,,,,,,,,,,,,,,https://cdn.shopify.com/s/files/1/0901/3696/9543/files/267289791.webp?v=1763950028,lb,,2,
20mg-garant-nicotine-pouch-20-pouches,,,,,,,,,Ice Peach,,,,,,,,AB0191X0525,13.6077711,shopify,0,deny,manual,3.2,4,TRUE,TRUE,,,,,NN10-90XG-E007-20R9,https://cdn.shopify.com/s/files/1/0901/3696/9543/files/267289790.webp?v=1763950018,6,267289790.webp,,,,,,,,,,,,,,,,,,,,,,,,,,,,,,,,,https://cdn.shopify.com/s/files/1/0901/3696/9543/files/267289788.webp?v=1763950026,lb,,2,
20mg-garant-nicotine-pouch-20-pouches,,,,,,,,,Eucalyptus,,,,,,,,AB0190X0525,13.6077711,shopify,0,deny,manual,3.2,4,TRUE,TRUE,,,,,S910-905W-6007-ENE1,https://cdn.shopify.com/s/files/1/0901/3696/9543/files/267289791.webp?v=1763950028,7,267289791.webp,,,,,,,,,,,,,,,,,,,,,,,,,,,,,,,,,https://cdn.shopify.com/s/files/1/0901/3696/9543/files/267289787.webp?v=1763950023,lb,,2,
20mg-garant-nicotine-pouch-20-pouches,,,,,,,,,Ice Blueberry,,,,,,,,AB0188X0525,13.6077711,shopify,0,deny,manual,3.2,4,TRUE,TRUE,,,,,QT10-A0A9-1006-DPWE,https://cdn.shopify.com/s/files/1/0901/3696/9543/files/267289792.webp?v=1763950027,8,267289792.webp,,,,,,,,,,,,,,,,,,,,,,,,,,,,,,,,,https://cdn.shopify.com/s/files/1/0901/3696/9543/files/267289786.webp?v=1763950019,lb,,2,
20mg-garant-nicotine-pouch-20-pouches,,,,,,,,,,,,,,,,,,,,,,,,,,,,,,,,https://cdn.shopify.com/s/files/1/0901/3696/9543/files/267289793.webp?v=1763950024,9,267289793.webp,,,,,,,,,,,,,,,,,,,,,,,,,,,,,,,,,,,,,
8mg-fumi-strong-nicotine-pouch-20-pouches,8mg FUMI Strong Nicotine Pouch - 20 Pouches,"<p>FUMI Strong Nicotine Pouch offers a powerful nicotine experience with 8.4 mg of nicotine per slim pouch, designed for users seeking a robust yet discreet alternative to traditional tobacco products. Each can contains 20 all-white, stain-free pouches crafted from a revolutionary non-woven material that enhances comfort, aroma, and flavour release. The pouches are compact and slim, making them easy to use and carry, while delivering a satisfying nicotine kick without smoke or lingering odours. FUMI combines unique, appealing flavours with a high-quality nicotine effect, catering to those who want a strong, tobacco-free nicotine option in a convenient format. This product is ideal for adult users looking for an efficient, discreet nicotine pouch with a striking taste and aroma profile.<br><br></p>
<p><strong>Specifications:</strong></p>
<ul>
<li>
<span>Strength: S</span>trong<br>
</li>
<li>Nicotine Per Pouch: 8mg</li>
<li>20 Pouches Per Can</li>
<li>Tobacco-free, smoke-free and vapour-free</li>
<li>Experience a rejuvenating, invigorating feeling with every pouch.</li>
</ul>
<p><strong>Flavours:</strong></p>
<ul>
<li>Minty Blueberry</li>
<li>Prickly Pear </li>
<li>Salty Raspberry<br>
</li>
<li>Tangy Apple</li>
<li>Tangy Strawberry </li>
<li>Fiery Mango</li>
</ul>",FUMI,Health & Beauty > Health Care > Medicine & Drugs > Smoking Cessation Aids,Smoking Products,"8mg, candy/sweets, fruity, ice, nic_strength=8, nicotine_pouches, parse_attributes_0, pouch, traditional_nicotine",TRUE,Flavour,Salty Raspberry,,,,,,,,EI0057X0473,31.7514659,shopify,214,deny,manual,2.7,3.38,TRUE,TRUE,,,,,,https://cdn.shopify.com/s/files/1/0901/3696/9543/files/267289554.webp?v=1763949852,1,267289554.webp,FALSE,8mg FUMI Strong Nicotine Pouch - 20 Pouches | Nicotine Po...,"Buy FUMI FUMI Strong 8mg nicotine pouches. Tobacco-free, discreet pouches. Fast UK delivery, 18+ age verified.",Health & Beauty > Health Care > Medicine & Drugs,unisex,adult,EI0057X0473,new,FALSE,,,,,,8mg,,,,,,,,,,,,,,,,,"fumi, 8mg, 8 mg, nicotine pouches, nic pouches, tobacco free",,lb,,1.69,active
8mg-fumi-strong-nicotine-pouch-20-pouches,,,,,,,,,Tangy Apple,,,,,,,,EI0058X0473,31.7514659,shopify,217,deny,manual,2.7,3.38,TRUE,TRUE,,,,,,https://cdn.shopify.com/s/files/1/0901/3696/9543/files/267289555.webp?v=1763949852,2,267289555.webp,,,,,,,,,,,,,,,,,,,,,,,,,,,,,,,,,,lb,,1.69,
8mg-fumi-strong-nicotine-pouch-20-pouches,,,,,,,,,Minty Blueberry,,,,,,,,EI0054X0473,31.7514659,shopify,215,deny,manual,2.7,3.38,TRUE,TRUE,,,,,,https://cdn.shopify.com/s/files/1/0901/3696/9543/files/267289556.webp?v=1763949853,3,267289556.webp,,,,,,,,,,,,,,,,,,,,,,,,,,,,,,,,,,lb,,1.69,
8mg-fumi-strong-nicotine-pouch-20-pouches,,,,,,,,,Prickly Pear,,,,,,,,EI0055X0473,31.7514659,shopify,213,deny,manual,2.7,3.38,TRUE,TRUE,,,,,,https://cdn.shopify.com/s/files/1/0901/3696/9543/files/267289557.webp?v=1763949853,4,267289557.webp,,,,,,,,,,,,,,,,,,,,,,,,,,,,,,,,,,lb,,1.69,
8mg-fumi-strong-nicotine-pouch-20-pouches,,,,,,,,,Tangy Strawberry,,,,,,,,EI0059X0473,31.7514659,shopify,217,deny,manual,2.7,3.38,TRUE,TRUE,,,,,,https://cdn.shopify.com/s/files/1/0901/3696/9543/files/267289558.webp?v=1763949854,5,267289558.webp,,,,,,,,,,,,,,,,,,,,,,,,,,,,,,,,,,lb,,1.69,
8mg-fumi-strong-nicotine-pouch-20-pouches,,,,,,,,,Fiery Mango,,,,,,,,EI0299X0473,31.7514659,shopify,198,deny,manual,2.7,3.38,TRUE,TRUE,,,,,,https://cdn.shopify.com/s/files/1/0901/3696/9543/files/267289559.webp?v=1763949854,6,267289559.webp,,,,,,,,,,,,,,,,,,,,,,,,,,,,,,,,,https://cdn.shopify.com/s/files/1/0901/3696/9543/files/267289560.webp?v=1763949858,lb,,1.69,
8mg-fumi-strong-nicotine-pouch-20-pouches,,,,,,,,,,,,,,,,,,,,,,,,,,,,,,,,https://cdn.shopify.com/s/files/1/0901/3696/9543/files/267289560.webp?v=1763949858,7,267289560.webp,,,,,,,,,,,,,,,,,,,,,,,,,,,,,,,,,,,,,
16mg-ghost-medium-nicotine-pouches-20-pouches,16mg Ghost Medium Nicotine Pouches - 20 Pouches,"<p>Discover the 16mg Ghost Medium Nicotine Pouches - 20 Pouches, a top-tier, tobacco-free option that provides a discreet and fulfilling nicotine experience. Each pack contains 20 meticulously crafted pouches, delivering a consistent and enjoyable nicotine hit. With a mild strength of 6mg, these pouches are perfect for those in search of a lighter nicotine option or transitioning from traditional tobacco products. The premium ingredients, including 99% pure liquid nicotine, guarantee a clean and smooth sensation under the lip. Indulge in a variety of enticing flavours like zesty Citrus and tropical Mango, tailored to diverse taste preferences while maintaining a balanced nicotine delivery. The sleek, comfortable design of each pouch allows for effortless, discreet use in any setting, making them the ideal choice for nicotine enjoyment without the need for smoking or vaping. Try Ghost Nicotine Pouches and experience the convenience and satisfaction of a modern, versatile alternative for nicotine users.<br><br><br><strong data-mce-fragment=""1"">Specifications:</strong><br data-mce-fragment=""1""></p>
<ul data-mce-fragment=""1"">
<li data-mce-fragment=""1"">Strength: 16mg Per Pouch </li>
<li data-mce-fragment=""1"">Weight: 30g</li>
<li data-mce-fragment=""1"">Doses: 20 pouches</li>
<li data-mce-fragment=""1"">99% Pure Liquid Nicotine</li>
<li data-mce-fragment=""1"">Manufactured by Vapes Bars</li>
<li data-mce-fragment=""1"">Tobacco Free</li>
</ul>
<p><br data-mce-fragment=""1""><strong data-mce-fragment=""1"">Direction of Use:</strong><span data-mce-fragment=""1""> Place one pouch under your top or bottom lip. Position the pouch to the side of your lip for comfort. Remove after 30 to 60 minutes.</span><br data-mce-fragment=""1""><br data-mce-fragment=""1""><strong data-mce-fragment=""1"">Flavour:</strong><br data-mce-fragment=""1""></p>
<ul data-mce-fragment=""1"">
<li data-mce-fragment=""1"">Spearmint </li>
<li data-mce-fragment=""1"">Freeze </li>
<li data-mce-fragment=""1"">Mango </li>
<li data-mce-fragment=""1"">Blueberry Ice </li>
<li data-mce-fragment=""1"">Ice Spearmint </li>
<li data-mce-fragment=""1"">Citrus</li>
</ul>
<!----><!---->",Ghost,Health & Beauty > Health Care > Medicine & Drugs > Smoking Cessation Aids,Smoking Products,"16mg, fruity, ice, nic_salt, nicotine_pouches, parse_attributes_0, pouch, traditional_nicotine",TRUE,Flavour,Mango,,,,,,,,EH0035X0308,31.7514659,shopify,187,deny,manual,2.88,3.6,TRUE,TRUE,,,,,,https://cdn.shopify.com/s/files/1/0901/3696/9543/files/267290059.webp?v=1763949058,1,267290059.webp,FALSE,16mg Ghost Medium Nicotine Pouches - 20 Pouches,"Buy Ghost Ghost Medium 16mg nicotine pouches. Tobacco-free, discreet pouches. Fast UK delivery, 18+ age verified.",Health & Beauty > Health Care > Medicine & Drugs,unisex,adult,EH0035X0308,new,FALSE,,,,,,,,,,,,,,,,,,,,,,,"ghost, 16mg, 16 mg, nicotine pouches, nic pouches, tobacco free",https://cdn.shopify.com/s/files/1/0901/3696/9543/files/267290062.webp?v=1763949071,lb,,1.8,active
16mg-ghost-medium-nicotine-pouches-20-pouches,,,,,,,,,Spearmint,,,,,,,,EH0033X0308,31.7514659,shopify,161,deny,manual,2.88,3.6,TRUE,TRUE,,,,,,https://cdn.shopify.com/s/files/1/0901/3696/9543/files/267290060.webp?v=1763949069,2,267290060.webp,,,,,,,,,,,,,,,,,,,,,,,,,,,,,,,,,https://cdn.shopify.com/s/files/1/0901/3696/9543/files/267290060.webp?v=1763949069,lb,,1.8,
16mg-ghost-medium-nicotine-pouches-20-pouches,,,,,,,,,Blueberry Ice,,,,,,,,EH0036X0308,31.7514659,shopify,178,deny,manual,2.88,3.6,TRUE,TRUE,,,,,,https://cdn.shopify.com/s/files/1/0901/3696/9543/files/267290061.webp?v=1763949068,3,267290061.webp,,,,,,,,,,,,,,,,,,,,,,,,,,,,,,,,,https://cdn.shopify.com/s/files/1/0901/3696/9543/files/267290063.webp?v=1763949065,lb,,1.8,
16mg-ghost-medium-nicotine-pouches-20-pouches,,,,,,,,,Citrus,,,,,,,,EH0038X0308,31.7514659,shopify,206,deny,manual,2.88,3.6,TRUE,TRUE,,,,,,https://cdn.shopify.com/s/files/1/0901/3696/9543/files/267290062.webp?v=1763949071,4,267290062.webp,,,,,,,,,,,,,,,,,,,,,,,,,,,,,,,,,https://cdn.shopify.com/s/files/1/0901/3696/9543/files/267290065.webp?v=1763949063,lb,,1.8,
16mg-ghost-medium-nicotine-pouches-20-pouches,,,,,,,,,Ice Spearmint,,,,,,,,EH0037X0308,31.7514659,shopify,204,deny,manual,2.88,3.6,TRUE,TRUE,,,,,,https://cdn.shopify.com/s/files/1/0901/3696/9543/files/267290063.webp?v=1763949065,5,267290063.webp,,,,,,,,,,,,,,,,,,,,,,,,,,,,,,,,,https://cdn.shopify.com/s/files/1/0901/3696/9543/files/267290064.webp?v=1763949067,lb,,1.8,
16mg-ghost-medium-nicotine-pouches-20-pouches,,,,,,,,,Freeze,,,,,,,,EH0034X0308,31.7514659,shopify,181,deny,manual,2.88,3.6,TRUE,TRUE,,,,,,https://cdn.shopify.com/s/files/1/0901/3696/9543/files/267290064.webp?v=1763949067,6,267290064.webp,,,,,,,,,,,,,,,,,,,,,,,,,,,,,,,,,https://cdn.shopify.com/s/files/1/0901/3696/9543/files/267290061.webp?v=1763949068,lb,,1.8,
16mg-ghost-medium-nicotine-pouches-20-pouches,,,,,,,,,,,,,,,,,,,,,,,,,,,,,,,,https://cdn.shopify.com/s/files/1/0901/3696/9543/files/267290065.webp?v=1763949063,7,267290065.webp,,,,,,,,,,,,,,,,,,,,,,,,,,,,,,,,,,,,,
8mg-ignite-mint-slim-nicotine-pouch-20-pouches,8mg Ignite Mint Slim Nicotine Pouch - 20 Pouches,"Experience the refreshing flavour of 8mg Ignite Mint Slim Nicotine Pouches, expertly crafted to enhance your nicotine consumption. Each slim pouch is packed with a burst of vibrant Mint flavour, offering a satisfying option to traditional smoking. This pack includes 20 precisely formulated pouches for easy, on-the-go use.<br data-mce-fragment=""1""><br data-mce-fragment=""1""><strong data-mce-fragment=""1"">Specifications:</strong><br data-mce-fragment=""1"">
<ul data-mce-fragment=""1"">
<li data-mce-fragment=""1"">Strength: 8mg Per Pouch</li>
<li data-mce-fragment=""1"">Doses: 20 pouches</li>
<li data-mce-fragment=""1"">Tobacco-free, smoke-free and vapour-free</li>
<li data-mce-fragment=""1"">Mint Flavouring</li>
</ul>
<br data-mce-fragment=""1""><strong data-mce-fragment=""1"">Direction of Use:</strong> Place one pouch under your top or bottom lip. Position the pouch to the side of your lip for comfort. Remove after 30 to 60 minutes.",IGNITE,Health & Beauty > Health Care > Medicine & Drugs > Smoking Cessation Aids,Smoking Products,"8mg, ice, nic_strength=8, nicotine_pouches, parse_attributes_0, pouch, tobacco, traditional_nicotine",TRUE,Title,Default Title,,,,,,,,ED0181Z0142,31.7514659,shopify,0,deny,manual,3.68,4.6,TRUE,TRUE,,,,,,https://cdn.shopify.com/s/files/1/0901/3696/9543/files/267289184.webp?v=1763948987,1,267289184.webp,FALSE,8mg Ignite Mint Slim Nicotine Pouch - 20 Pouches | Nicoti...,"Buy IGNITE Ignite Mint 8mg nicotine pouches. Tobacco-free, discreet pouches. Fast UK delivery, 18+ age verified.",Health & Beauty > Health Care > Medicine & Drugs,unisex,adult,ED0181Z0142,new,FALSE,,,,,,8mg,,,,,,,,,,,,,,,,,"ignite, 8mg, 8 mg, mint, nicotine pouches, nic pouches, tobacco free",https://cdn.shopify.com/s/files/1/0901/3696/9543/files/267289184.webp?v=1763948987,lb,,2.3,active
8mg-77-slim-light-nicotine-pouches-20-pouches,8mg 77 Slim Light Nicotine Pouches - 20 Pouches,"<p>Introducing 8mg 77 Light Nicotine Pouches - the ultimate way to experience nicotine discreetly and effortlessly. Each tin contains 20 pouches, carefully crafted with premium ingredients for a smooth and flavourful sensation. Designed to fit perfectly under the lip, these pouches offer a seamless and convenient nicotine delivery system. Whether you're on-the-go or searching for an alternative to traditional nicotine products, 77 Light Nicotine Pouches are the ideal choice. With long-lasting flavour and consistent nicotine release, these pouches guarantee a gratifying and enjoyable nicotine experience every time. Embrace the convenience and discretion of 77 Light Nicotine Pouches and enhance your nicotine routine.<br></p>
<p><strong>Specifications:</strong></p>
<ul>
<li>Strength: 8mg/g <br>
</li>
<li>Doses: 20 pouches<br>
</li>
<li>Tobacco-free, smoke-free and vapour-free<br>
</li>
<li>Slim Pouch Design</li>
<li>Nicotine Rating: Light </li>
</ul>
<p><strong>Direction of Use: </strong>Place one pouch under your top or bottom lip. Position the pouch to the side of your lip for comfort. Remove after 30 to 60 minutes.</p>
<p><strong>Flavours: </strong><br></p>
<ul>
<li>Apple &amp; Mint <br>
</li>
<li>Cherry <br>
</li>
<li>Watermelon <br>
</li>
<li>Strawberry <br>
</li>
<li>Fresh Mint <br>
</li>
<li>Forest Fruits <br>
</li>
<li>Ice Mint <br>
</li>
<li>Melon &amp; Mint <br><br>
</li>
</ul>
<!----><!---->",77,Health & Beauty > Health Care > Medicine & Drugs > Smoking Cessation Aids,Smoking Products,"8mg, fruity, ice, nic_salt, nic_strength=8, nicotine_pouches, parse_attributes_0, pouch, traditional_nicotine",TRUE,Flavour,Watermelon,,,,,,,,EF0310Z0143,31.7514659,shopify,117,deny,manual,2.96,3.7,TRUE,TRUE,,,,,,https://cdn.shopify.com/s/files/1/0901/3696/9543/files/267289194.webp?v=1763948631,1,267289194.webp,FALSE,8mg 77 Slim Light Nicotine Pouches - 20 Pouches,"Buy 77 77 Light 8mg nicotine pouches. Tobacco-free, discreet pouches. Fast UK delivery, 18+ age verified.",Health & Beauty > Health Care > Medicine & Drugs,unisex,adult,EF0310Z0143,new,FALSE,,,,,,8mg,,,,,,,,,,,,,,,,,"77, 8mg, 8 mg, nicotine pouches, nic pouches, tobacco free",https://cdn.shopify.com/s/files/1/0901/3696/9543/files/267289196.webp?v=1763948627,lb,,1.85,active
8mg-77-slim-light-nicotine-pouches-20-pouches,,,,,,,,,Fresh Mint,,,,,,,,EF0312Z0143,31.7514659,shopify,136,deny,manual,2.96,3.7,TRUE,TRUE,,,,,,https://cdn.shopify.com/s/files/1/0901/3696/9543/files/267289195.webp?v=1763948629,2,267289195.webp,,,,,,,,,,,,,,,,,,,,,,,,,,,,,,,,,,lb,,1.85,
8mg-77-slim-light-nicotine-pouches-20-pouches,,,,,,,,,Cherry,,,,,,,,EF0309Z0143,31.7514659,shopify,81,deny,manual,2.96,3.7,TRUE,TRUE,,,,,,https://cdn.shopify.com/s/files/1/0901/3696/9543/files/267289196.webp?v=1763948627,3,267289196.webp,,,,,,,,,,,,,,,,,,,,,,,,,,,,,,,,,https://cdn.shopify.com/s/files/1/0901/3696/9543/files/267289195.webp?v=1763948629,lb,,1.85,
8mg-77-slim-light-nicotine-pouches-20-pouches,,,,,,,,,Strawberry,,,,,,,,EF0311Z0143,31.7514659,shopify,105,deny,manual,2.96,3.7,TRUE,TRUE,,,,,,https://cdn.shopify.com/s/files/1/0901/3696/9543/files/267289197.webp?v=1763948630,4,267289197.webp,,,,,,,,,,,,,,,,,,,,,,,,,,,,,,,,,https://cdn.shopify.com/s/files/1/0901/3696/9543/files/267289197.webp?v=1763948630,lb,,1.85,
8mg-77-slim-light-nicotine-pouches-20-pouches,,,,,,,,,Forest Fruits,,,,,,,,EF0313Z0143,31.7514659,shopify,0,deny,manual,2.96,3.7,TRUE,TRUE,,,,,,https://cdn.shopify.com/s/files/1/0901/3696/9543/files/267289198.webp?v=1763948625,5,267289198.webp,,,,,,,,,,,,,,,,,,,,,,,,,,,,,,,,,https://cdn.shopify.com/s/files/1/0901/3696/9543/files/267289198.webp?v=1763948625,lb,,1.85,
8mg-77-slim-light-nicotine-pouches-20-pouches,,,,,,,,,Ice Mint,,,,,,,,EF0314Z0143,31.7514659,shopify,90,deny,manual,2.96,3.7,TRUE,TRUE,,,,,,https://cdn.shopify.com/s/files/1/0901/3696/9543/files/267289199.webp?v=1763948623,6,267289199.webp,,,,,,,,,,,,,,,,,,,,,,,,,,,,,,,,,,lb,,1.85,
8mg-77-slim-light-nicotine-pouches-20-pouches,,,,,,,,,Apple & Mint,,,,,,,,EF0308Z0143,31.7514659,shopify,94,deny,manual,2.96,3.7,TRUE,TRUE,,,,,,,,,,,,,,,,,,,,,,,,,,,,,,,,,,,,,,,,,https://cdn.shopify.com/s/files/1/0901/3696/9543/files/267289194.webp?v=1763948631,lb,,1.85,
8mg-77-slim-light-nicotine-pouches-20-pouches,,,,,,,,,Melon & Mint,,,,,,,,EF0315Z0143,31.7514659,shopify,126,deny,manual,2.96,3.7,TRUE,TRUE,,,,,,,,,,,,,,,,,,,,,,,,,,,,,,,,,,,,,,,,,https://cdn.shopify.com/s/files/1/0901/3696/9543/files/267289199.webp?v=1763948623,lb,,1.85,
4mg-velo-mini-mild-strength-nicotine-pouches-20-pouches,4mg Velo Mini Mild Strength Nicotine Pouches - 20 Pouches,"<p data-mce-fragment=""1"">Introducing Velo Mini Mild Nicotine Pouches. Immerse yourself in a delightful burst of flavour with every pouch. This pack includes 20 pouches designed to rapidly distribute nicotine in the mouth, providing a gratifying hit without any smoke or unpleasant smells. Ideal for those seeking a contemporary and cleaner option to traditional tobacco products, Velo Nicotine Pouches offer an effortless and discreet way to indulge in nicotine without tobacco. With a variety of flavours and a focus on convenience, these pouches are the perfect choice for those seeking a luxurious and smoke-free nicotine experience.<br data-mce-fragment=""1""><br data-mce-fragment=""1""><strong data-mce-fragment=""1"">Specifications:</strong><br data-mce-fragment=""1""></p>
<ul data-mce-fragment=""1"">
<li data-mce-fragment=""1"">Strength: 4 mg/g</li>
<li data-mce-fragment=""1"">Mild Strength </li>
<li data-mce-fragment=""1"">Weight: 30g </li>
<li data-mce-fragment=""1"">Doses: 20 pouches</li>
</ul>
<p data-mce-fragment=""1""><strong data-mce-fragment=""1"">Direction of Use:</strong><span data-mce-fragment=""1""> </span>Place one pouch under your top or bottom lip. Position the pouch to the side of your lip for comfort. Remove after 30 to 60 minutes. <br data-mce-fragment=""1""><br data-mce-fragment=""1""><strong data-mce-fragment=""1"">Flavour: <br data-mce-fragment=""1""></strong></p>
<ul data-mce-fragment=""1"">
<li data-mce-fragment=""1"">Tropic Breeze<br>
</li>
<li data-mce-fragment=""1"">Polar Mint</li>
</ul>
<ul data-mce-fragment=""1""></ul>",Velo,Health & Beauty > Health Care > Medicine & Drugs > Smoking Cessation Aids,Smoking Products,"4mg, fruity, ice, nic_strength=4, nicotine_pouches, parse_attributes_0, pouch, traditional_nicotine",TRUE,Flavour,Tropical Mango (Tropic Freeze),,,,,,,,VeloPouchesMini4mgTropicalBreeze,31.7514659,shopify,0,deny,manual,4.48,5.6,TRUE,TRUE,,,,,,https://cdn.shopify.com/s/files/1/0901/3696/9543/files/267289188.webp?v=1763948607,1,267289188.webp,FALSE,4mg Velo Mini Mild Strength Nicotine Pouches - 20 Pouches,"Buy Velo Velo Mini Mild 4mg nicotine pouches. Tobacco-free, discreet pouches. Fast UK delivery, 18+ age verified.",Health & Beauty > Health Care > Medicine & Drugs,unisex,adult,VeloPouchesMini4mgTropicalBreeze,new,FALSE,,,,,,4mg,,,,,,,,,,,,,,,,,"velo, 4mg, 4 mg, nicotine pouches, nic pouches, tobacco free",https://cdn.shopify.com/s/files/1/0901/3696/9543/files/267289189.webp?v=1763948613,lb,,2.8,active
4mg-velo-mini-mild-strength-nicotine-pouches-20-pouches,,,,,,,,,Spearmint (Polar Mint),,,,,,,,VeloPouchesMini4mgPolarMint,31.7514659,shopify,0,deny,manual,4.48,5.6,TRUE,TRUE,,,,,,https://cdn.shopify.com/s/files/1/0901/3696/9543/files/267289189.webp?v=1763948613,2,267289189.webp,,,,,,,,,,,,,,,,,,,,,,,,,,,,,,,,,https://cdn.shopify.com/s/files/1/0901/3696/9543/files/267289191.webp?v=1763948611,lb,,2.8,
4mg-velo-mini-mild-strength-nicotine-pouches-20-pouches,,,,,,,,,,,,,,,,,,,,,,,,,,,,,,,,https://cdn.shopify.com/s/files/1/0901/3696/9543/files/267289190.webp?v=1763948608,3,267289190.webp,,,,,,,,,,,,,,,,,,,,,,,,,,,,,,,,,,,,,
4mg-velo-mini-mild-strength-nicotine-pouches-20-pouches,,,,,,,,,,,,,,,,,,,,,,,,,,,,,,,,https://cdn.shopify.com/s/files/1/0901/3696/9543/files/267289191.webp?v=1763948611,4,267289191.webp,,,,,,,,,,,,,,,,,,,,,,,,,,,,,,,,,,,,,
6mg-max-kick-nicotine-pouches-20-pouches,6mg Max Kick Nicotine Pouches - 20 Pouches,"<p><meta charset=""UTF-8""><span>The 6mg Max Kick Nicotine Pouches deliver a strong and refreshing kick of nicotine in a discreet, tobacco-free form. Each can contains 20 slim pouches designed for a comfortable fit under the lip, offering a clean and satisfying experience anytime, anywhere. These pouches are perfect for users seeking a balanced strength of 6mg nicotine—strong enough to energize your day without being overwhelming. With no smoke, no smell, and no need for spit, they provide a convenient way to enjoy nicotine with maximum comfort and minimal hassle.</span></p>
<p><strong>Specifications:</strong></p>
<ul>
<li><span>Nicotine Strength: 6mg</span></li>
<li><span>20 Pouches</span></li>
<li><span>Tobacco Free</span></li>
</ul>
<p><strong>Flavours:</strong></p>
<ul>
<li>Berry Mix</li>
<li>Cool Mint</li>
<li>Eucalyptus</li>
<li>Peppermint</li>
<li>Smooth</li>
<li>Spearmint</li>
<li>Strawberry Watermelon</li>
<li>Wintergreen</li>
</ul>",Max Kick,Health & Beauty > Health Care > Medicine & Drugs > Smoking Cessation Aids,Smoking Products,"6mg, fruity, ice, nic_salt, nic_strength=6, nicotine_pouches, parse_attributes_0, pouch, tobacco",TRUE,Flavour,Spearmint,,,,,,,,AP0337Z0160,31.7514659,shopify,397,deny,manual,1.92,2.4,TRUE,TRUE,,,,,,https://cdn.shopify.com/s/files/1/0901/3696/9543/files/267289918.webp?v=1763948580,1,267289918.webp,FALSE,6mg Max Kick Nicotine Pouches - 20 Pouches,"Buy Max Kick Max Kick 6mg nicotine pouches. Tobacco-free, discreet pouches. Fast UK delivery, 18+ age verified.",Health & Beauty > Health Care > Medicine & Drugs,unisex,adult,AP0337Z0160,new,FALSE,,,,,,6mg,,,,,,,,,,,,,,,,,"max kick, 6mg, 6 mg, nicotine pouches, nic pouches, tobacco free",,lb,,1.2,active
6mg-max-kick-nicotine-pouches-20-pouches,,,,,,,,,Berry Mix,,,,,,,,AP0332Z0160,31.7514659,shopify,389,deny,manual,1.92,2.4,TRUE,TRUE,,,,,,https://cdn.shopify.com/s/files/1/0901/3696/9543/files/267289919.webp?v=1763948580,2,267289919.webp,,,,,,,,,,,,,,,,,,,,,,,,,,,,,,,,,,lb,,1.2,
6mg-max-kick-nicotine-pouches-20-pouches,,,,,,,,,Strawberry Watermelon,,,,,,,,AP0338Z0160,31.7514659,shopify,363,deny,manual,1.92,2.4,TRUE,TRUE,,,,,,https://cdn.shopify.com/s/files/1/0901/3696/9543/files/267289920.webp?v=1763948580,3,267289920.webp,,,,,,,,,,,,,,,,,,,,,,,,,,,,,,,,,,lb,,1.2,
6mg-max-kick-nicotine-pouches-20-pouches,,,,,,,,,Cool Mint,,,,,,,,AP0333Z0160,31.7514659,shopify,391,deny,manual,1.92,2.4,TRUE,TRUE,,,,,,https://cdn.shopify.com/s/files/1/0901/3696/9543/files/267289921.webp?v=1763948581,4,267289921.webp,,,,,,,,,,,,,,,,,,,,,,,,,,,,,,,,,,lb,,1.2,
6mg-max-kick-nicotine-pouches-20-pouches,,,,,,,,,Peppermint,,,,,,,,AP0335Z0160,31.7514659,shopify,397,deny,manual,1.92,2.4,TRUE,TRUE,,,,,,https://cdn.shopify.com/s/files/1/0901/3696/9543/files/267289922.webp?v=1763948581,5,267289922.webp,,,,,,,,,,,,,,,,,,,,,,,,,,,,,,,,,,lb,,1.2,
6mg-max-kick-nicotine-pouches-20-pouches,,,,,,,,,Eucalyptus,,,,,,,,AP0334Z0160,31.7514659,shopify,396,deny,manual,1.92,2.4,TRUE,TRUE,,,,,,https://cdn.shopify.com/s/files/1/0901/3696/9543/files/267289923.webp?v=1763948581,6,267289923.webp,,,,,,,,,,,,,,,,,,,,,,,,,,,,,,,,,,lb,,1.2,
6mg-max-kick-nicotine-pouches-20-pouches,,,,,,,,,Wintergreen,,,,,,,,AP0339Z0160,31.7514659,shopify,333,deny,manual,1.92,2.4,TRUE,TRUE,,,,,,https://cdn.shopify.com/s/files/1/0901/3696/9543/files/267289924.webp?v=1763948582,7,267289924.webp,,,,,,,,,,,,,,,,,,,,,,,,,,,,,,,,,,lb,,1.2,
6mg-max-kick-nicotine-pouches-20-pouches,,,,,,,,,Smooth,,,,,,,,AP0336Z0160,31.7514659,shopify,396,deny,manual,1.92,2.4,TRUE,TRUE,,,,,,,,,,,,,,,,,,,,,,,,,,,,,,,,,,,,,,,,,,lb,,1.2,
10mg-velo-slim-strong-strength-nicotine-pouches-20-pouches,10mg Velo Slim Strong Strength Nicotine Pouches - 20 Pouches,"<p data-mce-fragment=""1"">Discover a new level of heightened taste with Velo Nicotine Pouches. These 10mg pouches offer a refreshing burst of flavour and effortless nicotine distribution without smoke or unpleasant odours. Perfect for the sophisticated and discerning, choose from a variety of elevated flavours for a luxurious, smokeless nicotine experience with ease and convenience.</p>
<p data-mce-fragment=""1""><strong data-mce-fragment=""1"">Specifications:</strong><br data-mce-fragment=""1""></p>
<ul data-mce-fragment=""1"">
<li data-mce-fragment=""1"">Strength: 10mg/g</li>
<li data-mce-fragment=""1"">Strong Strength </li>
<li data-mce-fragment=""1"">Weight: 30g </li>
<li data-mce-fragment=""1"">Doses: 20 pouches</li>
</ul>
<p data-mce-fragment=""1""><strong data-mce-fragment=""1"">Direction of Use:</strong><span data-mce-fragment=""1""> </span>Place one pouch under your top or bottom lip. Position the pouch to the side of your lip for comfort. Remove after 30 to 60 minutes. <br data-mce-fragment=""1""><br data-mce-fragment=""1""></p>
<p data-mce-fragment=""1""><strong data-mce-fragment=""1"">Flavour: <br data-mce-fragment=""1""></strong></p>
<ul data-mce-fragment=""1"">
<li data-mce-fragment=""1""><span data-mce-fragment=""1"">Cinnamon Flame</span></li>
<li data-mce-fragment=""1""><span data-mce-fragment=""1"">Minty Lemon (Citrus Mint)</span></li>
<li data-mce-fragment=""1""><span data-mce-fragment=""1"">Crispy Peppermint (Ice Cool)</span></li>
<li data-mce-fragment=""1""><span data-mce-fragment=""1"">Bright Spearmint (Polar Mint)</span></li>
<li data-mce-fragment=""1""><span data-mce-fragment=""1"">Ruby Berry</span></li>
<li data-mce-fragment=""1""><span data-mce-fragment=""1"">Tropic Breeze</span></li>
<li data-mce-fragment=""1""><span data-mce-fragment=""1"">Wintry Watermelon (Watermelon Mint)</span></li>
<li data-mce-fragment=""1""><span data-mce-fragment=""1"">Peppermint Storm (Cool Storm)</span></li>
<li data-mce-fragment=""1""><span data-mce-fragment=""1"">Cherry Ice </span></li>
<li data-mce-fragment=""1""><span data-mce-fragment=""1"">Orange Ice </span></li>
<li data-mce-fragment=""1""><span data-mce-fragment=""1"">Strawberry Ice </span></li>
<li data-mce-fragment=""1"">
<span data-mce-fragment=""1"">Tropical Ice </span><span data-mce-fragment=""1""> </span><span data-mce-fragment=""1""></span>
</li>
<li data-mce-fragment=""1""><span data-mce-fragment=""1"">Icy Berries </span></li>
<li data-mce-fragment=""1""><span data-mce-fragment=""1"">Purple Grape </span></li>
<li data-mce-fragment=""1""><span data-mce-fragment=""1"">Tropical Mango </span></li>
<li data-mce-fragment=""1""><span data-mce-fragment=""1"">Wintery Watermelon </span></li>
<li data-mce-fragment=""1""><span data-mce-fragment=""1"">Mango Flame </span></li>
<li data-mce-fragment=""1""><span data-mce-fragment=""1"">Minty Lemon </span></li>
<li data-mce-fragment=""1""><span data-mce-fragment=""1"">Tropical Mango </span></li>
</ul>
<ul data-mce-fragment=""1""></ul>",Velo,Health & Beauty > Health Care > Medicine & Drugs > Smoking Cessation Aids,Smoking Products,"0mg, 10mg, fruity, ice, nic_strength=10, nicotine_pouches, parse_attributes_0, pouch, spices_&_herbs",TRUE,Flavour,Strawberry Ice,,,,,,,,VeloPouches10mgStrawberryIce,31.7514659,shopify,0,deny,manual,4.48,5.6,TRUE,TRUE,,,,,,https://cdn.shopify.com/s/files/1/0901/3696/9543/files/267289043.webp?v=1763948345,1,267289043.webp,FALSE,10mg Velo Slim Strong Strength Nicotine Pouches - 20 Pouches,"Buy Velo Velo Strong Strength 10mg nicotine pouches. Tobacco-free, discreet pouches. Fast UK delivery, 18+ age verified.",Health & Beauty > Health Care > Medicine & Drugs,unisex,adult,VeloPouches10mgStrawberryIce,new,FALSE,,,,,,,TRUE,,,,,,,,,,,,,,,,"velo, 10mg, 10 mg, nicotine pouches, nic pouches, tobacco free",,lb,,2.8,active
10mg-velo-slim-strong-strength-nicotine-pouches-20-pouches,,,,,,,,,Cherry Ice,,,,,,,,VeloPouches10mgCherryIce,31.7514659,shopify,0,deny,manual,4.48,5.6,TRUE,TRUE,,,,,,https://cdn.shopify.com/s/files/1/0901/3696/9543/files/267289044.webp?v=1763948345,2,267289044.webp,,,,,,,,,,,,,,,,,,,,,,,,,,,,,,,,,,lb,,2.8,
10mg-velo-slim-strong-strength-nicotine-pouches-20-pouches,,,,,,,,,Peach Ice,,,,,,,,10mgVeloNicotinePouchesPeachIce,31.7514659,shopify,0,deny,manual,4.48,5.6,TRUE,TRUE,,,,,,https://cdn.shopify.com/s/files/1/0901/3696/9543/files/267289045.webp?v=1763948345,3,267289045.webp,,,,,,,,,,,,,,,,,,,,,,,,,,,,,,,,,,lb,,2.8,
10mg-velo-slim-strong-strength-nicotine-pouches-20-pouches,,,,,,,,,Tropical Ice,,,,,,,,VeloPouches10mgTropicalIce,31.7514659,shopify,24,deny,manual,4.48,5.6,TRUE,TRUE,,,,,,https://cdn.shopify.com/s/files/1/0901/3696/9543/files/267289046.webp?v=1763948346,4,267289046.webp,,,,,,,,,,,,,,,,,,,,,,,,,,,,,,,,,,lb,,2.8,
10mg-velo-slim-strong-strength-nicotine-pouches-20-pouches,,,,,,,,,Orange Ice,,,,,,,,VeloPouches10mgOrangeIce,31.7514659,shopify,0,deny,manual,4.48,5.6,TRUE,TRUE,,,,,,https://cdn.shopify.com/s/files/1/0901/3696/9543/files/267289047.webp?v=1763948346,5,267289047.webp,,,,,,,,,,,,,,,,,,,,,,,,,,,,,,,,,,lb,,2.8,
10mg-velo-slim-strong-strength-nicotine-pouches-20-pouches,,,,,,,,,Purple Grape,,,,,,,,VeloPouches10mgPurpleGrape,31.7514659,shopify,0,deny,manual,4.48,5.6,TRUE,TRUE,,,,,,https://cdn.shopify.com/s/files/1/0901/3696/9543/files/267289048.webp?v=1763948347,6,267289048.webp,,,,,,,,,,,,,,,,,,,,,,,,,,,,,,,,,,lb,,2.8,
10mg-velo-slim-strong-strength-nicotine-pouches-20-pouches,,,,,,,,,Minty Lemon,,,,,,,,10mgVeloNicotinePouchesMintyLemon,31.7514659,shopify,98,deny,manual,4.48,5.6,TRUE,TRUE,,,,,,https://cdn.shopify.com/s/files/1/0901/3696/9543/files/267289049.webp?v=1763948347,7,267289049.webp,,,,,,,,,,,,,,,,,,,,,,,,,,,,,,,,,,lb,,2.8,
10mg-velo-slim-strong-strength-nicotine-pouches-20-pouches,,,,,,,,,Peppermint Storm (Cooling Storm),,,,,,,,VeloPouches10mgCoolStorm,31.7514659,shopify,0,deny,manual,4.48,5.6,TRUE,TRUE,,,,,,https://cdn.shopify.com/s/files/1/0901/3696/9543/files/267289050.webp?v=1763948348,8,267289050.webp,,,,,,,,,,,,,,,,,,,,,,,,,,,,,,,,,,lb,,2.8,
10mg-velo-slim-strong-strength-nicotine-pouches-20-pouches,,,,,,,,,Tropic Breeze(Tropical Mango),,,,,,,,VeloPouches10mgTropicBreeze,31.7514659,shopify,0,deny,manual,4.48,5.6,TRUE,TRUE,,,,,,https://cdn.shopify.com/s/files/1/0901/3696/9543/files/267289051.webp?v=1763948348,9,267289051.webp,,,,,,,,,,,,,,,,,,,,,,,,,,,,,,,,,,lb,,2.8,
10mg-velo-slim-strong-strength-nicotine-pouches-20-pouches,,,,,,,,,Orange Spark,,,,,,,,10mgVeloNicotinePouchesOrangeSpark,31.7514659,shopify,0,deny,manual,4.48,5.6,TRUE,TRUE,,,,,,https://cdn.shopify.com/s/files/1/0901/3696/9543/files/267289052.webp?v=1763948349,10,267289052.webp,,,,,,,,,,,,,,,,,,,,,,,,,,,,,,,,,,lb,,2.8,
10mg-velo-slim-strong-strength-nicotine-pouches-20-pouches,,,,,,,,,Cinnamon Flame,,,,,,,,VeloPouches10mgCinnamonFlame,31.7514659,shopify,0,deny,manual,4.48,5.6,TRUE,TRUE,,,,,,https://cdn.shopify.com/s/files/1/0901/3696/9543/files/267289053.webp?v=1763948349,11,267289053.webp,,,,,,,,,,,,,,,,,,,,,,,,,,,,,,,,,,lb,,2.8,
10mg-velo-slim-strong-strength-nicotine-pouches-20-pouches,,,,,,,,,Mango Flame,,,,,,,,10mgVeloNicotinePouchesMangoFlame,31.7514659,shopify,0,deny,manual,4.48,5.6,TRUE,TRUE,,,,,,https://cdn.shopify.com/s/files/1/0901/3696/9543/files/267289054.webp?v=1763948349,12,267289054.webp,,,,,,,,,,,,,,,,,,,,,,,,,,,,,,,,,,lb,,2.8,
10mg-velo-slim-strong-strength-nicotine-pouches-20-pouches,,,,,,,,,Citrus Mint,,,,,,,,VeloPouches10mgCitrusMint,31.7514659,shopify,0,deny,manual,4.48,5.6,TRUE,TRUE,,,,,,https://cdn.shopify.com/s/files/1/0901/3696/9543/files/267289055.webp?v=1763948350,13,267289055.webp,,,,,,,,,,,,,,,,,,,,,,,,,,,,,,,,,,lb,,2.8,
10mg-velo-slim-strong-strength-nicotine-pouches-20-pouches,,,,,,,,,Ruby Berry,,,,,,,,VeloPouches10mgRubyBerry,31.7514659,shopify,0,deny,manual,4.48,5.6,TRUE,TRUE,,,,,,https://cdn.shopify.com/s/files/1/0901/3696/9543/files/267289056.webp?v=1763948350,14,267289056.webp,,,,,,,,,,,,,,,,,,,,,,,,,,,,,,,,,,lb,,2.8,
10mg-velo-slim-strong-strength-nicotine-pouches-20-pouches,,,,,,,,,watermelon Ice,,,,,,,,10mgVeloNicotinePouchesWatermelonIce,31.7514659,shopify,76,deny,manual,4.48,5.6,TRUE,TRUE,,,,,,https://cdn.shopify.com/s/files/1/0901/3696/9543/files/267289057.webp?v=1763948350,15,267289057.webp,,,,,,,,,,,,,,,,,,,,,,,,,,,,,,,,,,lb,,2.8,
10mg-velo-slim-strong-strength-nicotine-pouches-20-pouches,,,,,,,,,Icy Berries,,,,,,,,VeloPouches10mgIcyBerries,31.7514659,shopify,0,deny,manual,4.48,5.6,TRUE,TRUE,,,,,,https://cdn.shopify.com/s/files/1/0901/3696/9543/files/267289058.webp?v=1763948351,16,267289058.webp,,,,,,,,,,,,,,,,,,,,,,,,,,,,,,,,,,lb,,2.8,
10mg-velo-slim-strong-strength-nicotine-pouches-20-pouches,,,,,,,,,Winter Watermelon (Watermelon Mint),,,,,,,,VeloPouches10mgWinterWatermelon,31.7514659,shopify,160,deny,manual,4.48,5.6,TRUE,TRUE,,,,,,https://cdn.shopify.com/s/files/1/0901/3696/9543/files/267289059.webp?v=1763948351,17,267289059.webp,,,,,,,,,,,,,,,,,,,,,,,,,,,,,,,,,,lb,,2.8,
10mg-velo-slim-strong-strength-nicotine-pouches-20-pouches,,,,,,,,,Bright Spearmint,,,,,,,,VeloPouches10mgBrightSpearmint,31.7514659,shopify,110,deny,manual,4.48,5.6,TRUE,TRUE,,,,,,https://cdn.shopify.com/s/files/1/0901/3696/9543/files/267289060.webp?v=1763948352,18,267289060.webp,,,,,,,,,,,,,,,,,,,,,,,,,,,,,,,,,,lb,,2.8,
10mg-velo-slim-strong-strength-nicotine-pouches-20-pouches,,,,,,,,,Crispy Peppermint ( Ice Cool),,,,,,,,10mgVeloNicotinePouchesCrispyPeppermint,31.7514659,shopify,0,deny,manual,3.76,4.7,TRUE,TRUE,,,,,,https://cdn.shopify.com/s/files/1/0901/3696/9543/files/267289061.webp?v=1763948352,19,267289061.webp,,,,,,,,,,,,,,,,,,,,,,,,,,,,,,,,,,lb,,2.35,
10mg-velo-slim-strong-strength-nicotine-pouches-20-pouches,,,,,,,,,,,,,,,,,,,,,,,,,,,,,,,,https://cdn.shopify.com/s/files/1/0901/3696/9543/files/267289062.webp?v=1763948352,20,267289062.webp,,,,,,,,,,,,,,,,,,,,,,,,,,,,,,,,,,,,,
10mg-velo-slim-strong-strength-nicotine-pouches-20-pouches,,,,,,,,,,,,,,,,,,,,,,,,,,,,,,,,https://cdn.shopify.com/s/files/1/0901/3696/9543/files/267289063.webp?v=1763948353,21,267289063.webp,,,,,,,,,,,,,,,,,,,,,,,,,,,,,,,,,,,,,
10mg-velo-slim-strong-strength-nicotine-pouches-20-pouches,,,,,,,,,,,,,,,,,,,,,,,,,,,,,,,,https://cdn.shopify.com/s/files/1/0901/3696/9543/files/267289064.webp?v=1763948353,22,267289064.webp,,,,,,,,,,,,,,,,,,,,,,,,,,,,,,,,,,,,,
46-9mg-kurwa-killer-nicotine-pouches-20-pouches,46.9mg Kurwa Killer Nicotine Pouches - 20 Pouches,"<p>Experience the ultimate nicotine rush with Kurwa Killer Nicotine Pouches, delivering an intense 46.9mg of nicotine per pouch. This pack contains 20 powerful pouches designed for seasoned nicotine users seeking an exceptionally strong and satisfying experience. Kurwa Killer pouches are crafted to provide a rapid and long-lasting nicotine hit, making them ideal for those with high nicotine tolerance or looking to reduce their smoking habits. These slim, discreet pouches fit comfortably under your lip, allowing for easy and convenient use in any setting. With their potent nicotine content and variety of bold flavours, Kurwa Killer Nicotine Pouches offer a smoke-free, tobacco-free alternative that doesn't compromise on strength or satisfaction. Whether you're tackling a demanding day or simply craving an intense nicotine experience, these pouches deliver an unparalleled kick that sets them apart in the world of nicotine products. Embrace the power of Kurwa Killer and elevate your nicotine journey to new heights.<strong data-mce-fragment=""1""><br><br><br>Specifications:</strong></p>
<ul data-mce-fragment=""1"">
<li data-mce-fragment=""1"">Strength: 46.9mg Per Gram </li>
<li data-mce-fragment=""1"">Killer Strength<br>
</li>
<li data-mce-fragment=""1"">No Tobacco </li>
<li data-mce-fragment=""1"">Slim Pouch </li>
<li data-mce-fragment=""1"">Weight: 30g</li>
<li data-mce-fragment=""1"">Doses: 20 pouches<br>
</li>
</ul>
<p><strong>Direction of Use:</strong> Place one pouch under your top or bottom lip. Position the pouch to the side of your lip for comfort. Remove after 30 to 60 minutes.<br data-mce-fragment=""1""><br data-mce-fragment=""1""><strong>Flavour: <br></strong></p>
<ul>
<li>Just Berries Forest Berries</li>
<li>⁠Purple Grape Blackcurrant</li>
<li>Pina Colada Mango</li>
<li>Kiwi Apple </li>
<li>Strawberry Gum <br>
</li>
<li>Frost Ice </li>
<li>Mango Raspberry </li>
<li>Cola Cherry Vanilla </li>
<li>Raspberry Strawberry <br><br>
</li>
</ul>
<!----><!---->",Kurwa,Health & Beauty > Health Care > Medicine & Drugs > Smoking Cessation Aids,Smoking Products,"0mg, fruity, ice, nic_strength=46, parse_attributes_0, pouch, tobacco",TRUE,Flavour,Blackcurrant,,,,,,,,EH0075X0510,31.7514659,shopify,0,deny,manual,3.52,4.4,TRUE,TRUE,,,,,,https://cdn.shopify.com/s/files/1/0901/3696/9543/files/267289433.webp?v=1763948329,1,267289433.webp,FALSE,46.9mg Kurwa Killer Nicotine Pouches - 20 Pouches,"Buy Kurwa 46.9mg Kurwa Killer 46.9mg nicotine pouches. Tobacco-free, discreet pouches. Fast UK delivery, 18+ age verified.",Health & Beauty > Health Care > Medicine & Drugs,unisex,adult,EH0075X0510,new,FALSE,,,,,,,,,,,,,,,,,,,,,,,"kurwa, 46.9mg, 46.9 mg, nicotine pouches, nic pouches, tobacco free",,lb,,2.2,active
46-9mg-kurwa-killer-nicotine-pouches-20-pouches,,,,,,,,,Blueberry Marmalade,,,,,,,,EH0073X0510,31.7514659,shopify,38,deny,manual,3.52,4.4,TRUE,TRUE,,,,,,https://cdn.shopify.com/s/files/1/0901/3696/9543/files/267289434.webp?v=1763948329,2,267289434.webp,,,,,,,,,,,,,,,,,,,,,,,,,,,,,,,,,,lb,,2.2,
46-9mg-kurwa-killer-nicotine-pouches-20-pouches,,,,,,,,,Kiwi & Strawberry,,,,,,,,EH0074X0510,31.7514659,shopify,0,deny,manual,3.52,4.4,TRUE,TRUE,,,,,,https://cdn.shopify.com/s/files/1/0901/3696/9543/files/267289435.webp?v=1763948329,3,267289435.webp,,,,,,,,,,,,,,,,,,,,,,,,,,,,,,,,,,lb,,2.2,
46-9mg-kurwa-killer-nicotine-pouches-20-pouches,,,,,,,,,,,,,,,,,,,,,,,,,,,,,,,,https://cdn.shopify.com/s/files/1/0901/3696/9543/files/267289436.webp?v=1763948330,4,267289436.webp,,,,,,,,,,,,,,,,,,,,,,,,,,,,,,,,,,,,,
15mg-helwit-extra-strong-mocha-nicotine-pouches-20-pouches,15mg HELWIT Extra Strong Mocha Nicotine Pouches - 20 Pouches,"<p>Experience the robust flavour and potent nicotine kick of HELWIT Extra Strong Mocha Nicotine Pouches. Each tin contains 20 pouches, each delivering a powerful 15mg of nicotine for those seeking a strong, satisfying experience. The rich mocha flavour combines the boldness of coffee with subtle chocolate notes, providing a delightful taste sensation. These tobacco-free pouches offer a discreet and convenient way to enjoy nicotine without the need for smoking. Perfect for those looking to quit traditional tobacco products or simply seeking a smokeless alternative, HELWIT Extra Strong Mocha Nicotine Pouches are available now at JM Wholesale. Ideal for adult nicotine users who desire a potent nicotine hit with a luxurious mocha twist.<br><br></p>
<ul>
<li>Strength: Extra Strong </li>
<li>15mg/g Nicotine </li>
<li>Slim Packaging</li>
<li>Shelf Life 365 days</li>
<li>Made In Sweden</li>
<li>Weight: 10g<br>
</li>
</ul>
<p><br><strong>Flavour:</strong> Mocha <br><br><strong>Ingredients:</strong> Cellulose fiber (E460i), Humectant (E422), Water, Flavourings, Nicotine Polacrilex, Salt, Erythritol (E968), Acidity regulator (E500), Sweetener (E955)<br></p>",HELWIT,Health & Beauty > Health Care > Medicine & Drugs > Smoking Cessation Aids,Smoking Products,"15mg, nic_strength=15, nicotine_pouches, parse_attributes_0, pouch, tobacco, traditional_nicotine",TRUE,Title,Default Title,,,,,,,,AG0209X0474,9.0718474,shopify,127,deny,manual,3.92,4.9,TRUE,TRUE,,,,,,https://cdn.shopify.com/s/files/1/0901/3696/9543/files/267289626.webp?v=1763948221,1,267289626.webp,FALSE,15mg HELWIT Extra Strong Mocha Nicotine Pouches - 20 Pouches,"Buy HELWIT HELWIT Extra Strong 15mg nicotine pouches. Tobacco-free, discreet pouches. Fast UK delivery, 18+ age verified.",Health & Beauty > Health Care > Medicine & Drugs,unisex,adult,AG0209X0474,new,FALSE,,,,,,,,,,,,,,,,,,,,,,,"helwit, 15mg, 15 mg, nicotine pouches, nic pouches, tobacco free",https://cdn.shopify.com/s/files/1/0901/3696/9543/files/267289626.webp?v=1763948221,lb,,2.45,active
16mg-puff-pouch-nicotine-pouches-20-pouches-buy-1-get-1-free,16mg Puff & Pouch Nicotine Pouches - 20 Pouches (BUY 1 GET 1 FREE),"<p>Discover the 16mg Puff &amp; Pouch Nicotine Pouches - a modern and sophisticated solution for those seeking a discreet and satisfying nicotine experience. Perfectly crafted with high-quality, tobacco-derived nicotine, each pouch offers a clean and consistent hit. Compact and easy to stash in your pocket or purse, these pouches are the ideal on-the-go companion for anytime cravings. With a potent nicotine strength of 16mg, these pouches cater to your cravings without drawing attention or leaving behind lingering odors. Experience the convenience and freedom of nicotine without smoke or vapor with this innovative product.<br><br></p>
<p><strong>Specifications:</strong><br></p>
<ul>
<li>Strength: 16mg Per Pouch <br>
</li>
<li>Doses: 20 pouches<br>
</li>
<li>Tobacco-free, smoke-free and vapour-free<br>
</li>
</ul>
<p><strong>Direction of Use: </strong>Place one pouch under your top or bottom lip. Position the pouch to the side of your lip for comfort. Remove after 30 to 60 minutes.</p>
<p><strong>Flavours: </strong><br></p>
<ul>
<li>Citrus </li>
<li>Peppermint </li>
<li>Berries </li>
<li>ICE </li>
<li>Eucalyptus </li>
<li>Greatest </li>
</ul>
<p> </p>",Puff & Pouch,Health & Beauty > Health Care > Medicine & Drugs > Smoking Cessation Aids,Smoking Products,"16mg, fruity, ice, nicotine_pouches, parse_attributes_0, pouch, tobacco",TRUE,Flavour,Peppermint,,,,,,,,EE0400X0504BOGOF,31.7514659,shopify,0,deny,manual,2.4,3,TRUE,TRUE,,,,,4 7 4 5 0 1 0 3 7 4 1 9 7,https://cdn.shopify.com/s/files/1/0901/3696/9543/files/267289178.webp?v=1763947517,1,267289178.webp,FALSE,16mg Puff & Pouch Nicotine Pouches - 20 Pouches (BUY 1 GE...,"Buy Puff & Pouch Puff & (BUY 16mg nicotine pouches. Tobacco-free, discreet pouches. Fast UK delivery, 18+ age verified.",Health & Beauty > Health Care > Medicine & Drugs,unisex,adult,EE0400X0504BOGOF,new,FALSE,,,,,,,,,,,,,,,,,,,,,,,"puff & pouch, 16mg, 16 mg, nicotine pouches, nic pouches, tobacco free",https://cdn.shopify.com/s/files/1/0901/3696/9543/files/267289180.webp?v=1763947525,lb,,1.5,active
16mg-puff-pouch-nicotine-pouches-20-pouches-buy-1-get-1-free,,,,,,,,,Citrus,,,,,,,,EE0399X0504BOGOF,31.7514659,shopify,0,deny,manual,2.4,3,TRUE,TRUE,,,,,4 7 4 5 0 1 0 3 7 4 2 3 4,https://cdn.shopify.com/s/files/1/0901/3696/9543/files/267289179.webp?v=1763947524,2,267289179.webp,,,,,,,,,,,,,,,,,,,,,,,,,,,,,,,,,https://cdn.shopify.com/s/files/1/0901/3696/9543/files/267289179.webp?v=1763947524,lb,,1.5,
16mg-puff-pouch-nicotine-pouches-20-pouches-buy-1-get-1-free,,,,,,,,,Berries,,,,,,,,EE0401X0504BOGOF,31.7514659,shopify,0,deny,manual,2.4,3,TRUE,TRUE,,,,,4 7 4 5 0 1 0 3 7 4 1 8 0,https://cdn.shopify.com/s/files/1/0901/3696/9543/files/267289180.webp?v=1763947525,3,267289180.webp,,,,,,,,,,,,,,,,,,,,,,,,,,,,,,,,,https://cdn.shopify.com/s/files/1/0901/3696/9543/files/267289181.webp?v=1763947522,lb,,1.5,
16mg-puff-pouch-nicotine-pouches-20-pouches-buy-1-get-1-free,,,,,,,,,Eucalyptus,,,,,,,,EE0403X0504BOGOF,31.7514659,shopify,0,deny,manual,2.4,3,TRUE,TRUE,,,,,4 7 4 5 0 1 0 3 7 4 3 5 7,https://cdn.shopify.com/s/files/1/0901/3696/9543/files/267289181.webp?v=1763947522,4,267289181.webp,,,,,,,,,,,,,,,,,,,,,,,,,,,,,,,,,https://cdn.shopify.com/s/files/1/0901/3696/9543/files/267289183.webp?v=1763947526,lb,,1.5,
16mg-puff-pouch-nicotine-pouches-20-pouches-buy-1-get-1-free,,,,,,,,,ICE,,,,,,,,EE0402X0504BOGOF,31.7514659,shopify,0,deny,manual,2.4,3,TRUE,TRUE,,,,,4 7 4 5 0 1 0 3 7 4 2 0 3,https://cdn.shopify.com/s/files/1/0901/3696/9543/files/267289182.webp?v=1763947528,5,267289182.webp,,,,,,,,,,,,,,,,,,,,,,,,,,,,,,,,,https://cdn.shopify.com/s/files/1/0901/3696/9543/files/267289182.webp?v=1763947528,lb,,1.5,
16mg-puff-pouch-nicotine-pouches-20-pouches-buy-1-get-1-free,,,,,,,,,,,,,,,,,,,,,,,,,,,,,,,,https://cdn.shopify.com/s/files/1/0901/3696/9543/files/267289183.webp?v=1763947526,6,267289183.webp,,,,,,,,,,,,,,,,,,,,,,,,,,,,,,,,,,,,,
46-9mg-candys-slim-nicotine-pouches-20-pouches,46.9mg Candys Slim Nicotine Pouches - 20 Pouches,"<p>Experience the ultimate nicotine rush with Kurwa Killer Nicotine Pouches, delivering an intense 46.9mg of nicotine per pouch. This pack contains 20 powerful pouches designed for seasoned nicotine users seeking an exceptionally strong and satisfying experience. Kurwa Killer pouches are crafted to provide a rapid and long-lasting nicotine hit, making them ideal for those with high nicotine tolerance or looking to reduce their smoking habits. These slim, discreet pouches fit comfortably under your lip, allowing for easy and convenient use in any setting. With their potent nicotine content and variety of bold flavours, Kurwa Killer Nicotine Pouches offer a smoke-free, tobacco-free alternative that doesn't compromise on strength or satisfaction. Whether you're tackling a demanding day or simply craving an intense nicotine experience, these pouches deliver an unparalleled kick that sets them apart in the world of nicotine products. Embrace the power of Kurwa Killer and elevate your nicotine journey to new heights.<strong data-mce-fragment=""1""><br><br></strong></p>
<p><strong data-mce-fragment=""1"">Specifications:</strong></p>
<ul data-mce-fragment=""1"">
<li data-mce-fragment=""1"">Strength: 46.9mg Per Gram </li>
<li data-mce-fragment=""1"">Extra Strong Strength<br>
</li>
<li data-mce-fragment=""1"">No Tobacco </li>
<li data-mce-fragment=""1"">Slim Pouch </li>
<li data-mce-fragment=""1"">Weight: 30g</li>
<li data-mce-fragment=""1"">Doses: 20 pouches<br>
</li>
</ul>
<p><strong>Direction of Use:</strong> Place one pouch under your top or bottom lip. Position the pouch to the side of your lip for comfort. Remove after 30 to 60 minutes.<br data-mce-fragment=""1""><br data-mce-fragment=""1""><strong>Flavour: <br></strong></p>
<ul>
<li>Watermelon Candy <br>
</li>
<li>Strawberry Vanilla Candy <br>
</li>
<li>Gummy Bears <br>
</li>
<li>Ice Cherry Gum<br>
</li>
<li>Ice Candy <br>
</li>
<li>Cola Marmalade </li>
</ul>
<!----><!---->",Candys,Health & Beauty > Health Care > Medicine & Drugs > Smoking Cessation Aids,Smoking Products,"0mg, beverages, candy/sweets, fruity, ice, nic_strength=46, parse_attributes_0, pouch, spices_&_herbs",TRUE,Flavour,Gummy Bears,,,,,,,,EH0078X0510,31.7514659,shopify,18,deny,manual,3.52,4.4,TRUE,TRUE,,,,,,https://cdn.shopify.com/s/files/1/0901/3696/9543/files/267289996.webp?v=1763947330,1,267289996.webp,FALSE,46.9mg Candys Slim Nicotine Pouches - 20 Pouches,"Buy Candys 46.9mg Candys 46.9mg nicotine pouches. Tobacco-free, discreet pouches. Fast UK delivery, 18+ age verified.",Health & Beauty > Health Care > Medicine & Drugs,unisex,adult,EH0078X0510,new,FALSE,,,,,,,,,,,,,,,,,,,,,,,"candys, 46.9mg, 46.9 mg, nicotine pouches, nic pouches, tobacco free",https://cdn.shopify.com/s/files/1/0901/3696/9543/files/267289999.webp?v=1763947340,lb,,2.2,active
46-9mg-candys-slim-nicotine-pouches-20-pouches,,,,,,,,,Ice Cherry Gum,,,,,,,,EH0079X0510,31.7514659,shopify,67,deny,manual,3.52,4.4,TRUE,TRUE,,,,,,https://cdn.shopify.com/s/files/1/0901/3696/9543/files/267289997.webp?v=1763947337,2,267289997.webp,,,,,,,,,,,,,,,,,,,,,,,,,,,,,,,,,https://cdn.shopify.com/s/files/1/0901/3696/9543/files/267290000.webp?v=1763947335,lb,,2.2,
46-9mg-candys-slim-nicotine-pouches-20-pouches,,,,,,,,,Strawberry Vanilla Candy,,,,,,,,EH0077X0510,31.7514659,shopify,66,deny,manual,3.52,4.4,TRUE,TRUE,,,,,,https://cdn.shopify.com/s/files/1/0901/3696/9543/files/267289998.webp?v=1763947343,3,267289998.webp,,,,,,,,,,,,,,,,,,,,,,,,,,,,,,,,,https://cdn.shopify.com/s/files/1/0901/3696/9543/files/267289998.webp?v=1763947343,lb,,2.2,
46-9mg-candys-slim-nicotine-pouches-20-pouches,,,,,,,,,Watermelon Candy,,,,,,,,EH0076X0510,31.7514659,shopify,47,deny,manual,3.52,4.4,TRUE,TRUE,,,,,,https://cdn.shopify.com/s/files/1/0901/3696/9543/files/267289999.webp?v=1763947340,4,267289999.webp,,,,,,,,,,,,,,,,,,,,,,,,,,,,,,,,,https://cdn.shopify.com/s/files/1/0901/3696/9543/files/267289997.webp?v=1763947337,lb,,2.2,
46-9mg-candys-slim-nicotine-pouches-20-pouches,,,,,,,,,Ice Candy,,,,,,,,EH0080X0510,31.7514659,shopify,109,deny,manual,3.52,4.4,TRUE,TRUE,,,,,,https://cdn.shopify.com/s/files/1/0901/3696/9543/files/267290000.webp?v=1763947335,5,267290000.webp,,,,,,,,,,,,,,,,,,,,,,,,,,,,,,,,,https://cdn.shopify.com/s/files/1/0901/3696/9543/files/267290001.webp?v=1763947341,lb,,2.2,
46-9mg-candys-slim-nicotine-pouches-20-pouches,,,,,,,,,Cola Marmalade,,,,,,,,EH0081X0510,31.7514659,shopify,221,deny,manual,3.52,4.4,TRUE,TRUE,,,,,,https://cdn.shopify.com/s/files/1/0901/3696/9543/files/267290001.webp?v=1763947341,6,267290001.webp,,,,,,,,,,,,,,,,,,,,,,,,,,,,,,,,,https://cdn.shopify.com/s/files/1/0901/3696/9543/files/267290002.webp?v=1763947338,lb,,2.2,
46-9mg-candys-slim-nicotine-pouches-20-pouches,,,,,,,,,,,,,,,,,,,,,,,,,,,,,,,,https://cdn.shopify.com/s/files/1/0901/3696/9543/files/267290002.webp?v=1763947338,7,267290002.webp,,,,,,,,,,,,,,,,,,,,,,,,,,,,,,,,,,,,,
11mg-arctic7-spearmint-slim-nicotine-pouches-20-pouches,11mg Arctic7 Spearmint Slim Nicotine Pouches - 20 Pouches,"<p data-mce-fragment=""1"">Indulge in the invigorating taste of Arctic7's 11mg Spearmint Slim Nicotine Pouches, expertly formulated to elevate your nicotine intake. Each slim pouch offers a burst of refreshing Spearmint flavour, providing a gratifying alternative to standard smoking. This pack features 20 accurately-measured pouches for convenient, on-the-go use.<br data-mce-fragment=""1""><strong data-mce-fragment=""1""></strong></p>
<p data-mce-fragment=""1""><strong data-mce-fragment=""1"">Specifications:</strong><br data-mce-fragment=""1""></p>
<ul data-mce-fragment=""1"">
<li data-mce-fragment=""1"">Strength: 11mg Per Pouch</li>
<li data-mce-fragment=""1"">Doses: 20 pouches</li>
<li data-mce-fragment=""1"">Tobacco-free, smoke-free and vapour-free</li>
<li data-mce-fragment=""1"">Spearmint Flavouring</li>
</ul>
<br data-mce-fragment=""1""><strong data-mce-fragment=""1"">Direction of Use:</strong> Place one pouch under your top or bottom lip. Position the pouch to the side of your lip for comfort. Remove after 30 to 60 minutes.",Artic7,Health & Beauty > Health Care > Medicine & Drugs > Smoking Cessation Aids,Smoking Products,"11mg, nic_strength=11, nicotine_pouches, parse_attributes_0, pouch, tobacco",TRUE,Title,Default Title,,,,,,,,EE0028X0499,18.1436948,shopify,0,deny,manual,4,5,TRUE,TRUE,,,,,5744000041414,https://cdn.shopify.com/s/files/1/0901/3696/9543/files/267288977.webp?v=1763947061,1,267288977.webp,FALSE,Artic7 11mg Arctic7 Spearmint Slim Nicotine Pouches - 20 ...,"Buy Artic7 Arctic7 Spearmint 11mg nicotine pouches. Tobacco-free, discreet pouches. Fast UK delivery, 18+ age verified.",Health & Beauty > Health Care > Medicine & Drugs,unisex,adult,EE0028X0499,new,FALSE,,,,,,,,,,,,,,,,,,,,,,,"artic7, 11mg, 11 mg, mint, spearmint, nicotine pouches, nic pouches, tobacco free",https://cdn.shopify.com/s/files/1/0901/3696/9543/files/267288977.webp?v=1763947061,lb,,2.5,active
8-8mg-v-you-white-edition-nicotine-pouch-20-pouches-buy-1-get-1-free,8.8mg V&YOU White Edition Nicotine Pouch - 20 Pouches (Buy 1 Get 1 Free),"<p>The V&amp;YOU White Edition Nicotine Pouch 8.8mg is a carefully crafted nicotine product designed for those seeking a moderate nicotine experience without the use of tobacco. With a variety of flavours available, the White Edition enhances the overall enjoyment, providing a refreshing alternative to traditional smoking methods. </p>
<p><strong>Specifications:</strong></p>
<ul>
<li>Strength: 8.8mg Per Pouch<br>
</li>
<li>Doses: 20 pouches<br>
</li>
<li>Smoke-free and Spit-free<br>
</li>
<li>Long Lasting Flavour</li>
</ul>
<p><strong>Flavours:</strong></p>
<ul>
<li>Mango Freeze</li>
<li>Mint Ice</li>
</ul>
<p><strong>Direction of Use: </strong>Place one pouch under your top or bottom lip. Position the pouch to the side of your lip for comfort. Remove after 30 to 60 minutes.</p>",V&YOU,Health & Beauty > Health Care > Medicine & Drugs > Smoking Cessation Aids,Smoking Products,"8.8mg, fruity, ice, nic_strength=8, nicotine_pouches, parse_attributes_0, pouch, traditional_nicotine",TRUE,Flavour,Mint Ice,,,,,,,,BA0473X0515,31.7514659,shopify,229,deny,manual,3.36,4.2,TRUE,TRUE,,,,,,https://cdn.shopify.com/s/files/1/0901/3696/9543/files/267289810.webp?v=1763946852,1,267289810.webp,FALSE,8.8mg V&YOU White Edition Nicotine Pouch - 20 Pouches (Bu...,"Buy V&YOU 8.8mg V&YOU White 8.8mg nicotine pouches. Tobacco-free, discreet pouches. Fast UK delivery, 18+ age verified.",Health & Beauty > Health Care > Medicine & Drugs,unisex,adult,BA0473X0515,new,FALSE,,,,,,8mg,,,,,,,,,,,,,,,,,"v&you, 8.8mg, 8.8 mg, nicotine pouches, nic pouches, tobacco free",https://cdn.shopify.com/s/files/1/0901/3696/9543/files/267289812.webp?v=1763946857,lb,,2.1,active
8-8mg-v-you-white-edition-nicotine-pouch-20-pouches-buy-1-get-1-free,,,,,,,,,Mango Freeze,,,,,,,,BA0472X0515,31.7514659,shopify,208,deny,manual,3.36,4.2,TRUE,TRUE,,,,,,https://cdn.shopify.com/s/files/1/0901/3696/9543/files/267289811.webp?v=1763946856,2,267289811.webp,,,,,,,,,,,,,,,,,,,,,,,,,,,,,,,,,https://cdn.shopify.com/s/files/1/0901/3696/9543/files/267289811.webp?v=1763946856,lb,,2.1,
8-8mg-v-you-white-edition-nicotine-pouch-20-pouches-buy-1-get-1-free,,,,,,,,,,,,,,,,,,,,,,,,,,,,,,,,https://cdn.shopify.com/s/files/1/0901/3696/9543/files/267289812.webp?v=1763946857,3,267289812.webp,,,,,,,,,,,,,,,,,,,,,,,,,,,,,,,,,,,,,
12mg-poke-citrus-nicotine-pouches-20-pouches,12mg Poke Citrus Nicotine Pouches - 20 Pouches,"Invigorate your senses with Poke Citrus Nicotine Pouches. Each package contains 20 pouches infused with a refreshing blend of citrus flavours, offering a zesty and invigorating twist to your nicotine experience. Perfect for those seeking a bright and energizing alternative to traditional nicotine products, these pouches provide a convenient and discreet way to enjoy nicotine without smoke or vapour. <br data-mce-fragment=""1""><br data-mce-fragment=""1""><strong data-mce-fragment=""1"">Specifications:</strong><br data-mce-fragment=""1"">
<ul data-mce-fragment=""1"">
<li data-mce-fragment=""1"">Strength: 12mg Per Pouch</li>
<li data-mce-fragment=""1"">Doses: 20 pouches</li>
<li data-mce-fragment=""1"">Tobacco-free, smoke-free and vapour-free</li>
<li data-mce-fragment=""1"">Citrus Flavouring</li>
</ul>
<br data-mce-fragment=""1""><strong data-mce-fragment=""1"">Direction of Use:</strong> Place one pouch under your top or bottom lip. Position the pouch to the side of your lip for comfort. Remove after 30 to 60 minutes.",Poke,Health & Beauty > Health Care > Medicine & Drugs > Smoking Cessation Aids,Smoking Products,"12mg, nic_strength=12, nicotine_pouches, parse_attributes_0, pouch, tobacco, traditional_nicotine",TRUE,Title,Default Title,,,,,,,,EE0043X0496,31.7514659,shopify,0,deny,manual,3.2,4,TRUE,TRUE,,,,,,https://cdn.shopify.com/s/files/1/0901/3696/9543/files/267289200.webp?v=1763946834,1,267289200.webp,FALSE,12mg Poke Citrus Nicotine Pouches - 20 Pouches,"Buy Poke Poke Citrus 12mg nicotine pouches. Tobacco-free, discreet pouches. Fast UK delivery, 18+ age verified.",Health & Beauty > Health Care > Medicine & Drugs,unisex,adult,EE0043X0496,new,FALSE,,,,,,,,,,,,,,,,,,,,,,,"poke, 12mg, 12 mg, citrus, nicotine pouches, nic pouches, tobacco free",https://cdn.shopify.com/s/files/1/0901/3696/9543/files/267289200.webp?v=1763946834,lb,,2,active
1mg-tick-tock-nicotine-candy-12-drops,1mg Tick Tock Nicotine Candy - 12 Drops,"<p><span>Experience a new way to manage nicotine cravings with 0.5mg Tick Tock Nicotine Drops. Each pack contains 12 precisely dosed drops, offering a discreet and convenient alternative for adults looking to reduce or control their nicotine intake. Designed for on-the-go use, these drops dissolve quickly in the mouth, delivering a gentle 1mg of nicotine per drop to help curb cravings without the need for smoking or chewing. The formulation is free from tobacco leaf and smoke, providing a cleaner option for those seeking a lower-risk alternative to traditional tobacco products.</span><span class=""whitespace-nowrap""><a href=""https://www.fda.gov/tobacco-products/products-ingredients-components/other-tobacco-products"" aria-label=""Other Tobacco Products"" data-state=""open"" class=""mr-[2px] citation ml-xs inline"" rel=""nofollow noopener"" target=""_blank""></a></span></p>
<ul>
<li data-end=""26"" data-start=""2"">1mg Nicotine Per Drop</li>
<li data-end=""49"" data-start=""29"">12 Drops Per Pack</li>
<li data-end=""81"" data-start=""52"">Fast-Dissolving Oral Drops</li>
<li data-end=""112"" data-start=""84"">Smoke-Free Nicotine Option</li>
<li data-end=""144"" data-start=""115"">Compact and Travel-Friendly</li>
</ul>
<p><strong>Flavours: </strong></p>
<ul>
<li>Berry Blaze</li>
<li>Berry Blue Fusion</li>
<li>Blue Razz Blast</li>
<li>Blue Raspberry</li>
<li>Blueberry Cherry</li>
<li>Blueberry Lemonade</li>
<li>Cherry Lush</li>
<li>Fruit Bomb</li>
<li>Fusion Pop</li>
<li>Gum Blast</li>
<li>Ice Blue</li>
<li>Lemon Lime Cherry Fizz</li>
<li>Pineapple Kiwi</li>
<li>Raspberry Cherry</li>
<li>Rocky Candy Orange</li>
<li>Strawberry Cherry</li>
<li>Strawberry Watermelon</li>
<li>Summer Dream</li>
<li>Watermelon Cherry</li>
<li>Watermelon Kiwi</li>
</ul>",Tick Tock,Health & Beauty > Health Care > Medicine & Drugs > Smoking Cessation Aids,Smoking Products,"1mg, beverages, candy/sweets, fruity, ice, nicotine_pouches, parse_attributes_0, tobacco, traditional_nicotine",TRUE,Flavour,Blue Raspberry,,,,,,,,EC0150X0531,31.7514659,shopify,185,deny,manual,3.2,4,TRUE,TRUE,,,,,,https://cdn.shopify.com/s/files/1/0901/3696/9543/files/267289574.webp?v=1763946728,1,267289574.webp,FALSE,1mg Tick Tock Nicotine Candy - 12 Drops | Nicotine Pouches,"Buy Tick Tock Tick Tock Candy 1mg nicotine pouches. Tobacco-free, discreet pouches. Fast UK delivery, 18+ age verified.",Health & Beauty > Health Care > Medicine & Drugs,unisex,adult,EC0150X0531,new,FALSE,,,,,,,,,,,,,,,,,,,,,,,"tick tock, 1mg, 1 mg, nicotine pouches, nic pouches, tobacco free",,lb,,2,active
1mg-tick-tock-nicotine-candy-12-drops,,,,,,,,,Summer Dream,,,,,,,,EC0160X0531,31.7514659,shopify,195,deny,manual,3.2,4,TRUE,TRUE,,,,,,https://cdn.shopify.com/s/files/1/0901/3696/9543/files/267289575.webp?v=1763946728,2,267289575.webp,,,,,,,,,,,,,,,,,,,,,,,,,,,,,,,,,,lb,,2,
1mg-tick-tock-nicotine-candy-12-drops,,,,,,,,,Rocky Candy Orange,,,,,,,,EC0161X0531,31.7514659,shopify,191,deny,manual,3.2,4,TRUE,TRUE,,,,,,https://cdn.shopify.com/s/files/1/0901/3696/9543/files/267289576.webp?v=1763946728,3,267289576.webp,,,,,,,,,,,,,,,,,,,,,,,,,,,,,,,,,,lb,,2,
1mg-tick-tock-nicotine-candy-12-drops,,,,,,,,,Strawberry Watermelon,,,,,,,,EC0165X0531,31.7514659,shopify,393,deny,manual,3.2,4,TRUE,TRUE,,,,,,https://cdn.shopify.com/s/files/1/0901/3696/9543/files/267289577.webp?v=1763946729,4,267289577.webp,,,,,,,,,,,,,,,,,,,,,,,,,,,,,,,,,,lb,,2,
1mg-tick-tock-nicotine-candy-12-drops,,,,,,,,,Blueberry Lemonade,,,,,,,,EC0151X0531,31.7514659,shopify,194,deny,manual,3.2,4,TRUE,TRUE,,,,,,https://cdn.shopify.com/s/files/1/0901/3696/9543/files/267289578.webp?v=1763946730,5,267289578.webp,,,,,,,,,,,,,,,,,,,,,,,,,,,,,,,,,,lb,,2,
1mg-tick-tock-nicotine-candy-12-drops,,,,,,,,,Watermelon Cherry,,,,,,,,EC0163X0531,31.7514659,shopify,189,deny,manual,3.2,4,TRUE,TRUE,,,,,,https://cdn.shopify.com/s/files/1/0901/3696/9543/files/267289579.webp?v=1763946729,6,267289579.webp,,,,,,,,,,,,,,,,,,,,,,,,,,,,,,,,,,lb,,2,
1mg-tick-tock-nicotine-candy-12-drops,,,,,,,,,Lemon Lime Cherry Fizz,,,,,,,,EC0157X0531,31.7514659,shopify,183,deny,manual,3.2,4,TRUE,TRUE,,,,,,https://cdn.shopify.com/s/files/1/0901/3696/9543/files/267289580.webp?v=1763946731,7,267289580.webp,,,,,,,,,,,,,,,,,,,,,,,,,,,,,,,,,,lb,,2,
1mg-tick-tock-nicotine-candy-12-drops,,,,,,,,,Pineapple Kiwi,,,,,,,,EC0158X0531,31.7514659,shopify,192,deny,manual,3.2,4,TRUE,TRUE,,,,,,https://cdn.shopify.com/s/files/1/0901/3696/9543/files/267289581.webp?v=1763946731,8,267289581.webp,,,,,,,,,,,,,,,,,,,,,,,,,,,,,,,,,,lb,,2,
1mg-tick-tock-nicotine-candy-12-drops,,,,,,,,,Cherry Lush,,,,,,,,EC0166X0531,31.7514659,shopify,196,deny,manual,3.2,4,TRUE,TRUE,,,,,,https://cdn.shopify.com/s/files/1/0901/3696/9543/files/267289582.webp?v=1763946731,9,267289582.webp,,,,,,,,,,,,,,,,,,,,,,,,,,,,,,,,,,lb,,2,
1mg-tick-tock-nicotine-candy-12-drops,,,,,,,,,Berry Blaze,,,,,,,,EC0155X0531,31.7514659,shopify,188,deny,manual,3.2,4,TRUE,TRUE,,,,,,https://cdn.shopify.com/s/files/1/0901/3696/9543/files/267289583.webp?v=1763946731,10,267289583.webp,,,,,,,,,,,,,,,,,,,,,,,,,,,,,,,,,,lb,,2,
1mg-tick-tock-nicotine-candy-12-drops,,,,,,,,,Raspberry Cherry,,,,,,,,EC0162X0531,31.7514659,shopify,191,deny,manual,3.2,4,TRUE,TRUE,,,,,,https://cdn.shopify.com/s/files/1/0901/3696/9543/files/267289584.webp?v=1763946732,11,267289584.webp,,,,,,,,,,,,,,,,,,,,,,,,,,,,,,,,,,lb,,2,
1mg-tick-tock-nicotine-candy-12-drops,,,,,,,,,Blue Razz Blast,,,,,,,,EC0154X0531,31.7514659,shopify,193,deny,manual,3.2,4,TRUE,TRUE,,,,,,https://cdn.shopify.com/s/files/1/0901/3696/9543/files/267289585.webp?v=1763946732,12,267289585.webp,,,,,,,,,,,,,,,,,,,,,,,,,,,,,,,,,,lb,,2,
1mg-tick-tock-nicotine-candy-12-drops,,,,,,,,,Gum Blast,,,,,,,,EC0164X0531,31.7514659,shopify,192,deny,manual,3.2,4,TRUE,TRUE,,,,,,https://cdn.shopify.com/s/files/1/0901/3696/9543/files/267289586.webp?v=1763946732,13,267289586.webp,,,,,,,,,,,,,,,,,,,,,,,,,,,,,,,,,,lb,,2,
1mg-tick-tock-nicotine-candy-12-drops,,,,,,,,,Blueberry Cherry,,,,,,,,EC0152X0531,31.7514659,shopify,196,deny,manual,3.2,4,TRUE,TRUE,,,,,,https://cdn.shopify.com/s/files/1/0901/3696/9543/files/267289587.webp?v=1763946733,14,267289587.webp,,,,,,,,,,,,,,,,,,,,,,,,,,,,,,,,,,lb,,2,
1mg-tick-tock-nicotine-candy-12-drops,,,,,,,,,Berry Blue Fusion,,,,,,,,EC0156X0531,31.7514659,shopify,194,deny,manual,3.2,4,TRUE,TRUE,,,,,,https://cdn.shopify.com/s/files/1/0901/3696/9543/files/267289588.webp?v=1763946733,15,267289588.webp,,,,,,,,,,,,,,,,,,,,,,,,,,,,,,,,,,lb,,2,
1mg-tick-tock-nicotine-candy-12-drops,,,,,,,,,Watermelon Kiwi,,,,,,,,EC0169X0531,31.7514659,shopify,191,deny,manual,3.2,4,TRUE,TRUE,,,,,,https://cdn.shopify.com/s/files/1/0901/3696/9543/files/267289589.webp?v=1763946734,16,267289589.webp,,,,,,,,,,,,,,,,,,,,,,,,,,,,,,,,,,lb,,2,
1mg-tick-tock-nicotine-candy-12-drops,,,,,,,,,Fusion Pop,,,,,,,,EC0159X0531,31.7514659,shopify,197,deny,manual,3.2,4,TRUE,TRUE,,,,,,https://cdn.shopify.com/s/files/1/0901/3696/9543/files/267289590.webp?v=1763946734,17,267289590.webp,,,,,,,,,,,,,,,,,,,,,,,,,,,,,,,,,,lb,,2,
1mg-tick-tock-nicotine-candy-12-drops,,,,,,,,,Strawberry Cherry,,,,,,,,EC0168X0531,31.7514659,shopify,192,deny,manual,3.2,4,TRUE,TRUE,,,,,,https://cdn.shopify.com/s/files/1/0901/3696/9543/files/267289591.webp?v=1763946734,18,267289591.webp,,,,,,,,,,,,,,,,,,,,,,,,,,,,,,,,,,lb,,2,
1mg-tick-tock-nicotine-candy-12-drops,,,,,,,,,Fruit Bomb,,,,,,,,EC0167X0531,31.7514659,shopify,188,deny,manual,3.2,4,TRUE,TRUE,,,,,,https://cdn.shopify.com/s/files/1/0901/3696/9543/files/267289592.webp?v=1763946735,19,267289592.webp,,,,,,,,,,,,,,,,,,,,,,,,,,,,,,,,,,lb,,2,
1mg-tick-tock-nicotine-candy-12-drops,,,,,,,,,Ice Blue,,,,,,,,EC0153X0531,31.7514659,shopify,189,deny,manual,3.2,4,TRUE,TRUE,,,,,,https://cdn.shopify.com/s/files/1/0901/3696/9543/files/267289593.webp?v=1763946735,20,267289593.webp,,,,,,,,,,,,,,,,,,,,,,,,,,,,,,,,,,lb,,2,
1mg-tick-tock-nicotine-candy-12-drops,,,,,,,,,,,,,,,,,,,,,,,,,,,,,,,,https://cdn.shopify.com/s/files/1/0901/3696/9543/files/267289594.webp?v=1763946735,21,267289594.webp,,,,,,,,,,,,,,,,,,,,,,,,,,,,,,,,,,,,,
8mg-nor-mini-nicotine-pouches-20-pouches,8mg NOR Mini Nicotine Pouches - 20 Pouches,"<p>The 8mg NOR Slim Nicotine Pouches offer a discreet and convenient nicotine experience without smoking or vaping. Each compact tin includes 20 slim pouches, designed to provide optimal comfort and discretion by fitting comfortably under the lip. These pouches deliver a consistent 8mg nicotine strength per pouch, making them a satisfying alternative for those seeking a smoke-free option. With a slim design that offers a barely noticeable feel, they are perfect for various social situations. NOR pouches are made with premium ingredients to provide a smooth and flavourful sensation, catering to those who appreciate quality and taste. They are ideal for on-the-go use, offering a clean and efficient way to enjoy nicotine without the drawbacks of traditional tobacco products. Whether you're an experienced nicotine user or looking for a smoking alternative, the 8mg NOR Slim Nicotine Pouches provide a reliable and enjoyable experience in a convenient 20-pouch package.<strong><br><br><br>Specifications:</strong></p>
<ul>
<li>Strength: 8mg/g<br>
</li>
<li>S2 Strength<br>
</li>
<li>Weight: 30g<br>
</li>
<li>Doses: 20 pouches<br>
</li>
<li>Slim Pouches <br><br><strong>Direction of Use: </strong>Place one pouch under your top or bottom lip. Position the pouch to the side of your lip for comfort. Remove after 30 to 60 minutes.</li>
</ul>
<p><strong>Flavours:  </strong></p>
<ul>
<li>Galdhøpiggen Mint  No.15 - Mint </li>
<li>Frosta | No.17 - Mynte</li>
</ul>
<!----><!---->",NOR,Health & Beauty > Health Care > Medicine & Drugs > Smoking Cessation Aids,Smoking Products,"8mg, ice, nic_salt, nic_strength=8, nicotine_pouches, parse_attributes_0, pouch, tobacco, traditional_nicotine",TRUE,Flavour,Galdhøpiggen - Mint,,,,,,,,EG0319X0359,31.7514659,shopify,0,deny,manual,4.8,6,TRUE,TRUE,,,,,,https://cdn.shopify.com/s/files/1/0901/3696/9543/files/267289707.webp?v=1763946718,1,267289707.webp,FALSE,8mg NOR Mini Nicotine Pouches - 20 Pouches,"Buy NOR NOR Mini 8mg nicotine pouches. Tobacco-free, discreet pouches. Fast UK delivery, 18+ age verified.",Health & Beauty > Health Care > Medicine & Drugs,unisex,adult,EG0319X0359,new,FALSE,,,,,,8mg,,,,,,,,,,,,,,,,,"nor, 8mg, 8 mg, nicotine pouches, nic pouches, tobacco free",https://cdn.shopify.com/s/files/1/0901/3696/9543/files/267289708.webp?v=1763946722,lb,,3,active
8mg-nor-mini-nicotine-pouches-20-pouches,,,,,,,,,Frosta - Mynte,,,,,,,,EG0321X0359,31.7514659,shopify,0,deny,manual,4.8,6,TRUE,TRUE,,,,,,https://cdn.shopify.com/s/files/1/0901/3696/9543/files/267289708.webp?v=1763946722,2,267289708.webp,,,,,,,,,,,,,,,,,,,,,,,,,,,,,,,,,https://cdn.shopify.com/s/files/1/0901/3696/9543/files/267289709.webp?v=1763946724,lb,,3,
8mg-nor-mini-nicotine-pouches-20-pouches,,,,,,,,,,,,,,,,,,,,,,,,,,,,,,,,https://cdn.shopify.com/s/files/1/0901/3696/9543/files/267289709.webp?v=1763946724,3,267289709.webp,,,,,,,,,,,,,,,,,,,,,,,,,,,,,,,,,,,,,
9mg-arctic7-ice-mint-slim-nicotine-pouches-20-pouches,9mg Arctic7 Ice Mint Slim Nicotine Pouches - 20 Pouches,"<p data-mce-fragment=""1"">Experience the refreshing flavour of Arctic7's 9mg Ice Mint Slim Nicotine Pouches, expertly crafted to enhance your nicotine consumption. Each slim pouch is packed with a burst of Icy Mint taste, offering a satisfying substitute for traditional smoking. This bundle includes 20 precisely-measured pouches for easy, portable use.<br data-mce-fragment=""1""><strong data-mce-fragment=""1""></strong></p>
<p data-mce-fragment=""1""><strong data-mce-fragment=""1"">Specifications:</strong><br data-mce-fragment=""1""></p>
<ul data-mce-fragment=""1"">
<li data-mce-fragment=""1"">Strength: 9mg Per Pouch</li>
<li data-mce-fragment=""1"">Doses: 20 pouches</li>
<li data-mce-fragment=""1"">Tobacco-free, smoke-free and vapour-free</li>
<li data-mce-fragment=""1"">Ice Mint Flavouring</li>
</ul>
<br data-mce-fragment=""1""><strong data-mce-fragment=""1"">Direction of Use:</strong> Place one pouch under your top or bottom lip. Position the pouch to the side of your lip for comfort. Remove after 30 to 60 minutes.",Artic7,Health & Beauty > Health Care > Medicine & Drugs > Smoking Cessation Aids,Smoking Products,"9mg, ice, nic_strength=9, nicotine_pouches, parse_attributes_0, pouch, tobacco, traditional_nicotine",TRUE,Title,Default Title,,,,,,,,EE0027X0499,18.1436948,shopify,0,deny,manual,4,5,TRUE,TRUE,,,,,5744000041384,https://cdn.shopify.com/s/files/1/0901/3696/9543/files/267289136.webp?v=1763946694,1,267289136.webp,FALSE,Artic7 9mg Arctic7 Ice Mint Slim Nicotine Pouches - 20 Po...,"Buy Artic7 Arctic7 Ice Mint 9mg nicotine pouches. Tobacco-free, discreet pouches. Fast UK delivery, 18+ age verified.",Health & Beauty > Health Care > Medicine & Drugs,unisex,adult,EE0027X0499,new,FALSE,,,,,,9mg,,,,,,,,,,,,,,,,,"artic7, 9mg, 9 mg, mint, ice, nicotine pouches, nic pouches, tobacco free",https://cdn.shopify.com/s/files/1/0901/3696/9543/files/267289136.webp?v=1763946694,lb,,2.5,active
velo-nicotine-pouches-past-best-before-date-various-strengths-flavours,Velo Nicotine Pouches: Past Best Before Date – Various Strengths & Flavours,"<p><span>The VELO Nicotine Pouches offer a clean, discreet, and tobacco-free way to enjoy nicotine with a variety of strengths, including 4mg, 6mg, 8mg, 10mg, 14mg, and 17mg. Each can contains 20 slim, soft pouches that fit comfortably under the lip, delivering a long-lasting and satisfying nicotine release without smoke, vapour, or odour. Designed for modern convenience, VELO pouches are perfect for users seeking a fresh and flexible alternative to traditional tobacco products. Whether you prefer a lighter touch or a strong nicotine hit, VELO ensures consistent quality and smooth satisfaction in every pouch.</span></p>
<p><span><strong>Please Note: This product is past its expiry date, ranging from 05.09.23 to 30.05.25.</strong></span></p>
<p><strong>Specifications:</strong></p>
<ul>
<li>Strength: 4mg / 8mg / 6mg / 10mg Per Pouch / 14mg / 17mg Per Gram <br>
</li>
<li>Doses: 20 pouches<br>
</li>
<li>Slim Pouch Design<br>
</li>
<li>Recyclable Packaging<br>
</li>
<li>Tobacco-free, smoke-free and vapour-free<br>
</li>
<li>Free From Harsh Chemicals<br>
</li>
<li>Long Lasting Flavour<br><strong></strong>
</li>
</ul>
<p><strong>Flavours:</strong></p>
<ul>
<li>4mg Mini Tropic Breeze (05.09.23)</li>
<li>6mg Mini Bright Spearmint </li>
<li>6mg Crispy Peppermint </li>
<li>6mg Royal Violet (29.09.23 / 30.10.23)</li>
<li>6mg Polar Mint (21.12.23)</li>
<li>8mg lime flame (10.11.23 / 17.06.24)</li>
<li>10mg Tropical Ice </li>
<li>10mg Watermelon Ice </li>
<li>10mg Strawberry Ice </li>
<li>10mg Minty Lemon </li>
<li>10mg Icy Watermelon </li>
<li>10mg Bright Spearmint </li>
<li>10mg Icy Berries (19.06.24)</li>
<li>10mg Crispy Peppermint (06.08.24 / 18.11.24)</li>
<li>10mg wintry Watermelon (18.06.24)</li>
<li>10mg Ruby Berry (10.06.24)</li>
<li>10mg Citrus Mint (18.11.23)</li>
<li>10mg Orange Ice (24.04.24)</li>
<li>10mg Tropical Mango (03.06.24)</li>
<li>10.9mg Cooling Storm (21.03.24)</li>
<li>10.9mg Peppermint Storm (18.07.24 / 18.08.24)</li>
<li>10.9mg Freeze (06.05.24)</li>
<li>11mg Peppermint Storm (04.09.24)</li>
<li>14mg wintery Watermelon </li>
<li>14mg Ultra Freeze (14.12.23 / 06.02.24)</li>
<li>14mg Freezing Peppermint (18.08.24)</li>
<li>14mg Peppermint Storm (18.08.24)</li>
<li>14mg Ruby Berry (30.05.24 / 20.06.24)</li>
<li>17mg Purple Grape </li>
<li>17mg Orange Spark (14.09.24)</li>
<li>17mg Ruby Berry </li>
<li>17mg Peppermint Storm (29.08.24)</li>
</ul>",Velo,Health & Beauty > Health Care > Medicine & Drugs > Smoking Cessation Aids,Smoking Products,"0mg, fruity, ice, nic_salt, nic_strength=11, nic_strength=4, nicotine_pouches, parse_attributes_0, pouch, tobacco, traditional_nicotine",TRUE,Flavour,14mg Freezing Peppermint,,,,,,,,ExpiredVELONicotinePouches14mgFreezingPeppermint,36.2873896,shopify,26,deny,manual,1.2,1.5,TRUE,TRUE,,,,,,,,,FALSE,Velo Nicotine Pouches: Past Best Before Date – Various St...,"Buy Velo nicotine pouches. Premium tobacco-free pouches. Fast UK delivery, 18+ age verified.",Health & Beauty > Health Care > Medicine & Drugs,unisex,adult,ExpiredVELONicotinePouches14mgFreezingPeppermint,new,FALSE,,,,,,,TRUE,,,,,,,,,,,,,,,,"velo, nicotine pouches, nic pouches, tobacco free",,lb,,0.75,active
velo-nicotine-pouches-past-best-before-date-various-strengths-flavours,,,,,,,,,14mg Peppermint Storm,,,,,,,,ExpiredVELONicotinePouches14mgPeppermintStorm,36.2873896,shopify,0,deny,manual,1.2,1.5,TRUE,TRUE,,,,,,,,,,,,,,,,,,,,,,,,,,,,,,,,,,,,,,,,,,lb,,0.75,
velo-nicotine-pouches-past-best-before-date-various-strengths-flavours,,,,,,,,,14mg Ruby Berry,,,,,,,,ExpiredVELONicotinePouches14mgRubyBerry,36.2873896,shopify,0,deny,manual,1.2,1.5,TRUE,TRUE,,,,,,,,,,,,,,,,,,,,,,,,,,,,,,,,,,,,,,,,,,lb,,0.75,
velo-nicotine-pouches-past-best-before-date-various-strengths-flavours,,,,,,,,,17mg Orange Spark,,,,,,,,ExpiredVELONicotinePouches17mgOrangeSpark,36.2873896,shopify,0,deny,manual,1.2,1.5,TRUE,TRUE,,,,,,,,,,,,,,,,,,,,,,,,,,,,,,,,,,,,,,,,,,lb,,0.75,
velo-nicotine-pouches-past-best-before-date-various-strengths-flavours,,,,,,,,,17mg Peppermint Storm,,,,,,,,ExpiredVELONicotinePouches17mgPeppermintStorm,36.2873896,shopify,0,deny,manual,1.2,1.5,TRUE,TRUE,,,,,,,,,,,,,,,,,,,,,,,,,,,,,,,,,,,,,,,,,,lb,,0.75,
velo-nicotine-pouches-past-best-before-date-various-strengths-flavours,,,,,,,,,17mg Ruby Berry,,,,,,,,ExpiredVELONicotinePouches17mgRubyBerry,36.2873896,shopify,0,deny,manual,1.2,1.5,TRUE,TRUE,,,,,,,,,,,,,,,,,,,,,,,,,,,,,,,,,,,,,,,,,,lb,,0.75,
velo-nicotine-pouches-past-best-before-date-various-strengths-flavours,,,,,,,,,6mg Polar Mint,,,,,,,,ExpiredVELONicotinePouches6mgPolarMint,36.2873896,shopify,0,deny,manual,1.2,1.5,TRUE,TRUE,,,,,,,,,,,,,,,,,,,,,,,,,,,,,,,,,,,,,,,,,,lb,,0.75,
velo-nicotine-pouches-past-best-before-date-various-strengths-flavours,,,,,,,,,6mg Mini Royal Violet,,,,,,,,ExpiredVELOMiniNicotinePouches6mgRoyalViolet,36.2873896,shopify,16,deny,manual,1.2,1.5,TRUE,TRUE,,,,,,,,,,,,,,,,,,,,,,,,,,,,,,,,,,,,,,,,,,lb,,0.75,
velo-nicotine-pouches-past-best-before-date-various-strengths-flavours,,,,,,,,,4mg Mini Tropic Breeze,,,,,,,,ExpiredVELOMiniNicotinePouches4mgTropicBreeze,36.2873896,shopify,56,deny,manual,1.2,1.5,TRUE,TRUE,,,,,,,,,,,,,,,,,,,,,,,,,,,,,,,,,,,,,,,,,,lb,,0.75,
velo-nicotine-pouches-past-best-before-date-various-strengths-flavours,,,,,,,,,14mg Ultra Freeze,,,,,,,,ExpiredVELONicotinePouches14mgUltraFreeze,36.2873896,shopify,0,deny,manual,1.2,1.5,TRUE,TRUE,,,,,,,,,,,,,,,,,,,,,,,,,,,,,,,,,,,,,,,,,,lb,,0.75,
velo-nicotine-pouches-past-best-before-date-various-strengths-flavours,,,,,,,,,8mg lime flame,,,,,,,,ExpiredVELONicotinePouches8mglimeflame,36.2873896,shopify,39,deny,manual,1.2,1.5,TRUE,TRUE,,,,,,,,,,,,,,,,,,,,,,,,,,,,,,,,,,,,,,,,,,lb,,0.75,
velo-nicotine-pouches-past-best-before-date-various-strengths-flavours,,,,,,,,,10mg Icy Berries,,,,,,,,ExpiredVELONicotinePouches10mgIcyBerries,36.2873896,shopify,0,deny,manual,1.2,1.5,TRUE,TRUE,,,,,,,,,,,,,,,,,,,,,,,,,,,,,,,,,,,,,,,,,,lb,,0.75,
velo-nicotine-pouches-past-best-before-date-various-strengths-flavours,,,,,,,,,10mg Crispy Peppermint,,,,,,,,ExpiredVELONicotinePouches10mgCrispyPeppermint,36.2873896,shopify,0,deny,manual,1.2,1.5,TRUE,TRUE,,,,,,,,,,,,,,,,,,,,,,,,,,,,,,,,,,,,,,,,,,lb,,0.75,
velo-nicotine-pouches-past-best-before-date-various-strengths-flavours,,,,,,,,,10mg wintry Watermelon,,,,,,,,ExpiredVELONicotinePouches10mgwintryWatermelon,36.2873896,shopify,0,deny,manual,1.2,1.5,TRUE,TRUE,,,,,,,,,,,,,,,,,,,,,,,,,,,,,,,,,,,,,,,,,,lb,,0.75,
velo-nicotine-pouches-past-best-before-date-various-strengths-flavours,,,,,,,,,10mg Ruby Berry,,,,,,,,ExpiredVELONicotinePouches10mgRubyBerry,36.2873896,shopify,302,deny,manual,1.2,1.5,TRUE,TRUE,,,,,,,,,,,,,,,,,,,,,,,,,,,,,,,,,,,,,,,,,,lb,,0.75,
velo-nicotine-pouches-past-best-before-date-various-strengths-flavours,,,,,,,,,10mg Bright Spearmint,,,,,,,,ExpiredVELONicotinePouches10mgBrightSpearmint,36.2873896,shopify,159,deny,manual,1.2,1.5,TRUE,TRUE,,,,,,,,,,,,,,,,,,,,,,,,,,,,,,,,,,,,,,,,,,lb,,0.75,
velo-nicotine-pouches-past-best-before-date-various-strengths-flavours,,,,,,,,,10mg Citrus Mint,,,,,,,,ExpiredVELONicotinePouches10mgCitrusMint,36.2873896,shopify,0,deny,manual,1.2,1.5,TRUE,TRUE,,,,,,,,,,,,,,,,,,,,,,,,,,,,,,,,,,,,,,,,,,lb,,0.75,
velo-nicotine-pouches-past-best-before-date-various-strengths-flavours,,,,,,,,,10mg Orange Ice,,,,,,,,ExpiredVELONicotinePouches10mgOrangeIce,36.2873896,shopify,74,deny,manual,1.2,1.5,TRUE,TRUE,,,,,,,,,,,,,,,,,,,,,,,,,,,,,,,,,,,,,,,,,,lb,,0.75,
velo-nicotine-pouches-past-best-before-date-various-strengths-flavours,,,,,,,,,10mg Minty Lemon,,,,,,,,ExpiredVELONicotinePouches10mgMintyLemon,36.2873896,shopify,25,deny,manual,1.2,1.5,TRUE,TRUE,,,,,,,,,,,,,,,,,,,,,,,,,,,,,,,,,,,,,,,,,,lb,,0.75,
velo-nicotine-pouches-past-best-before-date-various-strengths-flavours,,,,,,,,,10mg Tropical Mango,,,,,,,,ExpiredVELONicotinePouches10mgTropicalMango,36.2873896,shopify,145,deny,manual,1.2,1.5,TRUE,TRUE,,,,,,,,,,,,,,,,,,,,,,,,,,,,,,,,,,,,,,,,,,lb,,0.75,
velo-nicotine-pouches-past-best-before-date-various-strengths-flavours,,,,,,,,,10.9mg Cooling Storm,,,,,,,,ExpiredVELONicotinePouches109mgCoolingStorm,36.2873896,shopify,0,deny,manual,1.2,1.5,TRUE,TRUE,,,,,,,,,,,,,,,,,,,,,,,,,,,,,,,,,,,,,,,,,,lb,,0.75,
velo-nicotine-pouches-past-best-before-date-various-strengths-flavours,,,,,,,,,10.9mg Peppermint Storm,,,,,,,,ExpiredVELONicotinePouches109mgPeppermintStorm,36.2873896,shopify,0,deny,manual,1.2,1.5,TRUE,TRUE,,,,,,,,,,,,,,,,,,,,,,,,,,,,,,,,,,,,,,,,,,lb,,0.75,
velo-nicotine-pouches-past-best-before-date-various-strengths-flavours,,,,,,,,,10.9mg Freeze,,,,,,,,ExpiredVELONicotinePouches109mgFreeze,36.2873896,shopify,0,deny,manual,1.2,1.5,TRUE,TRUE,,,,,,,,,,,,,,,,,,,,,,,,,,,,,,,,,,,,,,,,,,lb,,0.75,
velo-nicotine-pouches-past-best-before-date-various-strengths-flavours,,,,,,,,,11mg Peppermint Storm,,,,,,,,ExpiredVELONicotinePouches11mgPeppermintStorm,36.2873896,shopify,113,deny,manual,1.2,1.5,TRUE,TRUE,,,,,,,,,,,,,,,,,,,,,,,,,,,,,,,,,,,,,,,,,,lb,,0.75,
10mg-clew-nicotine-pouches-20-pouches,10mg CLEW Nicotine Pouches - 20 Pouches,"<p><span>CLEW Nicotine Pouches in 10mg strength offer a modern, tobacco-free alternative for those seeking a clean and convenient nicotine experience. Each can contains 20 slim, discreet pouches designed for comfortable placement under the upper lip, delivering a smooth and steady release of nicotine throughout the day. These pouches are formulated with pharmaceutical-grade nicotine and premium flavourings, ensuring a gratifying sensation with every use.</span></p>
<p><strong>Specifications:</strong></p>
<ul>
<li><span>Nicotine Strength: 10mg</span></li>
<li><span>20 Pouches</span></li>
<li><span>Tobacco Free</span></li>
</ul>
<p><strong>Flavours:</strong></p>
<ul>
<li><span>Blueberry</span></li>
<li><span>Cool Mint</span></li>
<li><span>Menthol</span></li>
<li><span>Spearmint</span></li>
<li><span>Watermelon</span></li>
<li><span>Wintergreen</span></li>
<li><span>Coffee</span></li>
<li>
<span>Citrus</span><span></span>
</li>
</ul>",CLEW,Health & Beauty > Health Care > Medicine & Drugs > Smoking Cessation Aids,Smoking Products,"0mg, beverages, fruity, ice, nic_salt, nic_strength=10, nicotine_pouches, parse_attributes_0, pouch",TRUE,Flavour,Menthol,,,,,,,,EI0366X0532,31.7514659,shopify,197,deny,manual,2.8,3.5,TRUE,TRUE,,,,,,https://cdn.shopify.com/s/files/1/0901/3696/9543/files/267289454.webp?v=1763946506,1,267289454.webp,FALSE,10mg CLEW Nicotine Pouches - 20 Pouches,"Buy CLEW CLEW 10mg nicotine pouches. Tobacco-free, discreet pouches. Fast UK delivery, 18+ age verified.",Health & Beauty > Health Care > Medicine & Drugs,unisex,adult,EI0366X0532,new,FALSE,,,,,,,,,,,,,,,,,,,,,,,"clew, 10mg, 10 mg, nicotine pouches, nic pouches, tobacco free",,lb,,1.75,active
10mg-clew-nicotine-pouches-20-pouches,,,,,,,,,Blueberry,,,,,,,,EI0342X0532,31.7514659,shopify,190,deny,manual,2.8,3.5,TRUE,TRUE,,,,,,https://cdn.shopify.com/s/files/1/0901/3696/9543/files/267289455.webp?v=1763946506,2,267289455.webp,,,,,,,,,,,,,,,,,,,,,,,,,,,,,,,,,,lb,,1.75,
10mg-clew-nicotine-pouches-20-pouches,,,,,,,,,Watermelon,,,,,,,,EI0347X0532,31.7514659,shopify,190,deny,manual,2.8,3.5,TRUE,TRUE,,,,,,https://cdn.shopify.com/s/files/1/0901/3696/9543/files/267289456.webp?v=1763946506,3,267289456.webp,,,,,,,,,,,,,,,,,,,,,,,,,,,,,,,,,,lb,,1.75,
10mg-clew-nicotine-pouches-20-pouches,,,,,,,,,Spearmint,,,,,,,,EI0346X0532,31.7514659,shopify,127,deny,manual,2.8,3.5,TRUE,TRUE,,,,,,https://cdn.shopify.com/s/files/1/0901/3696/9543/files/267289457.webp?v=1763946507,4,267289457.webp,,,,,,,,,,,,,,,,,,,,,,,,,,,,,,,,,,lb,,1.75,
10mg-clew-nicotine-pouches-20-pouches,,,,,,,,,Coffee,,,,,,,,EI0344X0532,31.7514659,shopify,198,deny,manual,2.8,3.5,TRUE,TRUE,,,,,,https://cdn.shopify.com/s/files/1/0901/3696/9543/files/267289458.webp?v=1763946507,5,267289458.webp,,,,,,,,,,,,,,,,,,,,,,,,,,,,,,,,,,lb,,1.75,
10mg-clew-nicotine-pouches-20-pouches,,,,,,,,,Cool Mint,,,,,,,,EI0345X0532,31.7514659,shopify,185,deny,manual,2.8,3.5,TRUE,TRUE,,,,,,https://cdn.shopify.com/s/files/1/0901/3696/9543/files/267289459.webp?v=1763946509,6,267289459.webp,,,,,,,,,,,,,,,,,,,,,,,,,,,,,,,,,,lb,,1.75,
10mg-clew-nicotine-pouches-20-pouches,,,,,,,,,Citrus,,,,,,,,EI0343X0532,31.7514659,shopify,191,deny,manual,2.8,3.5,TRUE,TRUE,,,,,,https://cdn.shopify.com/s/files/1/0901/3696/9543/files/267289460.webp?v=1763946508,7,267289460.webp,,,,,,,,,,,,,,,,,,,,,,,,,,,,,,,,,,lb,,1.75,
10mg-clew-nicotine-pouches-20-pouches,,,,,,,,,Wintergreen,,,,,,,,EI0348X0532,31.7514659,shopify,197,deny,manual,2.8,3.5,TRUE,TRUE,,,,,,https://cdn.shopify.com/s/files/1/0901/3696/9543/files/267289461.webp?v=1763946509,8,267289461.webp,,,,,,,,,,,,,,,,,,,,,,,,,,,,,,,,,,lb,,1.75,
10mg-clew-nicotine-pouches-20-pouches,,,,,,,,,,,,,,,,,,,,,,,,,,,,,,,,https://cdn.shopify.com/s/files/1/0901/3696/9543/files/267289462.webp?v=1763946508,9,267289462.webp,,,,,,,,,,,,,,,,,,,,,,,,,,,,,,,,,,,,,
14mg-nor-slim-nicotine-pouches-20-pouches,14mg NOR Slim Nicotine Pouches - 20 Pouches,"<p>Indulge in a discreet and satisfying nicotine experience with 14mg NOR Slim Nicotine Pouches. Each canister contains 20 slim, tobacco-free pouches that are carefully crafted to deliver a smooth and consistent release of nicotine. Designed for convenience and ease of use, these pouches fit comfortably under your lip and provide a clean and smoke-free alternative to traditional nicotine products. The 14mg strength offers a robust and fulfilling experience, catering to both experienced users and those looking to gradually reduce their nicotine intake. With NOR Slim Nicotine Pouches, enjoy the freedom of a mess-free, odorless option that can be used anytime, anywhere without sacrificing satisfaction. Elevate your nicotine routine with the sleek and modern solution offered by NOR, perfect for those seeking a high-quality, on-the-go alternative.<strong><br><br><br>Specifications:</strong></p>
<ul>
<li>Strength: 14mg/g<br>
</li>
<li>S4 Strength<br>
</li>
<li>Weight: 30g<br>
</li>
<li>Doses: 20 pouches<br>
</li>
<li>Slim Pouches <br><br><strong>Direction of Use: </strong>Place one pouch under your top or bottom lip. Position the pouch to the side of your lip for comfort. Remove after 30 to 60 minutes.</li>
</ul>
<p><strong>Flavours:  <br></strong></p>
<ul>
<li>Lyngen | Slim | No.9 - Lemon Ice Tea <br>
</li>
<li>Glittertind | Slim | No.12 - Ice Mint <strong><br></strong>
</li>
</ul>
<!----><!---->",NOR,Health & Beauty > Health Care > Medicine & Drugs > Smoking Cessation Aids,Smoking Products,"14mg, beverages, fruity, ice, nic_salt, nic_strength=14, nicotine_pouches, parse_attributes_0, pouch, traditional_nicotine",TRUE,Flavour,Glittertind - Ice Mint,,,,,,,,EG0316X0359,31.7514659,shopify,0,deny,manual,4.8,6,TRUE,TRUE,,,,,,https://cdn.shopify.com/s/files/1/0901/3696/9543/files/267289897.webp?v=1763946403,1,267289897.webp,FALSE,14mg NOR Slim Nicotine Pouches - 20 Pouches,"Buy NOR NOR 14mg nicotine pouches. Tobacco-free, discreet pouches. Fast UK delivery, 18+ age verified.",Health & Beauty > Health Care > Medicine & Drugs,unisex,adult,EG0316X0359,new,FALSE,,,,,,,,,,,,,,,,,,,,,,,"nor, 14mg, 14 mg, nicotine pouches, nic pouches, tobacco free",https://cdn.shopify.com/s/files/1/0901/3696/9543/files/267289899.webp?v=1763946408,lb,,3,active
14mg-nor-slim-nicotine-pouches-20-pouches,,,,,,,,,Lyngen - Lemon Ice Tea,,,,,,,,EG0313X0359,31.7514659,shopify,0,deny,manual,4.8,6,TRUE,TRUE,,,,,,https://cdn.shopify.com/s/files/1/0901/3696/9543/files/267289898.webp?v=1763946407,2,267289898.webp,,,,,,,,,,,,,,,,,,,,,,,,,,,,,,,,,https://cdn.shopify.com/s/files/1/0901/3696/9543/files/267289898.webp?v=1763946407,lb,,3,
14mg-nor-slim-nicotine-pouches-20-pouches,,,,,,,,,,,,,,,,,,,,,,,,,,,,,,,,https://cdn.shopify.com/s/files/1/0901/3696/9543/files/267289899.webp?v=1763946408,3,267289899.webp,,,,,,,,,,,,,,,,,,,,,,,,,,,,,,,,,,,,,
6mg-camo-nicotine-pouches-20-pouches,6mg Camo Nicotine Pouches - 20 Pouches,"<p>Experience discreet and satisfying nicotine enjoyment with Camo Nicotine Pouches. This pack contains 20 pouches, each delivering a mild 6mg nicotine strength for a smooth and controlled experience. Camo's tobacco-free, smoke-free, and vapor-free pouches offer a convenient alternative to traditional nicotine products, perfect for use in any setting. Place a pouch between your gum and lip to enjoy a subtle, long-lasting nicotine release. These slim-sized pouches fit comfortably and discreetly under your lip, allowing for unobtrusive use throughout the day. Whether you're looking to reduce your tobacco intake or seeking a cleaner nicotine alternative, Camo Nicotine Pouches provide a refreshing and satisfying option. Embrace the freedom of nicotine enjoyment without the drawbacks of smoking or vaping, and discover why Camo is becoming a popular choice among nicotine enthusiasts.<strong><br><br>Specifications:</strong></p>
<ul>
<li>Strength: 6 mg/g<br>
</li>
<li>Strong Strength<br>
</li>
<li>Weight: 30g<br>
</li>
<li>Doses: 20 pouches</li>
<li>Slim Pouches </li>
</ul>
<p><strong>Direction of Use: </strong>Place one pouch under your top or bottom lip. Position the pouch to the side of your lip for comfort. Remove after 30 to 60 minutes.</p>
<p><strong>Flavours:</strong>  <br></p>
<ul>
<li>Orange Bubblegum <br>
</li>
<li>Green Apple <br>
</li>
<li>Ice Cold Mint <br>
</li>
<li>Peppermint <br>
</li>
<li>Spice Citrus <br>
</li>
<li>Wild Mint <br><br>
</li>
</ul>
<!----><!---->",Camo,Health & Beauty > Health Care > Medicine & Drugs > Smoking Cessation Aids,Smoking Products,"6mg, candy/sweets, fruity, ice, nic_salt, nic_strength=6, nicotine_pouches, parse_attributes_0, pouch, spices_&_herbs, traditional_nicotine",TRUE,Flavour,Green Apple,,,,,,,,EG0226Z0145,31.7514659,shopify,0,deny,manual,2.4,3,TRUE,TRUE,,,,,4779056490627,https://cdn.shopify.com/s/files/1/0901/3696/9543/files/267289879.webp?v=1763945906,1,267289879.webp,FALSE,6mg Camo Nicotine Pouches - 20 Pouches,"Buy Camo Camo 6mg nicotine pouches. Tobacco-free, discreet pouches. Fast UK delivery, 18+ age verified.",Health & Beauty > Health Care > Medicine & Drugs,unisex,adult,EG0226Z0145,new,FALSE,,,,,,6mg,,,,,,,,,,,,,,,,,"camo, 6mg, 6 mg, nicotine pouches, nic pouches, tobacco free",https://cdn.shopify.com/s/files/1/0901/3696/9543/files/267289881.webp?v=1763945916,lb,,1.5,active
6mg-camo-nicotine-pouches-20-pouches,,,,,,,,,Peppermint,,,,,,,,EG0228Z0145,31.7514659,shopify,0,deny,manual,2.4,3,TRUE,TRUE,,,,,4779056490580,https://cdn.shopify.com/s/files/1/0901/3696/9543/files/267289880.webp?v=1763945919,2,267289880.webp,,,,,,,,,,,,,,,,,,,,,,,,,,,,,,,,,https://cdn.shopify.com/s/files/1/0901/3696/9543/files/267289883.webp?v=1763945915,lb,,1.5,
6mg-camo-nicotine-pouches-20-pouches,,,,,,,,,Orange Bubblegum,,,,,,,,EG0225Z0145,31.7514659,shopify,0,deny,manual,2.4,3,TRUE,TRUE,,,,,4779056490610,https://cdn.shopify.com/s/files/1/0901/3696/9543/files/267289881.webp?v=1763945916,3,267289881.webp,,,,,,,,,,,,,,,,,,,,,,,,,,,,,,,,,https://cdn.shopify.com/s/files/1/0901/3696/9543/files/267289880.webp?v=1763945919,lb,,1.5,
6mg-camo-nicotine-pouches-20-pouches,,,,,,,,,Ice Cold Mint,,,,,,,,EG0227Z0145,31.7514659,shopify,0,deny,manual,2.4,3,TRUE,TRUE,,,,,4779056490634,https://cdn.shopify.com/s/files/1/0901/3696/9543/files/267289882.webp?v=1763945913,4,267289882.webp,,,,,,,,,,,,,,,,,,,,,,,,,,,,,,,,,https://cdn.shopify.com/s/files/1/0901/3696/9543/files/267289882.webp?v=1763945913,lb,,1.5,
6mg-camo-nicotine-pouches-20-pouches,,,,,,,,,Spice Citrus,,,,,,,,EG0229Z0145,31.7514659,shopify,0,deny,manual,2.4,3,TRUE,TRUE,,,,,4779056490597,https://cdn.shopify.com/s/files/1/0901/3696/9543/files/267289883.webp?v=1763945915,5,267289883.webp,,,,,,,,,,,,,,,,,,,,,,,,,,,,,,,,,https://cdn.shopify.com/s/files/1/0901/3696/9543/files/267289884.webp?v=1763945918,lb,,1.5,
6mg-camo-nicotine-pouches-20-pouches,,,,,,,,,WIld Mint,,,,,,,,EG0230Z0145,31.7514659,shopify,0,deny,manual,2.4,3,TRUE,TRUE,,,,,4779056490603,https://cdn.shopify.com/s/files/1/0901/3696/9543/files/267289884.webp?v=1763945918,6,267289884.webp,,,,,,,,,,,,,,,,,,,,,,,,,,,,,,,,,https://cdn.shopify.com/s/files/1/0901/3696/9543/files/267289885.webp?v=1763945911,lb,,1.5,
6mg-camo-nicotine-pouches-20-pouches,,,,,,,,,,,,,,,,,,,,,,,,,,,,,,,,https://cdn.shopify.com/s/files/1/0901/3696/9543/files/267289885.webp?v=1763945911,7,267289885.webp,,,,,,,,,,,,,,,,,,,,,,,,,,,,,,,,,,,,,
zeus-50mg-extra-strong-nicotine-pouches-20-pouches,Zeus 50mg Extra Strong Nicotine Pouches - 20 Pouches,"<p>Experience the pinnacle of nicotine satisfaction with Zeus 50mg Extra Strong Nicotine Pouches. This pack contains 20 slim pouches, each delivering a powerful 50mg nicotine hit, making it perfect for those seeking an intense and robust experience. Crafted with precision and high-quality ingredients, these pouches offer a tobacco-free alternative that ensures a clean and potent nicotine release. Simply place a pouch between your gum and lip to enjoy a long-lasting and discreet nicotine boost without the need for smoking or vaping. Ideal for experienced users who demand high nicotine content, Zeus 50mg Extra Strong Nicotine Pouches provide an exceptional solution that combines strength with convenience. Embrace the power of Zeus and elevate your nicotine experience to new heights with these expertly designed pouches.<strong><br><br>Specifications:</strong></p>
<ul>
<li>Strength: 50mg Per Gram <br>
</li>
<li>Danger Strong Strength<br>
</li>
<li>No Tobacco <br>
</li>
<li>Slim Pouch <br>
</li>
<li>Weight: 30g</li>
<li>Doses: 20 pouches</li>
</ul>
<p><br><strong>Direction of Use:<span> </span></strong>Place one pouch under your top or bottom lip. Position the pouch to the side of your lip for comfort. Remove after 30 to 60 minutes.</p>
<p><strong>Flavour: </strong></p>
<ul>
<li>Tropical Burst </li>
<li>True North </li>
<li>Frozen Citrus </li>
<li>Arctic Freeze </li>
<li>Arctic Blossom </li>
<li>Mint Rage </li>
</ul>
<!----><!---->",Zeus,Health & Beauty > Health Care > Medicine & Drugs > Smoking Cessation Aids,Smoking Products,"0mg, fruity, ice, nic_strength=50, nicotine_pouches, parse_attributes_0, pouch, tobacco",TRUE,Flavour,True North,,,,,,,,EH0175Z0151,31.7514659,shopify,0,deny,manual,3.2,4,TRUE,TRUE,,,,,,https://cdn.shopify.com/s/files/1/0901/3696/9543/files/267289635.webp?v=1763945808,1,267289635.webp,FALSE,Zeus 50mg Extra Strong Nicotine Pouches - 20 Pouches,"Buy Zeus Zeus Extra Strong 50mg nicotine pouches. Tobacco-free, discreet pouches. Fast UK delivery, 18+ age verified.",Health & Beauty > Health Care > Medicine & Drugs,unisex,adult,EH0175Z0151,new,FALSE,,,,,,50mg,,,,,,,,,,,,,,,,,"zeus, 50mg, 50 mg, nicotine pouches, nic pouches, tobacco free",https://cdn.shopify.com/s/files/1/0901/3696/9543/files/267289637.webp?v=1763945818,lb,,2,active
zeus-50mg-extra-strong-nicotine-pouches-20-pouches,,,,,,,,,Arctic Freeze,,,,,,,,EH0177Z0151,31.7514659,shopify,0,deny,manual,3.2,4,TRUE,TRUE,,,,,,https://cdn.shopify.com/s/files/1/0901/3696/9543/files/267289636.webp?v=1763945816,2,267289636.webp,,,,,,,,,,,,,,,,,,,,,,,,,,,,,,,,,https://cdn.shopify.com/s/files/1/0901/3696/9543/files/267289639.webp?v=1763945820,lb,,2,
zeus-50mg-extra-strong-nicotine-pouches-20-pouches,,,,,,,,,Frozen Citrus,,,,,,,,EH0176Z0151,31.7514659,shopify,0,deny,manual,3.2,4,TRUE,TRUE,,,,,,https://cdn.shopify.com/s/files/1/0901/3696/9543/files/267289637.webp?v=1763945818,3,267289637.webp,,,,,,,,,,,,,,,,,,,,,,,,,,,,,,,,,https://cdn.shopify.com/s/files/1/0901/3696/9543/files/267289638.webp?v=1763945821,lb,,2,
zeus-50mg-extra-strong-nicotine-pouches-20-pouches,,,,,,,,,Mint Rage,,,,,,,,EH0179Z0151,31.7514659,shopify,0,deny,manual,3.2,4,TRUE,TRUE,,,,,,https://cdn.shopify.com/s/files/1/0901/3696/9543/files/267289638.webp?v=1763945821,4,267289638.webp,,,,,,,,,,,,,,,,,,,,,,,,,,,,,,,,,https://cdn.shopify.com/s/files/1/0901/3696/9543/files/267289641.webp?v=1763945813,lb,,2,
zeus-50mg-extra-strong-nicotine-pouches-20-pouches,,,,,,,,,Cherry Blossom,,,,,,,,EH0178Z0151,31.7514659,shopify,0,deny,manual,3.2,4,TRUE,TRUE,,,,,,https://cdn.shopify.com/s/files/1/0901/3696/9543/files/267289639.webp?v=1763945820,5,267289639.webp,,,,,,,,,,,,,,,,,,,,,,,,,,,,,,,,,https://cdn.shopify.com/s/files/1/0901/3696/9543/files/267289640.webp?v=1763945815,lb,,2,
zeus-50mg-extra-strong-nicotine-pouches-20-pouches,,,,,,,,,Tropical Burst,,,,,,,,EH0174Z0151,31.7514659,shopify,0,deny,manual,3.2,4,TRUE,TRUE,,,,,,https://cdn.shopify.com/s/files/1/0901/3696/9543/files/267289640.webp?v=1763945815,6,267289640.webp,,,,,,,,,,,,,,,,,,,,,,,,,,,,,,,,,https://cdn.shopify.com/s/files/1/0901/3696/9543/files/267289636.webp?v=1763945816,lb,,2,
zeus-50mg-extra-strong-nicotine-pouches-20-pouches,,,,,,,,,,,,,,,,,,,,,,,,,,,,,,,,https://cdn.shopify.com/s/files/1/0901/3696/9543/files/267289641.webp?v=1763945813,7,267289641.webp,,,,,,,,,,,,,,,,,,,,,,,,,,,,,,,,,,,,,
6mg-ubbs-spearmint-regular-strength-nicotine-pouches-20-pouches,6mg Übbs Spearmint Regular Strength Nicotine Pouches - 20 Pouches,"<p data-mce-fragment=""1"">The Übbs Nicotine Pouches in 6mg strength offer a convenient and discreet way to enjoy nicotine without tobacco. Each pack contains 20 pouches that dissolve quickly in the mouth, providing a satisfying nicotine hit without smoke or unpleasant odours. These pouches are designed to offer a clean and enjoyable alternative to traditional tobacco products, making them perfect for those seeking a refreshing burst of flavour. With a focus on convenience and a wide range of flavours, Übbs Nicotine Pouches are an ideal choice for individuals looking for a new nicotine experience without the need for smoking or vaping.<br data-mce-fragment=""1""><br data-mce-fragment=""1""><strong data-mce-fragment=""1"">Specifications:</strong><br data-mce-fragment=""1""></p>
<ul data-mce-fragment=""1"">
<li data-mce-fragment=""1"">Strength: 6 mg/g</li>
<li data-mce-fragment=""1"">Regular Strength </li>
<li data-mce-fragment=""1"">Weight: 30g</li>
<li data-mce-fragment=""1"">Doses: 20 pouches</li>
</ul>
<p data-mce-fragment=""1""><strong data-mce-fragment=""1"">Direction of Use:</strong><span data-mce-fragment=""1""> </span>Place one pouch under your top or bottom lip. Position the pouch to the side of your lip for comfort. Remove after 30 to 60 minutes. <br data-mce-fragment=""1""><br data-mce-fragment=""1""><strong data-mce-fragment=""1"">Flavour: <br data-mce-fragment=""1""></strong></p>
<ul data-mce-fragment=""1"">
<li data-mce-fragment=""1"">Spearmint </li>
</ul>",Übbs,Health & Beauty > Health Care > Medicine & Drugs > Smoking Cessation Aids,Smoking Products,"6mg, nic_strength=6, nicotine_pouches, parse_attributes_0, pouch, tobacco, traditional_nicotine",TRUE,Title,Default Title,,,,,,,,AJ0067X0467,31.7514659,shopify,60,deny,manual,4,5,TRUE,TRUE,,,,,8904415400337,https://cdn.shopify.com/s/files/1/0901/3696/9543/files/267288879.webp?v=1763945752,1,267288879.webp,FALSE,6mg Übbs Spearmint Regular Strength Nicotine Pouches - 20...,"Buy Übbs Übbs Spearmint Regular 6mg nicotine pouches. Tobacco-free, discreet pouches. Fast UK delivery, 18+ age verified.",Health & Beauty > Health Care > Medicine & Drugs,unisex,adult,AJ0067X0467,new,FALSE,,,,,,6mg,,,,,,,,,,,,,,,,,"übbs, 6mg, 6 mg, mint, spearmint, nicotine pouches, nic pouches, tobacco free",https://cdn.shopify.com/s/files/1/0901/3696/9543/files/267288879.webp?v=1763945752,lb,,2.5,active
6mg-ghost-light-nicotine-pouches-20-pouches,6mg Ghost Light Nicotine Pouches - 20 Pouches,"<p>Introducing the 6mg Ghost Nicotine Pouches, a premium tobacco-free alternative that offers a discreet and satisfying nicotine experience. Each pack contains 20 carefully crafted pouches, designed to deliver a consistent and enjoyable nicotine hit. With a mild strength of 6mg, these pouches are perfect for those seeking a lighter nicotine option or for users transitioning from traditional tobacco products. Ghost Nicotine Pouches are known for their high-quality ingredients, including 99% pure liquid nicotine, ensuring a clean and smooth sensation under the lip. Available in a variety of enticing flavours such as zesty Citrus, tropical Mango, and more, these pouches cater to diverse taste preferences while maintaining a balanced nicotine delivery. The slim and comfortable design of each pouch allows for easy, discreet use in any setting, making them an ideal choice for those looking to enjoy nicotine without the need for smoking or vaping. Experience the convenience and satisfaction of Ghost Nicotine Pouches, a modern solution for nicotine users seeking a cleaner, more versatile alternative.<br><br><br><strong data-mce-fragment=""1"">Specifications:</strong><br data-mce-fragment=""1""></p>
<ul data-mce-fragment=""1"">
<li data-mce-fragment=""1"">Strength: 6mg Per Pouch </li>
<li data-mce-fragment=""1"">Weight: 30g</li>
<li data-mce-fragment=""1"">Doses: 20 pouches</li>
<li data-mce-fragment=""1"">99% Pure Liquid Nicotine</li>
<li data-mce-fragment=""1"">Manufactured by Vapes Bars</li>
<li data-mce-fragment=""1"">Tobacco Free</li>
</ul>
<p><br data-mce-fragment=""1""><strong data-mce-fragment=""1"">Direction of Use:</strong><span data-mce-fragment=""1""> Place one pouch under your top or bottom lip. Position the pouch to the side of your lip for comfort. Remove after 30 to 60 minutes.</span><br data-mce-fragment=""1""><br data-mce-fragment=""1""><strong data-mce-fragment=""1"">Flavour:</strong><br data-mce-fragment=""1""></p>
<ul data-mce-fragment=""1"">
<li data-mce-fragment=""1"">Spearmint </li>
<li data-mce-fragment=""1"">Freeze </li>
<li data-mce-fragment=""1"">Mango </li>
<li data-mce-fragment=""1"">Blueberry Ice </li>
<li data-mce-fragment=""1"">Ice Spearmint </li>
<li data-mce-fragment=""1"">Citrus</li>
</ul>
<!----><!---->",Ghost,Health & Beauty > Health Care > Medicine & Drugs > Smoking Cessation Aids,Smoking Products,"6mg, fruity, ice, nic_salt, nic_strength=6, nicotine_pouches, parse_attributes_0, pouch, traditional_nicotine",TRUE,Flavour,Mango,,,,,,,,EH0028X0308,31.7514659,shopify,135,deny,manual,2.88,3.6,TRUE,TRUE,,,,,,https://cdn.shopify.com/s/files/1/0901/3696/9543/files/267289850.webp?v=1763945735,1,267289850.webp,FALSE,6mg Ghost Light Nicotine Pouches - 20 Pouches,"Buy Ghost Ghost Light 6mg nicotine pouches. Tobacco-free, discreet pouches. Fast UK delivery, 18+ age verified.",Health & Beauty > Health Care > Medicine & Drugs,unisex,adult,EH0028X0308,new,FALSE,,,,,,6mg,,,,,,,,,,,,,,,,,"ghost, 6mg, 6 mg, nicotine pouches, nic pouches, tobacco free",https://cdn.shopify.com/s/files/1/0901/3696/9543/files/267289853.webp?v=1763945743,lb,,1.8,active
6mg-ghost-light-nicotine-pouches-20-pouches,,,,,,,,,Spearmint,,,,,,,,EH0026X0308,31.7514659,shopify,60,deny,manual,2.88,3.6,TRUE,TRUE,,,,,,https://cdn.shopify.com/s/files/1/0901/3696/9543/files/267289851.webp?v=1763945737,2,267289851.webp,,,,,,,,,,,,,,,,,,,,,,,,,,,,,,,,,https://cdn.shopify.com/s/files/1/0901/3696/9543/files/267289851.webp?v=1763945737,lb,,1.8,
6mg-ghost-light-nicotine-pouches-20-pouches,,,,,,,,,Blueberry Ice,,,,,,,,EH0029X0308,31.7514659,shopify,134,deny,manual,2.88,3.6,TRUE,TRUE,,,,,,https://cdn.shopify.com/s/files/1/0901/3696/9543/files/267289852.webp?v=1763945741,3,267289852.webp,,,,,,,,,,,,,,,,,,,,,,,,,,,,,,,,,https://cdn.shopify.com/s/files/1/0901/3696/9543/files/267289854.webp?v=1763945745,lb,,1.8,
6mg-ghost-light-nicotine-pouches-20-pouches,,,,,,,,,Citrus,,,,,,,,EH0031X0308,31.7514659,shopify,152,deny,manual,2.88,3.6,TRUE,TRUE,,,,,,https://cdn.shopify.com/s/files/1/0901/3696/9543/files/267289853.webp?v=1763945743,4,267289853.webp,,,,,,,,,,,,,,,,,,,,,,,,,,,,,,,,,https://cdn.shopify.com/s/files/1/0901/3696/9543/files/267289856.webp?v=1763945743,lb,,1.8,
6mg-ghost-light-nicotine-pouches-20-pouches,,,,,,,,,Ice Spearmint,,,,,,,,EH0030X0308,31.7514659,shopify,169,deny,manual,2.88,3.6,TRUE,TRUE,,,,,,https://cdn.shopify.com/s/files/1/0901/3696/9543/files/267289854.webp?v=1763945745,5,267289854.webp,,,,,,,,,,,,,,,,,,,,,,,,,,,,,,,,,https://cdn.shopify.com/s/files/1/0901/3696/9543/files/267289855.webp?v=1763945739,lb,,1.8,
6mg-ghost-light-nicotine-pouches-20-pouches,,,,,,,,,Freeze,,,,,,,,EH0027X0308,31.7514659,shopify,144,deny,manual,2.88,3.6,TRUE,TRUE,,,,,,https://cdn.shopify.com/s/files/1/0901/3696/9543/files/267289855.webp?v=1763945739,6,267289855.webp,,,,,,,,,,,,,,,,,,,,,,,,,,,,,,,,,https://cdn.shopify.com/s/files/1/0901/3696/9543/files/267289852.webp?v=1763945741,lb,,1.8,
6mg-ghost-light-nicotine-pouches-20-pouches,,,,,,,,,,,,,,,,,,,,,,,,,,,,,,,,https://cdn.shopify.com/s/files/1/0901/3696/9543/files/267289856.webp?v=1763945743,7,267289856.webp,,,,,,,,,,,,,,,,,,,,,,,,,,,,,,,,,,,,,
6mg-ubbs-cola-ice-regular-strength-nicotine-pouches-20-pouches,6mg Übbs Cola Ice Regular Strength Nicotine Pouches - 20 Pouches,"<p data-mce-fragment=""1"">The Übbs Nicotine Pouches in 6mg strength offer a convenient and discreet way to enjoy nicotine without tobacco. Each pack contains 20 pouches that dissolve quickly in the mouth, providing a satisfying nicotine hit without smoke or unpleasant odours. These pouches are designed to offer a clean and enjoyable alternative to traditional tobacco products, making them perfect for those seeking a refreshing burst of flavour. With a focus on convenience and a wide range of flavours, Übbs Nicotine Pouches are an ideal choice for individuals looking for a new nicotine experience without the need for smoking or vaping.<br data-mce-fragment=""1""><br data-mce-fragment=""1""><strong data-mce-fragment=""1"">Specifications:</strong><br data-mce-fragment=""1""></p>
<ul data-mce-fragment=""1"">
<li data-mce-fragment=""1"">Strength: 6 mg/g</li>
<li data-mce-fragment=""1"">Regular Strength </li>
<li data-mce-fragment=""1"">Weight: 30g</li>
<li data-mce-fragment=""1"">Doses: 20 pouches</li>
</ul>
<p data-mce-fragment=""1""><strong data-mce-fragment=""1"">Direction of Use:</strong><span data-mce-fragment=""1""> </span>Place one pouch under your top or bottom lip. Position the pouch to the side of your lip for comfort. Remove after 30 to 60 minutes. <br data-mce-fragment=""1""><br data-mce-fragment=""1""><strong data-mce-fragment=""1"">Flavour: <br data-mce-fragment=""1""></strong></p>
<ul data-mce-fragment=""1"">
<li data-mce-fragment=""1"">Cola Ice </li>
</ul>",Übbs,Health & Beauty > Health Care > Medicine & Drugs > Smoking Cessation Aids,Smoking Products,"6mg, ice, nic_strength=6, nicotine_pouches, parse_attributes_0, pouch, tobacco, traditional_nicotine",TRUE,Title,Default Title,,,,,,,,AJ0070X0467,31.7514659,shopify,58,deny,manual,4,5,TRUE,TRUE,,,,,18904415401317,https://cdn.shopify.com/s/files/1/0901/3696/9543/files/267289309.webp?v=1763944790,1,267289309.webp,FALSE,6mg Übbs Cola Ice Regular Strength Nicotine Pouches - 20 ...,"Buy Übbs Übbs Cola Ice 6mg nicotine pouches. Tobacco-free, discreet pouches. Fast UK delivery, 18+ age verified.",Health & Beauty > Health Care > Medicine & Drugs,unisex,adult,AJ0070X0467,new,FALSE,,,,,,6mg,,,,,,,,,,,,,,,,,"übbs, 6mg, 6 mg, cola, ice, nicotine pouches, nic pouches, tobacco free",https://cdn.shopify.com/s/files/1/0901/3696/9543/files/267289309.webp?v=1763944790,lb,,2.5,active
12mg-kingston-nicotine-pouches-20-pouches,12mg Kingston Nicotine Pouches - 20 Pouches,"<p>Kingston Nicotine Pouches offer a discreet and convenient way to enjoy nicotine without smoking or vaping. Each tin contains 20 pouches, providing a satisfying 12mg nicotine experience. Designed to be placed between the lip and gum, these pouches slowly release nicotine throughout the day. With several flavours to choose from, you can find the perfect one to suit your taste preferences. Whether you want to reduce cigarette consumption or are in a non-smoking area, Kingston Nicotine Pouches provide a nicotine alternative without the harmful effects of smoking.<br><br></p>
<p><strong data-mce-fragment=""1"">Specifications:</strong><br data-mce-fragment=""1""></p>
<ul>
<li data-mce-fragment=""1"">Strength: Mild 8mg Per Pouch  </li>
<li data-mce-fragment=""1"">Weight: 30g</li>
<li data-mce-fragment=""1"">Doses: 20 pouches</li>
</ul>
<p><strong data-mce-fragment=""1"">Direction of Use:</strong><span data-mce-fragment=""1""> Place one pouch under your top or bottom lip. Position the pouch to the side of your lip for comfort. Remove after 30 to 60 minutes.</span><br data-mce-fragment=""1""><br data-mce-fragment=""1""><strong data-mce-fragment=""1"">Flavour:</strong></p>
<ul>
<li>Blackcurrant Ice</li>
<li>Blue Raspberry Ice<br>
</li>
<li>Bubblegum Ice<br>
</li>
<li>Fresh Mint<br>
</li>
<li>Mango Melon Berries Ice<br>
</li>
<li>Lemon Citrus Ice<br>
</li>
<li>Minty Menthol<br>
</li>
<li>Strawberry Ice<br>
</li>
<li>Watermelon Ice<br>
</li>
<li>Zingberry<br>
</li>
<li>Grape Ice</li>
<li>Cherry Cola</li>
</ul>
<p> </p>",Kingston,Health & Beauty > Health Care > Medicine & Drugs > Smoking Cessation Aids,Smoking Products,"12mg, beverages, candy/sweets, fruity, ice, nic_strength=12, nicotine_pouches, parse_attributes_0, pouch",TRUE,Flavour,Cherry Cola,,,,,,,,AB0035X0256,31.7514659,shopify,8,deny,manual,3.6,4.5,TRUE,TRUE,,,,,,https://cdn.shopify.com/s/files/1/0901/3696/9543/files/267288887.webp?v=1763944542,1,267288887.webp,FALSE,12mg Kingston Nicotine Pouches - 20 Pouches,"Buy Kingston Kingston 12mg nicotine pouches. Tobacco-free, discreet pouches. Fast UK delivery, 18+ age verified.",Health & Beauty > Health Care > Medicine & Drugs,unisex,adult,AB0035X0256,new,FALSE,,,,,,,TRUE,,,,,,,,,,,,,,,,"kingston, 12mg, 12 mg, nicotine pouches, nic pouches, tobacco free",https://cdn.shopify.com/s/files/1/0901/3696/9543/files/267288899.webp?v=1763944552,lb,,2.25,active
12mg-kingston-nicotine-pouches-20-pouches,,,,,,,,,Strawberry Ice,,,,,,,,ED0235X0256,31.7514659,shopify,5,deny,manual,3.6,4.5,TRUE,TRUE,,,,,,https://cdn.shopify.com/s/files/1/0901/3696/9543/files/267288888.webp?v=1763944542,2,267288888.webp,,,,,,,,,,,,,,,,,,,,,,,,,,,,,,,,,,lb,,2.25,
12mg-kingston-nicotine-pouches-20-pouches,,,,,,,,,Fresh Mint,,,,,,,,ED0231X0256,31.7514659,shopify,0,deny,manual,3.6,4.5,TRUE,TRUE,,,,,,https://cdn.shopify.com/s/files/1/0901/3696/9543/files/267288889.webp?v=1763944543,3,267288889.webp,,,,,,,,,,,,,,,,,,,,,,,,,,,,,,,,,,lb,,2.25,
12mg-kingston-nicotine-pouches-20-pouches,,,,,,,,,Watermelon Ice,,,,,,,,ED0236X0256,31.7514659,shopify,0,deny,manual,3.6,4.5,TRUE,TRUE,,,,,,https://cdn.shopify.com/s/files/1/0901/3696/9543/files/267288890.webp?v=1763944543,4,267288890.webp,,,,,,,,,,,,,,,,,,,,,,,,,,,,,,,,,,lb,,2.25,
12mg-kingston-nicotine-pouches-20-pouches,,,,,,,,,Bubblegum Ice,,,,,,,,ED0230X0256,31.7514659,shopify,7,deny,manual,3.6,4.5,TRUE,TRUE,,,,,,https://cdn.shopify.com/s/files/1/0901/3696/9543/files/267288891.webp?v=1763944544,5,267288891.webp,,,,,,,,,,,,,,,,,,,,,,,,,,,,,,,,,,lb,,2.25,
12mg-kingston-nicotine-pouches-20-pouches,,,,,,,,,Blackcurrant Ice,,,,,,,,ED0228X0256,31.7514659,shopify,0,deny,manual,3.6,4.5,TRUE,TRUE,,,,,,https://cdn.shopify.com/s/files/1/0901/3696/9543/files/267288892.webp?v=1763944544,6,267288892.webp,,,,,,,,,,,,,,,,,,,,,,,,,,,,,,,,,,lb,,2.25,
12mg-kingston-nicotine-pouches-20-pouches,,,,,,,,,Grape Ice,,,,,,,,AB0036X0256,31.7514659,shopify,0,deny,manual,3.6,4.5,TRUE,TRUE,,,,,,https://cdn.shopify.com/s/files/1/0901/3696/9543/files/267288893.webp?v=1763944544,7,267288893.webp,,,,,,,,,,,,,,,,,,,,,,,,,,,,,,,,,https://cdn.shopify.com/s/files/1/0901/3696/9543/files/267288898.webp?v=1763944549,lb,,2.25,
12mg-kingston-nicotine-pouches-20-pouches,,,,,,,,,Blue Raspberry Ice,,,,,,,,ED0229X0256,31.7514659,shopify,0,deny,manual,3.6,4.5,TRUE,TRUE,,,,,,https://cdn.shopify.com/s/files/1/0901/3696/9543/files/267288894.webp?v=1763944545,8,267288894.webp,,,,,,,,,,,,,,,,,,,,,,,,,,,,,,,,,,lb,,2.25,
12mg-kingston-nicotine-pouches-20-pouches,,,,,,,,,Zingberry,,,,,,,,ED0237X0256,31.7514659,shopify,0,deny,manual,3.6,4.5,TRUE,TRUE,,,,,,https://cdn.shopify.com/s/files/1/0901/3696/9543/files/267288895.webp?v=1763944545,9,267288895.webp,,,,,,,,,,,,,,,,,,,,,,,,,,,,,,,,,,lb,,2.25,
12mg-kingston-nicotine-pouches-20-pouches,,,,,,,,,Minty Menthol,,,,,,,,ED0234X0256,31.7514659,shopify,0,deny,manual,3.6,4.5,TRUE,TRUE,,,,,,https://cdn.shopify.com/s/files/1/0901/3696/9543/files/267288896.webp?v=1763944545,10,267288896.webp,,,,,,,,,,,,,,,,,,,,,,,,,,,,,,,,,,lb,,2.25,
12mg-kingston-nicotine-pouches-20-pouches,,,,,,,,,Lemon Citrus Ice,,,,,,,,ED0233X0256,31.7514659,shopify,5,deny,manual,3.6,4.5,TRUE,TRUE,,,,,,https://cdn.shopify.com/s/files/1/0901/3696/9543/files/267288897.webp?v=1763944545,11,267288897.webp,,,,,,,,,,,,,,,,,,,,,,,,,,,,,,,,,,lb,,2.25,
12mg-kingston-nicotine-pouches-20-pouches,,,,,,,,,Mango Melon Berries Ice,,,,,,,,ED0232X0256,31.7514659,shopify,0,deny,manual,3.6,4.5,TRUE,TRUE,,,,,,https://cdn.shopify.com/s/files/1/0901/3696/9543/files/267288898.webp?v=1763944549,12,267288898.webp,,,,,,,,,,,,,,,,,,,,,,,,,,,,,,,,,,lb,,2.25,
12mg-kingston-nicotine-pouches-20-pouches,,,,,,,,,,,,,,,,,,,,,,,,,,,,,,,,https://cdn.shopify.com/s/files/1/0901/3696/9543/files/267288899.webp?v=1763944552,13,267288899.webp,,,,,,,,,,,,,,,,,,,,,,,,,,,,,,,,,,,,,
8mg-nor-slim-nicotine-pouches-20-pouches,8mg NOR Slim Nicotine Pouches - 20 Pouches,"<p>The 8mg NOR Slim Nicotine Pouches offer a discreet and convenient nicotine experience without smoking or vaping. Each compact tin includes 20 slim pouches, designed to provide optimal comfort and discretion by fitting comfortably under the lip. These pouches deliver a consistent 8mg nicotine strength per pouch, making them a satisfying alternative for those seeking a smoke-free option. With a slim design that offers a barely noticeable feel, they are perfect for various social situations. NOR pouches are made with premium ingredients to provide a smooth and flavorful sensation, catering to those who appreciate quality and taste. They are ideal for on-the-go use, offering a clean and efficient way to enjoy nicotine without the drawbacks of traditional tobacco products. Whether you're an experienced nicotine user or looking for a smoking alternative, the 8mg NOR Slim Nicotine Pouches provide a reliable and enjoyable experience in a convenient 20-pouch package.<strong><br><br><br>Specifications:</strong></p>
<ul>
<li>Strength: 8mg/g<br>
</li>
<li>S2 Strength<br>
</li>
<li>Weight: 30g<br>
</li>
<li>Doses: 20 pouches<br>
</li>
<li>Slim Pouches <br><br><strong>Direction of Use: </strong>Place one pouch under your top or bottom lip. Position the pouch to the side of your lip for comfort. Remove after 30 to 60 minutes.</li>
</ul>
<p><strong>Flavours:  </strong></p>
<ul>
<li>Galdhøpiggen | Slim | No.3 - Mint <br>
</li>
<li>Saltstraumen | Slim | No.7 - Violet / Licorice <br>
</li>
<li>Hvaler | Slim | No.10 - Peach <br>
</li>
</ul>
<!----><!---->",NOR,Health & Beauty > Health Care > Medicine & Drugs > Smoking Cessation Aids,Smoking Products,"8mg, cereal, fruity, ice, nic_salt, nic_strength=8, nicotine_pouches, parse_attributes_0, pouch, spices_&_herbs, traditional_nicotine",TRUE,Flavour,Hvaler - Peach,,,,,,,,EG0314X0359,31.7514659,shopify,0,deny,manual,4.8,6,TRUE,TRUE,,,,,,https://cdn.shopify.com/s/files/1/0901/3696/9543/files/267289367.webp?v=1763944114,1,267289367.webp,FALSE,8mg NOR Slim Nicotine Pouches - 20 Pouches,"Buy NOR NOR 8mg nicotine pouches. Tobacco-free, discreet pouches. Fast UK delivery, 18+ age verified.",Health & Beauty > Health Care > Medicine & Drugs,unisex,adult,EG0314X0359,new,FALSE,,,,,,8mg,,,,,,,,,,,,,,,,,"nor, 8mg, 8 mg, nicotine pouches, nic pouches, tobacco free",https://cdn.shopify.com/s/files/1/0901/3696/9543/files/267289370.webp?v=1763944118,lb,,3,active
8mg-nor-slim-nicotine-pouches-20-pouches,,,,,,,,,Galdhøpiggen -  Mint,,,,,,,,EG0310X0359,31.7514659,shopify,0,deny,manual,4.8,6,TRUE,TRUE,,,,,,https://cdn.shopify.com/s/files/1/0901/3696/9543/files/267289368.webp?v=1763944120,2,267289368.webp,,,,,,,,,,,,,,,,,,,,,,,,,,,,,,,,,https://cdn.shopify.com/s/files/1/0901/3696/9543/files/267289368.webp?v=1763944120,lb,,3,
8mg-nor-slim-nicotine-pouches-20-pouches,,,,,,,,,Saltstraumen - Violet / Licorice,,,,,,,,EG0312X0359,31.7514659,shopify,0,deny,manual,4.8,6,TRUE,TRUE,,,,,,https://cdn.shopify.com/s/files/1/0901/3696/9543/files/267289369.webp?v=1763944121,3,267289369.webp,,,,,,,,,,,,,,,,,,,,,,,,,,,,,,,,,https://cdn.shopify.com/s/files/1/0901/3696/9543/files/267289369.webp?v=1763944121,lb,,3,
8mg-nor-slim-nicotine-pouches-20-pouches,,,,,,,,,,,,,,,,,,,,,,,,,,,,,,,,https://cdn.shopify.com/s/files/1/0901/3696/9543/files/267289370.webp?v=1763944118,4,267289370.webp,,,,,,,,,,,,,,,,,,,,,,,,,,,,,,,,,,,,,
18mg-kingston-nicotine-pouches-20-pouches,18mg Kingston Nicotine Pouches - 20 Pouches,"<p>The Kingston Nicotine Pouches provide a safe and hassle-free option for consuming nicotine without the use of cigarettes or vaping. Each case includes 20 pouches, delivering an enjoyable 18mg nicotine experience. These pouches are designed to be tucked between the lip and gum, gradually releasing nicotine over time. With a variety of flavours available, you can select the ideal one to suit your personal taste. Whether you're looking to cut back on smoking or are in a non-smoking location, the Kingston Nicotine Pouches offer a healthier nicotine alternative.<br><br></p>
<p><strong data-mce-fragment=""1"">Specifications:</strong><br data-mce-fragment=""1""></p>
<ul>
<li data-mce-fragment=""1"">Strength: Regular 12mg Per Pouch </li>
<li data-mce-fragment=""1"">Weight: 30g </li>
<li data-mce-fragment=""1"">Doses: 20 pouches</li>
</ul>
<p><strong data-mce-fragment=""1"">Direction of Use:</strong><span data-mce-fragment=""1""> Place one pouch under your top or bottom lip. Position the pouch to the side of your lip for comfort. Remove after 30 to 60 minutes.</span><br data-mce-fragment=""1""><br data-mce-fragment=""1""><strong data-mce-fragment=""1"">Flavour:</strong></p>
<ul>
<li>Blackcurrant Ice</li>
<li>Blue Raspberry Ice<br>
</li>
<li>Bubblegum Ice<br>
</li>
<li>Fresh Mint<br>
</li>
<li>Mango Melon Berries Ice<br>
</li>
<li>Lemon Citrus Ice<br>
</li>
<li>Minty Menthol<br>
</li>
<li>Strawberry Ice<br>
</li>
<li>Watermelon Ice<br>
</li>
<li>Zingberry<br>
</li>
<li>Grape Ice</li>
<li>Cherry Cola</li>
</ul>
<p> </p>",Kingston,Health & Beauty > Health Care > Medicine & Drugs > Smoking Cessation Aids,Smoking Products,"18mg, beverages, candy/sweets, fruity, ice, nic_strength=12, nic_strength=18, nicotine_pouches, parse_attributes_0, pouch",TRUE,Flavour,Cherry Cola,,,,,,,,AB0062X0256,31.7514659,shopify,6,deny,manual,3.6,4.5,TRUE,TRUE,,,,,,https://cdn.shopify.com/s/files/1/0901/3696/9543/files/267289141.webp?v=1763944069,1,267289141.webp,FALSE,18mg Kingston Nicotine Pouches - 20 Pouches,"Buy Kingston Kingston 18mg nicotine pouches. Tobacco-free, discreet pouches. Fast UK delivery, 18+ age verified.",Health & Beauty > Health Care > Medicine & Drugs,unisex,adult,AB0062X0256,new,FALSE,,,,,,,,,,,,,,,,,,,,,,,"kingston, 18mg, 18 mg, nicotine pouches, nic pouches, tobacco free",https://cdn.shopify.com/s/files/1/0901/3696/9543/files/267289143.webp?v=1763944076,lb,,2.25,active
18mg-kingston-nicotine-pouches-20-pouches,,,,,,,,,Strawberry Ice,,,,,,,,ED0245X0256,31.7514659,shopify,14,deny,manual,3.6,4.5,TRUE,TRUE,,,,,,https://cdn.shopify.com/s/files/1/0901/3696/9543/files/267289142.webp?v=1763944073,2,267289142.webp,,,,,,,,,,,,,,,,,,,,,,,,,,,,,,,,,,lb,,2.25,
18mg-kingston-nicotine-pouches-20-pouches,,,,,,,,,Fresh Mint,,,,,,,,ED0241X0256,31.7514659,shopify,0,deny,manual,3.6,4.5,TRUE,TRUE,,,,,,https://cdn.shopify.com/s/files/1/0901/3696/9543/files/267289143.webp?v=1763944076,3,267289143.webp,,,,,,,,,,,,,,,,,,,,,,,,,,,,,,,,,,lb,,2.25,
18mg-kingston-nicotine-pouches-20-pouches,,,,,,,,,Watermelon Ice,,,,,,,,ED0246X0256,31.7514659,shopify,3,deny,manual,3.6,4.5,TRUE,TRUE,,,,,,,,,,,,,,,,,,,,,,,,,,,,,,,,,,,,,,,,,,lb,,2.25,
18mg-kingston-nicotine-pouches-20-pouches,,,,,,,,,Bubblegum Ice,,,,,,,,ED0240X0256,31.7514659,shopify,1,deny,manual,3.6,4.5,TRUE,TRUE,,,,,,,,,,,,,,,,,,,,,,,,,,,,,,,,,,,,,,,,,,lb,,2.25,
18mg-kingston-nicotine-pouches-20-pouches,,,,,,,,,Blackcurrant Ice,,,,,,,,ED0238X0256,31.7514659,shopify,0,deny,manual,3.6,4.5,TRUE,TRUE,,,,,,,,,,,,,,,,,,,,,,,,,,,,,,,,,,,,,,,,,,lb,,2.25,
18mg-kingston-nicotine-pouches-20-pouches,,,,,,,,,Grape Ice,,,,,,,,AB0063X0256,31.7514659,shopify,10,deny,manual,3.6,4.5,TRUE,TRUE,,,,,,,,,,,,,,,,,,,,,,,,,,,,,,,,,,,,,,,,,https://cdn.shopify.com/s/files/1/0901/3696/9543/files/267289142.webp?v=1763944073,lb,,2.25,
18mg-kingston-nicotine-pouches-20-pouches,,,,,,,,,Blue Raspberry Ice,,,,,,,,ED0239X0256,31.7514659,shopify,10,deny,manual,3.6,4.5,TRUE,TRUE,,,,,,,,,,,,,,,,,,,,,,,,,,,,,,,,,,,,,,,,,,lb,,2.25,
18mg-kingston-nicotine-pouches-20-pouches,,,,,,,,,Zingberry,,,,,,,,ED0247X0256,31.7514659,shopify,0,deny,manual,3.6,4.5,TRUE,TRUE,,,,,,,,,,,,,,,,,,,,,,,,,,,,,,,,,,,,,,,,,,lb,,2.25,
18mg-kingston-nicotine-pouches-20-pouches,,,,,,,,,Minty Menthol,,,,,,,,ED0244X0256,31.7514659,shopify,1,deny,manual,3.6,4.5,TRUE,TRUE,,,,,,,,,,,,,,,,,,,,,,,,,,,,,,,,,,,,,,,,,,lb,,2.25,
18mg-kingston-nicotine-pouches-20-pouches,,,,,,,,,Lemon Citrus Ice,,,,,,,,ED0243X0256,31.7514659,shopify,11,deny,manual,3.6,4.5,TRUE,TRUE,,,,,,,,,,,,,,,,,,,,,,,,,,,,,,,,,,,,,,,,,,lb,,2.25,
18mg-kingston-nicotine-pouches-20-pouches,,,,,,,,,Mango Melon Berries Ice,,,,,,,,ED0242X0256,31.7514659,shopify,33,deny,manual,3.6,4.5,TRUE,TRUE,,,,,,,,,,,,,,,,,,,,,,,,,,,,,,,,,,,,,,,,,,lb,,2.25,
6mg-wham-regular-nicotine-pouch-20-pouches-buy-1-get-1-free,6mg Wham Regular Nicotine Pouch - 20 Pouches (Buy 1 Get 1 Free),"<p><b><i>Limited Time Offer: Buy 1 Get 1 Free</i></b></p>
<p>Experience the 6mg Wham Regular Nicotine Pouch - an expertly crafted alternative to traditional tobacco products. With 20 discreet pouches in each can, this product offers a balanced 6mg of nicotine per pouch, making it an ideal choice for those seeking a regular strength option. Its carefully designed formula ensures consistent nicotine delivery without smoke or vapour, providing a clean and modern solution for those looking for a healthier and more convenient way to enjoy nicotine. Perfect for anyone seeking high-quality, tobacco-free nicotine pouches in the UK.</p>
<p><strong>Specifications:</strong></p>
<ul>
<li>
<span>Strength: Regular</span><br>
</li>
<li>Nicotine Per Pouch: 6mg</li>
<li>20 Pouches Per Can</li>
<li>Tobacco-free, smoke-free and vapour-free</li>
<li>Experience a rejuvenating, invigorating feeling with every pouch.</li>
</ul>
<p><strong>Flavour:</strong></p>
<ul>
<li>Berry Frost </li>
<li>Watermelon </li>
<li>Classic Tobacco </li>
<li>Cool Mint </li>
<li>Spearmint</li>
<li>Tropical Mango </li>
<li>Winter Green </li>
</ul>",Wham,Health & Beauty > Health Care > Medicine & Drugs > Smoking Cessation Aids,Smoking Products,"6mg, fruity, ice, nic_strength=6, nicotine_pouches, parse_attributes_0, pouch, tobacco, traditional_nicotine",TRUE,Flavour,Watermelon,,,,,,,,AG0165X0529,31.7514659,shopify,189,deny,manual,2.86,3.58,TRUE,TRUE,,,,,,https://cdn.shopify.com/s/files/1/0901/3696/9543/files/267289487.webp?v=1763944042,1,267289487.webp,FALSE,6mg Wham Regular Nicotine Pouch - 20 Pouches (Buy 1 Get 1...,"Buy Wham Wham Regular (Buy 6mg nicotine pouches. Tobacco-free, discreet pouches. Fast UK delivery, 18+ age verified.",Health & Beauty > Health Care > Medicine & Drugs,unisex,adult,AG0165X0529,new,FALSE,,,,,,6mg,,,,,,,,,,,,,,,,,"wham, 6mg, 6 mg, nicotine pouches, nic pouches, tobacco free",https://cdn.shopify.com/s/files/1/0901/3696/9543/files/267289489.webp?v=1763944047,lb,,1.79,active
6mg-wham-regular-nicotine-pouch-20-pouches-buy-1-get-1-free,,,,,,,,,Spearmint,,,,,,,,AG0168X0529,31.7514659,shopify,186,deny,manual,2.86,3.58,TRUE,TRUE,,,,,,https://cdn.shopify.com/s/files/1/0901/3696/9543/files/267289488.webp?v=1763944044,2,267289488.webp,,,,,,,,,,,,,,,,,,,,,,,,,,,,,,,,,https://cdn.shopify.com/s/files/1/0901/3696/9543/files/267289492.webp?v=1763944050,lb,,1.79,
6mg-wham-regular-nicotine-pouch-20-pouches-buy-1-get-1-free,,,,,,,,,Cool Mint,,,,,,,,AG0167X0529,31.7514659,shopify,196,deny,manual,2.86,3.58,TRUE,TRUE,,,,,,https://cdn.shopify.com/s/files/1/0901/3696/9543/files/267289489.webp?v=1763944047,3,267289489.webp,,,,,,,,,,,,,,,,,,,,,,,,,,,,,,,,,https://cdn.shopify.com/s/files/1/0901/3696/9543/files/267289491.webp?v=1763944048,lb,,1.79,
6mg-wham-regular-nicotine-pouch-20-pouches-buy-1-get-1-free,,,,,,,,,Tropical Mango,,,,,,,,AG0169X0529,31.7514659,shopify,185,deny,manual,2.86,3.58,TRUE,TRUE,,,,,,https://cdn.shopify.com/s/files/1/0901/3696/9543/files/267289490.webp?v=1763944046,4,267289490.webp,,,,,,,,,,,,,,,,,,,,,,,,,,,,,,,,,https://cdn.shopify.com/s/files/1/0901/3696/9543/files/267289493.webp?v=1763944051,lb,,1.79,
6mg-wham-regular-nicotine-pouch-20-pouches-buy-1-get-1-free,,,,,,,,,Classic Tobacco,,,,,,,,AG0166X0529,31.7514659,shopify,215,deny,manual,2.86,3.58,TRUE,TRUE,,,,,,https://cdn.shopify.com/s/files/1/0901/3696/9543/files/267289491.webp?v=1763944048,5,267289491.webp,,,,,,,,,,,,,,,,,,,,,,,,,,,,,,,,,https://cdn.shopify.com/s/files/1/0901/3696/9543/files/267289490.webp?v=1763944046,lb,,1.79,
6mg-wham-regular-nicotine-pouch-20-pouches-buy-1-get-1-free,,,,,,,,,Berry Frost,,,,,,,,AG0164X0529,31.7514659,shopify,165,deny,manual,2.86,3.58,TRUE,TRUE,,,,,,https://cdn.shopify.com/s/files/1/0901/3696/9543/files/267289492.webp?v=1763944050,6,267289492.webp,,,,,,,,,,,,,,,,,,,,,,,,,,,,,,,,,https://cdn.shopify.com/s/files/1/0901/3696/9543/files/267289488.webp?v=1763944044,lb,,1.79,
6mg-wham-regular-nicotine-pouch-20-pouches-buy-1-get-1-free,,,,,,,,,Winter Green,,,,,,,,AG0170X0529,31.7514659,shopify,187,deny,manual,2.86,3.58,TRUE,TRUE,,,,,,https://cdn.shopify.com/s/files/1/0901/3696/9543/files/267289493.webp?v=1763944051,7,267289493.webp,,,,,,,,,,,,,,,,,,,,,,,,,,,,,,,,,https://cdn.shopify.com/s/files/1/0901/3696/9543/files/267289494.webp?v=1763944052,lb,,1.79,
6mg-wham-regular-nicotine-pouch-20-pouches-buy-1-get-1-free,,,,,,,,,,,,,,,,,,,,,,,,,,,,,,,,https://cdn.shopify.com/s/files/1/0901/3696/9543/files/267289494.webp?v=1763944052,8,267289494.webp,,,,,,,,,,,,,,,,,,,,,,,,,,,,,,,,,,,,,
22mg-ice-nicotine-pouches-20-pouches,22mg Ice Nicotine Pouches - 20 Pouches,"<p> </p>
<p>Discover a cool rush of menthol with our 22mg Ice Nicotine Pouches. Each tin holds 20 discreet, white pouches that are perfect for satisfying your nicotine cravings on-the-go. Made with premium nicotine and a refreshing menthol taste, these pouches provide an invigorating burst of icy freshness. Simply place one between your lip and gum for up to 60 minutes of discreet nicotine release. The 22mg strength delivers a potent kick, making it ideal for those seeking a strong yet smooth experience. Whether you're a nicotine pouch lover or switching from other nicotine products, our Ice Nicotine Pouches offer a unique and flavourful way to get your nicotine fix wherever you are. Embrace the chilling thrill and elevate your nicotine routine with this extraordinary icy menthol blend.<br><br><br><strong data-mce-fragment=""1"">Specifications:</strong><br data-mce-fragment=""1""></p>
<ul data-mce-fragment=""1"">
<li data-mce-fragment=""1"">Strength: 22mg Per Gram</li>
<li data-mce-fragment=""1"">Weight: 30g</li>
<li data-mce-fragment=""1"">Doses: 20 pouches</li>
<li data-mce-fragment=""1"">Tobacco-free, smoke-free and vapour-free</li>
</ul>
<p><br data-mce-fragment=""1""><strong data-mce-fragment=""1"">Direction of Use:</strong><span data-mce-fragment=""1""> Place one pouch under your top or bottom lip. Position the pouch to the side of your lip for comfort. Remove after 30 to 60 minutes.</span><br data-mce-fragment=""1""><br data-mce-fragment=""1""><strong data-mce-fragment=""1"">Flavours:</strong></p>
<ul>
<li>Cola Slush X </li>
<li>Jalapeno Lime</li>
<li>Blueberry</li>
<li>Freeze Reaper</li>
<li>Frost 2.0</li>
</ul>
<p><strong><!----><!----><!----><!----></strong></p>
<!---->",Ice,Health & Beauty > Health Care > Medicine & Drugs > Smoking Cessation Aids,Smoking Products,"0mg, beverages, fruity, ice, nic_salt, nic_strength=22, nicotine_pouches, parse_attributes_0, pouch, tobacco",TRUE,Flavour,Blueberry,,,,,,,,EF0169X0505,31.7514659,shopify,0,deny,manual,2.88,3.6,TRUE,TRUE,,,,,5694230550579,https://cdn.shopify.com/s/files/1/0901/3696/9543/files/267288862.webp?v=1763943989,1,267288862.webp,FALSE,22mg Ice Nicotine Pouches - 20 Pouches,"Buy Ice Ice 22mg nicotine pouches. Tobacco-free, discreet pouches. Fast UK delivery, 18+ age verified.",Health & Beauty > Health Care > Medicine & Drugs,unisex,adult,EF0169X0505,new,FALSE,,,,,,,,,,,,,,,,,,,,,,,"ice, 22mg, 22 mg, nicotine pouches, nic pouches, tobacco free",https://cdn.shopify.com/s/files/1/0901/3696/9543/files/267288866.webp?v=1763943993,lb,,1.8,active
22mg-ice-nicotine-pouches-20-pouches,,,,,,,,,Grape,,,,,,,,EF0163X0505,31.7514659,shopify,0,deny,manual,2.88,3.6,TRUE,TRUE,,,,,5694230603794,https://cdn.shopify.com/s/files/1/0901/3696/9543/files/267288863.webp?v=1763943982,2,267288863.webp,,,,,,,,,,,,,,,,,,,,,,,,,,,,,,,,,https://cdn.shopify.com/s/files/1/0901/3696/9543/files/267288868.webp?v=1763943987,lb,,1.8,
22mg-ice-nicotine-pouches-20-pouches,,,,,,,,,Cola Slush,,,,,,,,EF0166X0505,31.7514659,shopify,0,deny,manual,2.88,3.6,TRUE,TRUE,,,,,5694230550555,https://cdn.shopify.com/s/files/1/0901/3696/9543/files/267288864.webp?v=1763943990,3,267288864.webp,,,,,,,,,,,,,,,,,,,,,,,,,,,,,,,,,https://cdn.shopify.com/s/files/1/0901/3696/9543/files/267288864.webp?v=1763943990,lb,,1.8,
22mg-ice-nicotine-pouches-20-pouches,,,,,,,,,Freeze Reaper,,,,,,,,EF0170X0505,31.7514659,shopify,0,deny,manual,2.88,3.6,TRUE,TRUE,,,,,5694230435432,https://cdn.shopify.com/s/files/1/0901/3696/9543/files/267288865.webp?v=1763943992,4,267288865.webp,,,,,,,,,,,,,,,,,,,,,,,,,,,,,,,,,https://cdn.shopify.com/s/files/1/0901/3696/9543/files/267288862.webp?v=1763943989,lb,,1.8,
22mg-ice-nicotine-pouches-20-pouches,,,,,,,,,Jalapeno Lime,,,,,,,,EF0168X0505,31.7514659,shopify,0,deny,manual,2.88,3.6,TRUE,TRUE,,,,,5694230603329,https://cdn.shopify.com/s/files/1/0901/3696/9543/files/267288866.webp?v=1763943993,5,267288866.webp,,,,,,,,,,,,,,,,,,,,,,,,,,,,,,,,,https://cdn.shopify.com/s/files/1/0901/3696/9543/files/267288865.webp?v=1763943992,lb,,1.8,
22mg-ice-nicotine-pouches-20-pouches,,,,,,,,,Frost 2.0,,,,,,,,EF0171X0505,31.7514659,shopify,0,deny,manual,2.88,3.6,TRUE,TRUE,,,,,5694230550272,https://cdn.shopify.com/s/files/1/0901/3696/9543/files/267288867.webp?v=1763943991,6,267288867.webp,,,,,,,,,,,,,,,,,,,,,,,,,,,,,,,,,https://cdn.shopify.com/s/files/1/0901/3696/9543/files/267288867.webp?v=1763943991,lb,,1.8,
22mg-ice-nicotine-pouches-20-pouches,,,,,,,,,,,,,,,,,,,,,,,,,,,,,,,,https://cdn.shopify.com/s/files/1/0901/3696/9543/files/267288868.webp?v=1763943987,7,267288868.webp,,,,,,,,,,,,,,,,,,,,,,,,,,,,,,,,,,,,,
9mg-nordic-spirit-strong-nicotine-pouches-20-pouches,9mg Nordic Spirit Strong Nicotine Pouches - 20 Pouches,"<p><meta charset=""UTF-8""><meta charset=""UTF-8""><span>The 9mg Nordic Spirit Strong Nicotine Pouches – 20 Pouches deliver a robust and refreshing nicotine experience in a discreet, tobacco-free format. Each pouch contains 9mg of nicotine, catering to users seeking a stronger sensation than regular-strength alternatives. Designed from soft plant-based fibres, these pouches provide a comfortable fit and a steady, satisfying release of nicotine for up to an hour. The classic strong flavour profile features a subtle yet sweet spearmint or mint taste, imparting a clean and invigorating cooling effect with every use. </span><br></p>
<p><strong>Specifications:</strong></p>
<ul>
<li><span>20 slim pouches per can</span></li>
<li><span>Nicotine Strengths: 9mg Strong </span></li>
<li><span>Tobacco-free and discreet</span></li>
</ul>
<p><strong>Flavours:</strong></p>
<ul>
<li>
<span>Forest Berries</span><br><span></span>
</li>
<li>
<span>Frosty Berry</span><br><span></span>
</li>
<li>
<span>Frosty Mint</span><br><span></span>
</li>
<li>
<span>Mint</span><br><span></span>
</li>
<li>
<span>Raspberry</span><br><span></span>
</li>
<li>
<span>Spearmint</span><br><span></span>
</li>
<li>
<span>Sweet Mint</span><br><span></span>
</li>
<li>
<span>Tropical Mix</span><br><span></span>
</li>
<li><span>Watermelon</span></li>
</ul>",Nordic Spirit,Health & Beauty > Health Care > Medicine & Drugs > Smoking Cessation Aids,Smoking Products,"9mg, fruity, ice, nic_strength=9, nicotine_pouches, parse_attributes_0, pouch, tobacco",TRUE,Flavour,Watermelon,,,,,,,,9mgNordicSpiritStrongWatermelon,31.7514659,shopify,40,deny,manual,4.34,5.42,TRUE,TRUE,,,,,,https://cdn.shopify.com/s/files/1/0901/3696/9543/files/267289346.webp?v=1763943671,1,267289346.webp,FALSE,9mg Nordic Spirit Strong Nicotine Pouches - 20 Pouches,"Buy Nordic Spirit Nordic Spirit Strong 9mg nicotine pouches. Tobacco-free, discreet pouches. Fast UK delivery, 18+ age verified.",Health & Beauty > Health Care > Medicine & Drugs,unisex,adult,9mgNordicSpiritStrongWatermelon,new,FALSE,,,,,,9mg,TRUE,,,,,,,,,,,,,,,,"nordic spirit, 9mg, 9 mg, nicotine pouches, nic pouches, tobacco free",,lb,,2.71,active
9mg-nordic-spirit-strong-nicotine-pouches-20-pouches,,,,,,,,,Spearmint,,,,,,,,9mgNordicSpiritStrongSpearmint,31.7514659,shopify,0,deny,manual,4.34,5.42,TRUE,TRUE,,,,,,https://cdn.shopify.com/s/files/1/0901/3696/9543/files/267289347.webp?v=1763943672,2,267289347.webp,,,,,,,,,,,,,,,,,,,,,,,,,,,,,,,,,,lb,,2.71,
9mg-nordic-spirit-strong-nicotine-pouches-20-pouches,,,,,,,,,Raspberry,,,,,,,,9mgNordicSpiritStrongRaspberry,31.7514659,shopify,71,deny,manual,4.34,5.42,TRUE,TRUE,,,,,,https://cdn.shopify.com/s/files/1/0901/3696/9543/files/267289348.webp?v=1763943672,3,267289348.webp,,,,,,,,,,,,,,,,,,,,,,,,,,,,,,,,,,lb,,2.71,
9mg-nordic-spirit-strong-nicotine-pouches-20-pouches,,,,,,,,,Mint,,,,,,,,9mgNordicSpiritStrongMint,31.7514659,shopify,30,deny,manual,4.34,5.42,TRUE,TRUE,,,,,,https://cdn.shopify.com/s/files/1/0901/3696/9543/files/267289349.webp?v=1763943673,4,267289349.webp,,,,,,,,,,,,,,,,,,,,,,,,,,,,,,,,,,lb,,2.71,
9mg-nordic-spirit-strong-nicotine-pouches-20-pouches,,,,,,,,,Sweet Mint,,,,,,,,9mgNordicSpiritStrongSweetMint,31.7514659,shopify,54,deny,manual,4.34,5.42,TRUE,TRUE,,,,,,https://cdn.shopify.com/s/files/1/0901/3696/9543/files/267289350.webp?v=1763943673,5,267289350.webp,,,,,,,,,,,,,,,,,,,,,,,,,,,,,,,,,,lb,,2.71,
9mg-nordic-spirit-strong-nicotine-pouches-20-pouches,,,,,,,,,Tropical Mix,,,,,,,,9mgNordicSpiritStrongTropicalMix,31.7514659,shopify,81,deny,manual,4.34,5.42,TRUE,TRUE,,,,,,https://cdn.shopify.com/s/files/1/0901/3696/9543/files/267289351.webp?v=1763943674,6,267289351.webp,,,,,,,,,,,,,,,,,,,,,,,,,,,,,,,,,,lb,,2.71,
9mg-nordic-spirit-strong-nicotine-pouches-20-pouches,,,,,,,,,Forest Berries,,,,,,,,9mgNordicSpiritStrongForestBerries,31.7514659,shopify,37,deny,manual,4.34,5.42,TRUE,TRUE,,,,,,https://cdn.shopify.com/s/files/1/0901/3696/9543/files/267289352.webp?v=1763943674,7,267289352.webp,,,,,,,,,,,,,,,,,,,,,,,,,,,,,,,,,,lb,,2.71,
9mg-nordic-spirit-strong-nicotine-pouches-20-pouches,,,,,,,,,Frosty Mint,,,,,,,,9mgNordicSpiritStrongFrostyMint,31.7514659,shopify,45,deny,manual,4.34,5.42,TRUE,TRUE,,,,,,https://cdn.shopify.com/s/files/1/0901/3696/9543/files/267289353.webp?v=1763943675,8,267289353.webp,,,,,,,,,,,,,,,,,,,,,,,,,,,,,,,,,,lb,,2.71,
9mg-nordic-spirit-strong-nicotine-pouches-20-pouches,,,,,,,,,Frosty Berry,,,,,,,,9mgNordicSpiritStrongFrostyBerry,31.7514659,shopify,87,deny,manual,4.34,5.42,TRUE,TRUE,,,,,,https://cdn.shopify.com/s/files/1/0901/3696/9543/files/267289354.webp?v=1763943674,9,267289354.webp,,,,,,,,,,,,,,,,,,,,,,,,,,,,,,,,,,lb,,2.71,
9mg-nordic-spirit-strong-nicotine-pouches-20-pouches,,,,,,,,,,,,,,,,,,,,,,,,,,,,,,,,https://cdn.shopify.com/s/files/1/0901/3696/9543/files/267289355.webp?v=1763943675,10,267289355.webp,,,,,,,,,,,,,,,,,,,,,,,,,,,,,,,,,,,,,
12mg-max-kick-nicotine-pouches-20-pouches,12mg Max Kick Nicotine Pouches - 20 Pouches,"<p><meta charset=""UTF-8""><span>The 12mg Max Kick Nicotine Pouches deliver a powerful and satisfying nicotine experience without the need for smoke, vapour, or tobacco. Designed for users seeking a stronger kick, these pouches offer a clean, fast-acting release of nicotine with a refreshing taste that keeps cravings in check any time of the day. Each can contains 20 discreet, comfortable pouches that sit perfectly under the lip for a smooth and mess-free experience. Ideal for those who want a potent, tobacco-free alternative, the 12mg Max Kick Nicotine Pouches provide long-lasting satisfaction in a convenient, on-the-go format.</span><br></p>
<p><strong>Specifications:</strong></p>
<ul>
<li><span>Nicotine Strength: 12mg</span></li>
<li><span>20 Pouches</span></li>
<li><span>Tobacco Free</span></li>
</ul>
<p><strong>Flavours:</strong></p>
<ul>
<li>Berry Mix</li>
<li>Cool Mint</li>
<li>Eucalyptus</li>
<li>Peppermint</li>
<li>Smooth</li>
<li>Spearmint</li>
<li>Strawberry Watermelon</li>
<li>Wintergreen</li>
</ul>",Max Kick,Health & Beauty > Health Care > Medicine & Drugs > Smoking Cessation Aids,Smoking Products,"12mg, fruity, ice, nic_salt, nic_strength=12, nicotine_pouches, parse_attributes_0, pouch, tobacco",TRUE,Flavour,Spearmint,,,,,,,,AP0345Z0160,31.7514659,shopify,385,deny,manual,1.92,2.4,TRUE,TRUE,,,,,,https://cdn.shopify.com/s/files/1/0901/3696/9543/files/267289604.webp?v=1763943557,1,267289604.webp,FALSE,12mg Max Kick Nicotine Pouches - 20 Pouches,"Buy Max Kick Max Kick 12mg nicotine pouches. Tobacco-free, discreet pouches. Fast UK delivery, 18+ age verified.",Health & Beauty > Health Care > Medicine & Drugs,unisex,adult,AP0345Z0160,new,FALSE,,,,,,,,,,,,,,,,,,,,,,,"max kick, 12mg, 12 mg, nicotine pouches, nic pouches, tobacco free",,lb,,1.2,active
12mg-max-kick-nicotine-pouches-20-pouches,,,,,,,,,Berry Mix,,,,,,,,AP0340Z0160,31.7514659,shopify,962,deny,manual,1.92,2.4,TRUE,TRUE,,,,,,https://cdn.shopify.com/s/files/1/0901/3696/9543/files/267289605.webp?v=1763943557,2,267289605.webp,,,,,,,,,,,,,,,,,,,,,,,,,,,,,,,,,,lb,,1.2,
12mg-max-kick-nicotine-pouches-20-pouches,,,,,,,,,Strawberry Watermelon,,,,,,,,AP0346Z0160,31.7514659,shopify,394,deny,manual,1.92,2.4,TRUE,TRUE,,,,,,https://cdn.shopify.com/s/files/1/0901/3696/9543/files/267289606.webp?v=1763943557,3,267289606.webp,,,,,,,,,,,,,,,,,,,,,,,,,,,,,,,,,,lb,,1.2,
12mg-max-kick-nicotine-pouches-20-pouches,,,,,,,,,Cool Mint,,,,,,,,AP0341Z0160,31.7514659,shopify,386,deny,manual,1.92,2.4,TRUE,TRUE,,,,,,https://cdn.shopify.com/s/files/1/0901/3696/9543/files/267289607.webp?v=1763943557,4,267289607.webp,,,,,,,,,,,,,,,,,,,,,,,,,,,,,,,,,,lb,,1.2,
12mg-max-kick-nicotine-pouches-20-pouches,,,,,,,,,Peppermint,,,,,,,,AP0343Z0160,31.7514659,shopify,397,deny,manual,1.92,2.4,TRUE,TRUE,,,,,,https://cdn.shopify.com/s/files/1/0901/3696/9543/files/267289608.webp?v=1763943557,5,267289608.webp,,,,,,,,,,,,,,,,,,,,,,,,,,,,,,,,,,lb,,1.2,
12mg-max-kick-nicotine-pouches-20-pouches,,,,,,,,,Eucalyptus,,,,,,,,AP0342Z0160,31.7514659,shopify,387,deny,manual,1.92,2.4,TRUE,TRUE,,,,,,https://cdn.shopify.com/s/files/1/0901/3696/9543/files/267289609.webp?v=1763943558,6,267289609.webp,,,,,,,,,,,,,,,,,,,,,,,,,,,,,,,,,,lb,,1.2,
12mg-max-kick-nicotine-pouches-20-pouches,,,,,,,,,Wintergreen,,,,,,,,AP0347Z0160,31.7514659,shopify,397,deny,manual,1.92,2.4,TRUE,TRUE,,,,,,https://cdn.shopify.com/s/files/1/0901/3696/9543/files/267289610.webp?v=1763943558,7,267289610.webp,,,,,,,,,,,,,,,,,,,,,,,,,,,,,,,,,,lb,,1.2,
12mg-max-kick-nicotine-pouches-20-pouches,,,,,,,,,Smooth,,,,,,,,AP0344Z0160,31.7514659,shopify,397,deny,manual,1.92,2.4,TRUE,TRUE,,,,,,,,,,,,,,,,,,,,,,,,,,,,,,,,,,,,,,,,,,lb,,1.2,
5mg-clew-nicotine-pouches-20-pouches,5mg CLEW Nicotine Pouches - 20 Pouches,"<p><span>CLEW Nicotine Pouches in 5mg strength offer a modern, tobacco-free alternative for those seeking a clean and convenient nicotine experience. Each can contains 20 slim, discreet pouches designed for comfortable placement under the upper lip, delivering a smooth and steady release of nicotine throughout the day. These pouches are formulated with pharmaceutical-grade nicotine and premium flavourings, ensuring a gratifying sensation with every use.</span></p>
<p><strong>Specifications:</strong></p>
<ul>
<li><span>Nicotine Strength: 5mg</span></li>
<li><span>20 Pouches</span></li>
<li><span>Tobacco Free</span></li>
</ul>
<p><strong>Flavours:</strong></p>
<ul>
<li><span>Blueberry</span></li>
<li><span>Cool Mint</span></li>
<li><span>Menthol</span></li>
<li><span>Spearmint</span></li>
<li><span>Watermelon</span></li>
<li><span>Wintergreen</span></li>
<li><span>Coffee</span></li>
<li>
<span>Citrus</span><span></span>
</li>
</ul>",CLEW,Health & Beauty > Health Care > Medicine & Drugs > Smoking Cessation Aids,Smoking Products,"5mg, beverages, fruity, ice, nic_salt, nic_strength=5, nicotine_pouches, parse_attributes_0, pouch",TRUE,Flavour,Menthol,,,,,,,,EI0338X0532,31.7514659,shopify,200,deny,manual,2.8,3.5,TRUE,TRUE,,,,,,https://cdn.shopify.com/s/files/1/0901/3696/9543/files/267290003.webp?v=1763943274,1,267290003.webp,FALSE,5mg CLEW Nicotine Pouches - 20 Pouches,"Buy CLEW CLEW 5mg nicotine pouches. Tobacco-free, discreet pouches. Fast UK delivery, 18+ age verified.",Health & Beauty > Health Care > Medicine & Drugs,unisex,adult,EI0338X0532,new,FALSE,,,,,,5mg,,,,,,,,,,,,,,,,,"clew, 5mg, 5 mg, nicotine pouches, nic pouches, tobacco free",,lb,,1.75,active
5mg-clew-nicotine-pouches-20-pouches,,,,,,,,,Blueberry,,,,,,,,EI0335X0532,31.7514659,shopify,178,deny,manual,2.8,3.5,TRUE,TRUE,,,,,,https://cdn.shopify.com/s/files/1/0901/3696/9543/files/267290004.webp?v=1763943275,2,267290004.webp,,,,,,,,,,,,,,,,,,,,,,,,,,,,,,,,,,lb,,1.75,
5mg-clew-nicotine-pouches-20-pouches,,,,,,,,,Watermelon,,,,,,,,EI0340X0532,31.7514659,shopify,190,deny,manual,2.8,3.5,TRUE,TRUE,,,,,,https://cdn.shopify.com/s/files/1/0901/3696/9543/files/267290005.webp?v=1763943275,3,267290005.webp,,,,,,,,,,,,,,,,,,,,,,,,,,,,,,,,,,lb,,1.75,
5mg-clew-nicotine-pouches-20-pouches,,,,,,,,,Spearmint,,,,,,,,EI0339X0532,31.7514659,shopify,193,deny,manual,2.8,3.5,TRUE,TRUE,,,,,,https://cdn.shopify.com/s/files/1/0901/3696/9543/files/267290006.webp?v=1763943276,4,267290006.webp,,,,,,,,,,,,,,,,,,,,,,,,,,,,,,,,,,lb,,1.75,
5mg-clew-nicotine-pouches-20-pouches,,,,,,,,,Coffee,,,,,,,,EI0337X0532,31.7514659,shopify,198,deny,manual,2.8,3.5,TRUE,TRUE,,,,,,https://cdn.shopify.com/s/files/1/0901/3696/9543/files/267290007.webp?v=1763943276,5,267290007.webp,,,,,,,,,,,,,,,,,,,,,,,,,,,,,,,,,,lb,,1.75,
5mg-clew-nicotine-pouches-20-pouches,,,,,,,,,Cool Mint,,,,,,,,EI0365X0532,31.7514659,shopify,193,deny,manual,2.8,3.5,TRUE,TRUE,,,,,,https://cdn.shopify.com/s/files/1/0901/3696/9543/files/267290008.webp?v=1763943277,6,267290008.webp,,,,,,,,,,,,,,,,,,,,,,,,,,,,,,,,,,lb,,1.75,
5mg-clew-nicotine-pouches-20-pouches,,,,,,,,,Citrus,,,,,,,,EI0336X0532,31.7514659,shopify,191,deny,manual,2.8,3.5,TRUE,TRUE,,,,,,https://cdn.shopify.com/s/files/1/0901/3696/9543/files/267290009.webp?v=1763943277,7,267290009.webp,,,,,,,,,,,,,,,,,,,,,,,,,,,,,,,,,,lb,,1.75,
5mg-clew-nicotine-pouches-20-pouches,,,,,,,,,Wintergreen,,,,,,,,EI0341X0532,31.7514659,shopify,195,deny,manual,2.8,3.5,TRUE,TRUE,,,,,,https://cdn.shopify.com/s/files/1/0901/3696/9543/files/267290010.webp?v=1763943278,8,267290010.webp,,,,,,,,,,,,,,,,,,,,,,,,,,,,,,,,,,lb,,1.75,
5mg-clew-nicotine-pouches-20-pouches,,,,,,,,,,,,,,,,,,,,,,,,,,,,,,,,https://cdn.shopify.com/s/files/1/0901/3696/9543/files/267290011.webp?v=1763943279,9,267290011.webp,,,,,,,,,,,,,,,,,,,,,,,,,,,,,,,,,,,,,
20mg-77-slim-medium-nicotine-pouches-20-pouches,20mg 77 Slim Medium Nicotine Pouches - 20 Pouches,"<p>Discover the ultimate nicotine satisfaction with 20 pouches of 20mg 77 Slim Medium Nicotine Pouches. Experience a potent and long-lasting nicotine kick in each compact tin, crafted with premium ingredients and a meticulous manufacturing process for a smooth and flavourful experience. The sleek and discreet design allows for easy placement under the lip, making it a convenient and hassle-free nicotine delivery system that seamlessly fits into your lifestyle. Whether you're a seasoned nicotine enthusiast or seeking a more potent alternative, 77 Slim Medium Nicotine Pouches offer a consistent nicotine release and long-lasting flavour for a satisfying and enjoyable experience every time. Embrace the power and convenience of 77 Slim Medium Nicotine Pouches and elevate your nicotine routine to new heights.<br></p>
<p><strong>Specifications:</strong></p>
<ul>
<li>Strength: 20mg/g <br>
</li>
<li>Doses: 20 pouches <br>
</li>
<li>Tobacco-free, smoke-free and vapour-free<br>
</li>
<li>Slim Pouch Design</li>
<li>Nicotine Rating: Medium </li>
</ul>
<p><strong>Direction of Use: </strong>Place one pouch under your top or bottom lip. Position the pouch to the side of your lip for comfort. Remove after 30 to 60 minutes.</p>
<p><strong>Flavours: </strong><br></p>
<ul>
<li>Fresh Mint </li>
<li>Peach &amp; Mint </li>
<li>Blackcurrant</li>
<li>Cola &amp; Vanilla </li>
<li>Ice Mint </li>
<li>Apple &amp; Mint </li>
<li>Classic Tobacco </li>
<li>Forest Fruits </li>
<li>Raspberry </li>
<li>Strawberry </li>
<li>Tropical Mint </li>
<li>Watermelon Ice </li>
<li>Cola &amp; Cherry </li>
</ul>
<!----><!----><!---->",77,Health & Beauty > Health Care > Medicine & Drugs > Smoking Cessation Aids,Smoking Products,"0mg, 20mg, beverages, fruity, ice, nic_salt, nic_strength=20, nicotine_pouches, parse_attributes_0, pouch, spices_&_herbs, tobacco",TRUE,Flavour,Fresh Mint,,,,,,,,EF0316Z0143,31.7514659,shopify,0,deny,manual,2.96,3.7,TRUE,TRUE,,,,,,https://cdn.shopify.com/s/files/1/0901/3696/9543/files/267289221.webp?v=1763943084,1,267289221.webp,FALSE,20mg 77 Slim Medium Nicotine Pouches - 20 Pouches,"Buy 77 77 Medium 20mg nicotine pouches. Tobacco-free, discreet pouches. Fast UK delivery, 18+ age verified.",Health & Beauty > Health Care > Medicine & Drugs,unisex,adult,EF0316Z0143,new,FALSE,,,,,,20mg,,,,,,,,,,,,,,,,,"77, 20mg, 20 mg, nicotine pouches, nic pouches, tobacco free",https://cdn.shopify.com/s/files/1/0901/3696/9543/files/267289222.webp?v=1763943094,lb,,1.85,active
20mg-77-slim-medium-nicotine-pouches-20-pouches,,,,,,,,,Watermelon Ice,,,,,,,,EF0327Z0143,31.7514659,shopify,0,deny,manual,2.96,3.7,TRUE,TRUE,,,,,,https://cdn.shopify.com/s/files/1/0901/3696/9543/files/267289222.webp?v=1763943094,2,267289222.webp,,,,,,,,,,,,,,,,,,,,,,,,,,,,,,,,,https://cdn.shopify.com/s/files/1/0901/3696/9543/files/267289229.webp?v=1763943096,lb,,1.85,
20mg-77-slim-medium-nicotine-pouches-20-pouches,,,,,,,,,Raspberry,,,,,,,,EF0324Z0143,31.7514659,shopify,0,deny,manual,2.96,3.7,TRUE,TRUE,,,,,,https://cdn.shopify.com/s/files/1/0901/3696/9543/files/267289223.webp?v=1763943087,3,267289223.webp,,,,,,,,,,,,,,,,,,,,,,,,,,,,,,,,,,lb,,1.85,
20mg-77-slim-medium-nicotine-pouches-20-pouches,,,,,,,,,Strawberry,,,,,,,,EF0325Z0143,31.7514659,shopify,26,deny,manual,2.96,3.7,TRUE,TRUE,,,,,,https://cdn.shopify.com/s/files/1/0901/3696/9543/files/267289224.webp?v=1763943091,4,267289224.webp,,,,,,,,,,,,,,,,,,,,,,,,,,,,,,,,,https://cdn.shopify.com/s/files/1/0901/3696/9543/files/267289227.webp?v=1763943096,lb,,1.85,
20mg-77-slim-medium-nicotine-pouches-20-pouches,,,,,,,,,Forest Fruits,,,,,,,,EF0323Z0143,31.7514659,shopify,190,deny,manual,2.96,3.7,TRUE,TRUE,,,,,,https://cdn.shopify.com/s/files/1/0901/3696/9543/files/267289225.webp?v=1763943100,5,267289225.webp,,,,,,,,,,,,,,,,,,,,,,,,,,,,,,,,,https://cdn.shopify.com/s/files/1/0901/3696/9543/files/267289226.webp?v=1763943092,lb,,1.85,
20mg-77-slim-medium-nicotine-pouches-20-pouches,,,,,,,,,Blackcurrant,,,,,,,,EF0318Z0143,31.7514659,shopify,0,deny,manual,2.96,3.7,TRUE,TRUE,,,,,,https://cdn.shopify.com/s/files/1/0901/3696/9543/files/267289226.webp?v=1763943092,6,267289226.webp,,,,,,,,,,,,,,,,,,,,,,,,,,,,,,,,,https://cdn.shopify.com/s/files/1/0901/3696/9543/files/267289223.webp?v=1763943087,lb,,1.85,
20mg-77-slim-medium-nicotine-pouches-20-pouches,,,,,,,,,Ice Mint,,,,,,,,EF0320Z0143,31.7514659,shopify,149,deny,manual,2.96,3.7,TRUE,TRUE,,,,,,https://cdn.shopify.com/s/files/1/0901/3696/9543/files/267289227.webp?v=1763943096,7,267289227.webp,,,,,,,,,,,,,,,,,,,,,,,,,,,,,,,,,https://cdn.shopify.com/s/files/1/0901/3696/9543/files/267289224.webp?v=1763943091,lb,,1.85,
20mg-77-slim-medium-nicotine-pouches-20-pouches,,,,,,,,,Classic Tobacco,,,,,,,,EF0322Z0143,31.7514659,shopify,179,deny,manual,2.96,3.7,TRUE,TRUE,,,,,,https://cdn.shopify.com/s/files/1/0901/3696/9543/files/267289228.webp?v=1763943098,8,267289228.webp,,,,,,,,,,,,,,,,,,,,,,,,,,,,,,,,,https://cdn.shopify.com/s/files/1/0901/3696/9543/files/267289225.webp?v=1763943100,lb,,1.85,
20mg-77-slim-medium-nicotine-pouches-20-pouches,,,,,,,,,Apple & Mint,,,,,,,,EF0321Z0143,31.7514659,shopify,0,deny,manual,2.96,3.7,TRUE,TRUE,,,,,,https://cdn.shopify.com/s/files/1/0901/3696/9543/files/267289229.webp?v=1763943096,9,267289229.webp,,,,,,,,,,,,,,,,,,,,,,,,,,,,,,,,,,lb,,1.85,
20mg-77-slim-medium-nicotine-pouches-20-pouches,,,,,,,,,Cola & Cherry,,,,,,,,EF0328Z0143,31.7514659,shopify,5,deny,manual,2.96,3.7,TRUE,TRUE,,,,,,https://cdn.shopify.com/s/files/1/0901/3696/9543/files/267289230.webp?v=1763943089,10,267289230.webp,,,,,,,,,,,,,,,,,,,,,,,,,,,,,,,,,https://cdn.shopify.com/s/files/1/0901/3696/9543/files/267289230.webp?v=1763943089,lb,,1.85,
20mg-77-slim-medium-nicotine-pouches-20-pouches,,,,,,,,,Tropical Mint,,,,,,,,EF0326Z0143,31.7514659,shopify,73,deny,manual,2.96,3.7,TRUE,TRUE,,,,,,,,,,,,,,,,,,,,,,,,,,,,,,,,,,,,,,,,,https://cdn.shopify.com/s/files/1/0901/3696/9543/files/267289228.webp?v=1763943098,lb,,1.85,
20mg-77-slim-medium-nicotine-pouches-20-pouches,,,,,,,,,Cola & Vanilla,,,,,,,,EF0319Z0143,31.7514659,shopify,0,deny,manual,2.96,3.7,TRUE,TRUE,,,,,,,,,,,,,,,,,,,,,,,,,,,,,,,,,,,,,,,,,,lb,,1.85,
20mg-77-slim-medium-nicotine-pouches-20-pouches,,,,,,,,,Peach & Mint,,,,,,,,EF0317Z0143,31.7514659,shopify,50,deny,manual,2.96,3.7,TRUE,TRUE,,,,,,,,,,,,,,,,,,,,,,,,,,,,,,,,,,,,,,,,,,lb,,1.85,
15mg-clew-nicotine-pouches-20-pouches,15mg CLEW Nicotine Pouches - 20 Pouches,"<p><span>CLEW Nicotine Pouches in 15mg strength offer a modern, tobacco-free alternative for those seeking a clean and convenient nicotine experience. Each can contains 20 slim, discreet pouches designed for comfortable placement under the upper lip, delivering a smooth and steady release of nicotine throughout the day. These pouches are formulated with pharmaceutical-grade nicotine and premium flavourings, ensuring a gratifying sensation with every use.</span></p>
<p><strong>Specifications:</strong></p>
<ul>
<li><span>Nicotine Strength: 15mg</span></li>
<li><span>20 Pouches</span></li>
<li><span>Tobacco Free</span></li>
</ul>
<p><strong>Flavours:</strong></p>
<ul>
<li><span>Blueberry</span></li>
<li><span>Cool Mint</span></li>
<li><span>Menthol</span></li>
<li><span>Spearmint</span></li>
<li><span>Watermelon</span></li>
<li><span>Wintergreen</span></li>
<li><span>Coffee</span></li>
<li><span>Citrus</span></li>
</ul>",CLEW,Health & Beauty > Health Care > Medicine & Drugs > Smoking Cessation Aids,Smoking Products,"15mg, beverages, fruity, ice, nic_salt, nic_strength=15, nicotine_pouches, parse_attributes_0, pouch",TRUE,Flavour,Menthol,,,,,,,,EI0353X0532,31.7514659,shopify,200,deny,manual,2.8,3.5,TRUE,TRUE,,,,,,https://cdn.shopify.com/s/files/1/0901/3696/9543/files/267289357.webp?v=1763942989,1,267289357.webp,FALSE,15mg CLEW Nicotine Pouches - 20 Pouches,"Buy CLEW CLEW 15mg nicotine pouches. Tobacco-free, discreet pouches. Fast UK delivery, 18+ age verified.",Health & Beauty > Health Care > Medicine & Drugs,unisex,adult,EI0353X0532,new,FALSE,,,,,,,,,,,,,,,,,,,,,,,"clew, 15mg, 15 mg, nicotine pouches, nic pouches, tobacco free",,lb,,1.75,active
15mg-clew-nicotine-pouches-20-pouches,,,,,,,,,Blueberry,,,,,,,,EI0349X0532,31.7514659,shopify,196,deny,manual,2.8,3.5,TRUE,TRUE,,,,,,https://cdn.shopify.com/s/files/1/0901/3696/9543/files/267289358.webp?v=1763942989,2,267289358.webp,,,,,,,,,,,,,,,,,,,,,,,,,,,,,,,,,,lb,,1.75,
15mg-clew-nicotine-pouches-20-pouches,,,,,,,,,Watermelon,,,,,,,,EI0355X0532,31.7514659,shopify,197,deny,manual,2.8,3.5,TRUE,TRUE,,,,,,https://cdn.shopify.com/s/files/1/0901/3696/9543/files/267289359.webp?v=1763942990,3,267289359.webp,,,,,,,,,,,,,,,,,,,,,,,,,,,,,,,,,,lb,,1.75,
15mg-clew-nicotine-pouches-20-pouches,,,,,,,,,Spearmint,,,,,,,,EI0354X0532,31.7514659,shopify,197,deny,manual,2.8,3.5,TRUE,TRUE,,,,,,https://cdn.shopify.com/s/files/1/0901/3696/9543/files/267289360.webp?v=1763942990,4,267289360.webp,,,,,,,,,,,,,,,,,,,,,,,,,,,,,,,,,,lb,,1.75,
15mg-clew-nicotine-pouches-20-pouches,,,,,,,,,Coffee,,,,,,,,EI0351X0532,31.7514659,shopify,198,deny,manual,2.8,3.5,TRUE,TRUE,,,,,,https://cdn.shopify.com/s/files/1/0901/3696/9543/files/267289361.webp?v=1763942990,5,267289361.webp,,,,,,,,,,,,,,,,,,,,,,,,,,,,,,,,,,lb,,1.75,
15mg-clew-nicotine-pouches-20-pouches,,,,,,,,,Cool Mint,,,,,,,,EI0352X0532,31.7514659,shopify,197,deny,manual,2.8,3.5,TRUE,TRUE,,,,,,https://cdn.shopify.com/s/files/1/0901/3696/9543/files/267289362.webp?v=1763942991,6,267289362.webp,,,,,,,,,,,,,,,,,,,,,,,,,,,,,,,,,,lb,,1.75,
15mg-clew-nicotine-pouches-20-pouches,,,,,,,,,Citrus,,,,,,,,EI0350X0532,31.7514659,shopify,195,deny,manual,2.8,3.5,TRUE,TRUE,,,,,,https://cdn.shopify.com/s/files/1/0901/3696/9543/files/267289363.webp?v=1763942991,7,267289363.webp,,,,,,,,,,,,,,,,,,,,,,,,,,,,,,,,,,lb,,1.75,
15mg-clew-nicotine-pouches-20-pouches,,,,,,,,,Wintergreen,,,,,,,,EI0356X0532,31.7514659,shopify,196,deny,manual,2.8,3.5,TRUE,TRUE,,,,,,https://cdn.shopify.com/s/files/1/0901/3696/9543/files/267289364.webp?v=1763942991,8,267289364.webp,,,,,,,,,,,,,,,,,,,,,,,,,,,,,,,,,,lb,,1.75,
15mg-clew-nicotine-pouches-20-pouches,,,,,,,,,,,,,,,,,,,,,,,,,,,,,,,,https://cdn.shopify.com/s/files/1/0901/3696/9543/files/267289365.webp?v=1763942991,9,267289365.webp,,,,,,,,,,,,,,,,,,,,,,,,,,,,,,,,,,,,,
6mg-ubbs-watermelon-regular-strength-nicotine-pouches-20-pouches,6mg Übbs Watermelon Regular Strength Nicotine Pouches - 20 Pouches,"<p data-mce-fragment=""1"">The Übbs Nicotine Pouches in 6mg strength offer a convenient and discreet way to enjoy nicotine without tobacco. Each pack contains 20 pouches that dissolve quickly in the mouth, providing a satisfying nicotine hit without smoke or unpleasant odours. These pouches are designed to offer a clean and enjoyable alternative to traditional tobacco products, making them perfect for those seeking a refreshing burst of flavour. With a focus on convenience and a wide range of flavours, Übbs Nicotine Pouches are an ideal choice for individuals looking for a new nicotine experience without the need for smoking or vaping.<br data-mce-fragment=""1""><br data-mce-fragment=""1""><strong data-mce-fragment=""1"">Specifications:</strong><br data-mce-fragment=""1""></p>
<ul data-mce-fragment=""1"">
<li data-mce-fragment=""1"">Strength: 6 mg/g</li>
<li data-mce-fragment=""1"">Regular Strength </li>
<li data-mce-fragment=""1"">Weight: 30g</li>
<li data-mce-fragment=""1"">Doses: 20 pouches</li>
</ul>
<p data-mce-fragment=""1""><strong data-mce-fragment=""1"">Direction of Use:</strong><span data-mce-fragment=""1""> </span>Place one pouch under your top or bottom lip. Position the pouch to the side of your lip for comfort. Remove after 30 to 60 minutes. <br data-mce-fragment=""1""><br data-mce-fragment=""1""><strong data-mce-fragment=""1"">Flavour: <br data-mce-fragment=""1""></strong></p>
<ul data-mce-fragment=""1"">
<li data-mce-fragment=""1"">Watermelon </li>
</ul>",Übbs,Health & Beauty > Health Care > Medicine & Drugs > Smoking Cessation Aids,Smoking Products,"6mg, nic_strength=6, nicotine_pouches, parse_attributes_0, pouch, tobacco, traditional_nicotine",TRUE,Title,Default Title,,,,,,,,AJ0069X0467,31.7514659,shopify,87,deny,manual,4,5,TRUE,TRUE,,,,,8904415400351,https://cdn.shopify.com/s/files/1/0901/3696/9543/files/267289324.webp?v=1763942849,1,267289324.webp,FALSE,6mg Übbs Watermelon Regular Strength Nicotine Pouches - 2...,"Buy Übbs Übbs Watermelon Regular 6mg nicotine pouches. Tobacco-free, discreet pouches. Fast UK delivery, 18+ age verified.",Health & Beauty > Health Care > Medicine & Drugs,unisex,adult,AJ0069X0467,new,FALSE,,,,,,6mg,,,,,,,,,,,,,,,,,"übbs, 6mg, 6 mg, melon, watermelon, nicotine pouches, nic pouches, tobacco free",https://cdn.shopify.com/s/files/1/0901/3696/9543/files/267289324.webp?v=1763942849,lb,,2.5,active
10mg-aroma-king-soft-kick-nicotine-pouches-25-pouches,10mg Aroma King Soft Kick Nicotine Pouches - 25 Pouches,"Transform your nicotine consumption with 10mg Aroma King Soft Kick Nicotine Pouches - 25 Pouches. This pack provides 25 discreet pouches for convenient and discreet satisfaction. With a mild nicotine kick, they are perfect for those seeking a gentler option. Enjoy nicotine without smoking or vaping, whether you're on the go or relaxing at home. Elevate your nicotine experience today with Aroma King Soft Kick Nicotine Pouches.<br data-mce-fragment=""1""><br data-mce-fragment=""1""><strong data-mce-fragment=""1"">Specifications:</strong><br data-mce-fragment=""1"">
<ul data-mce-fragment=""1"">
<li data-mce-fragment=""1"">Strength: 10mg Per Pouch</li>
<li data-mce-fragment=""1"">Weight: 30g</li>
<li data-mce-fragment=""1"">Doses: 25 pouches</li>
<li data-mce-fragment=""1"">Tobacco-free, smoke-free and vapour-free</li>
</ul>
<br data-mce-fragment=""1""><strong data-mce-fragment=""1"">Direction of Use:</strong><span data-mce-fragment=""1""> Place one pouch under your top or bottom lip. Position the pouch to the side of your lip for comfort. Remove after 30 to 60 minutes.</span><br data-mce-fragment=""1""><br data-mce-fragment=""1""><strong data-mce-fragment=""1"">Flavours:<br data-mce-fragment=""1""></strong>
<ul data-mce-fragment=""1"">
<li data-mce-fragment=""1"">Candy Tobacco </li>
<li data-mce-fragment=""1"">Peach Ice </li>
<li data-mce-fragment=""1"">Rainbow Drops </li>
<li data-mce-fragment=""1"">Mango Ice </li>
<li data-mce-fragment=""1"">Double Mint </li>
<li data-mce-fragment=""1"">Muffin </li>
<li data-mce-fragment=""1"">Menthol Ice </li>
<li data-mce-fragment=""1"">Exotic Ice </li>
<li data-mce-fragment=""1"">Ruby Berry </li>
<li data-mce-fragment=""1"">Freeze Ice </li>
<li data-mce-fragment=""1"">Blueberry Ice </li>
<li data-mce-fragment=""1"">Cola Ice </li>
</ul>
<strong data-mce-fragment=""1""><br data-mce-fragment=""1""></strong>",Aroma King,Health & Beauty > Health Care > Medicine & Drugs > Smoking Cessation Aids,Smoking Products,"0mg, 10mg, beverages, candy/sweets, fruity, ice, nic_strength=10, nicotine_pouches, parse_attributes_0, pouch, tobacco",TRUE,Flavour,Peach Ice,,,,,,,,DD0344X0339,31.7514659,shopify,0,deny,manual,3.44,4.3,TRUE,TRUE,,,,,,https://cdn.shopify.com/s/files/1/0901/3696/9543/files/267289231.webp?v=1763941273,1,267289231.webp,FALSE,10mg Aroma King Soft Kick Nicotine Pouches - 25 Pouches,"Buy Aroma King Aroma King Soft 10mg nicotine pouches. Tobacco-free, discreet pouches. Fast UK delivery, 18+ age verified.",Health & Beauty > Health Care > Medicine & Drugs,unisex,adult,DD0344X0339,new,FALSE,,,,,,,,,,,,,,,,,,,,,,,"aroma king, 10mg, 10 mg, nicotine pouches, nic pouches, tobacco free",https://cdn.shopify.com/s/files/1/0901/3696/9543/files/267289233.webp?v=1763941282,lb,,2.15,active
10mg-aroma-king-soft-kick-nicotine-pouches-25-pouches,,,,,,,,,Cola Ice,,,,,,,,DD0354X0339,31.7514659,shopify,3,deny,manual,3.44,4.3,TRUE,TRUE,,,,,,https://cdn.shopify.com/s/files/1/0901/3696/9543/files/267289232.webp?v=1763941276,2,267289232.webp,,,,,,,,,,,,,,,,,,,,,,,,,,,,,,,,,https://cdn.shopify.com/s/files/1/0901/3696/9543/files/267289243.webp?v=1763941279,lb,,2.15,
10mg-aroma-king-soft-kick-nicotine-pouches-25-pouches,,,,,,,,,Mango Ice,,,,,,,,DD0346X0339,31.7514659,shopify,0,deny,manual,3.44,4.3,TRUE,TRUE,,,,,,https://cdn.shopify.com/s/files/1/0901/3696/9543/files/267289233.webp?v=1763941282,3,267289233.webp,,,,,,,,,,,,,,,,,,,,,,,,,,,,,,,,,https://cdn.shopify.com/s/files/1/0901/3696/9543/files/267289235.webp?v=1763941277,lb,,2.15,
10mg-aroma-king-soft-kick-nicotine-pouches-25-pouches,,,,,,,,,Blueberry Ice,,,,,,,,DD0353X0339,31.7514659,shopify,0,deny,manual,3.44,4.3,TRUE,TRUE,,,,,,https://cdn.shopify.com/s/files/1/0901/3696/9543/files/267289234.webp?v=1763941291,4,267289234.webp,,,,,,,,,,,,,,,,,,,,,,,,,,,,,,,,,https://cdn.shopify.com/s/files/1/0901/3696/9543/files/267289242.webp?v=1763941283,lb,,2.15,
10mg-aroma-king-soft-kick-nicotine-pouches-25-pouches,,,,,,,,,Rainbow Drops,,,,,,,,DD0345X0339,31.7514659,shopify,0,deny,manual,3.44,4.3,TRUE,TRUE,,,,,,https://cdn.shopify.com/s/files/1/0901/3696/9543/files/267289235.webp?v=1763941277,5,267289235.webp,,,,,,,,,,,,,,,,,,,,,,,,,,,,,,,,,https://cdn.shopify.com/s/files/1/0901/3696/9543/files/267289234.webp?v=1763941291,lb,,2.15,
10mg-aroma-king-soft-kick-nicotine-pouches-25-pouches,,,,,,,,,Ruby Berry,,,,,,,,DD0351X0339,31.7514659,shopify,0,deny,manual,3.44,4.3,TRUE,TRUE,,,,,,https://cdn.shopify.com/s/files/1/0901/3696/9543/files/267289236.webp?v=1763941280,6,267289236.webp,,,,,,,,,,,,,,,,,,,,,,,,,,,,,,,,,https://cdn.shopify.com/s/files/1/0901/3696/9543/files/267289240.webp?v=1763941289,lb,,2.15,
10mg-aroma-king-soft-kick-nicotine-pouches-25-pouches,,,,,,,,,Freeze Ice,,,,,,,,DD0352X0339,31.7514659,shopify,34,deny,manual,3.44,4.3,TRUE,TRUE,,,,,,https://cdn.shopify.com/s/files/1/0901/3696/9543/files/267289237.webp?v=1763941287,7,267289237.webp,,,,,,,,,,,,,,,,,,,,,,,,,,,,,,,,,https://cdn.shopify.com/s/files/1/0901/3696/9543/files/267289241.webp?v=1763941290,lb,,2.15,
10mg-aroma-king-soft-kick-nicotine-pouches-25-pouches,,,,,,,,,Double Mint,,,,,,,,DD0347X0339,31.7514659,shopify,2,deny,manual,3.44,4.3,TRUE,TRUE,,,,,,https://cdn.shopify.com/s/files/1/0901/3696/9543/files/267289238.webp?v=1763941285,8,267289238.webp,,,,,,,,,,,,,,,,,,,,,,,,,,,,,,,,,https://cdn.shopify.com/s/files/1/0901/3696/9543/files/267289236.webp?v=1763941280,lb,,2.15,
10mg-aroma-king-soft-kick-nicotine-pouches-25-pouches,,,,,,,,,Menthol Ice,,,,,,,,DD0349X0339,31.7514659,shopify,36,deny,manual,3.44,4.3,TRUE,TRUE,,,,,,https://cdn.shopify.com/s/files/1/0901/3696/9543/files/267289239.webp?v=1763941286,9,267289239.webp,,,,,,,,,,,,,,,,,,,,,,,,,,,,,,,,,https://cdn.shopify.com/s/files/1/0901/3696/9543/files/267289238.webp?v=1763941285,lb,,2.15,
10mg-aroma-king-soft-kick-nicotine-pouches-25-pouches,,,,,,,,,Candy Tobacco,,,,,,,,DD0343X0339,31.7514659,shopify,0,deny,manual,3.44,4.3,TRUE,TRUE,,,,,,https://cdn.shopify.com/s/files/1/0901/3696/9543/files/267289240.webp?v=1763941289,10,267289240.webp,,,,,,,,,,,,,,,,,,,,,,,,,,,,,,,,,https://cdn.shopify.com/s/files/1/0901/3696/9543/files/267289232.webp?v=1763941276,lb,,2.15,
10mg-aroma-king-soft-kick-nicotine-pouches-25-pouches,,,,,,,,,Exotic Ice,,,,,,,,DD0350X0339,31.7514659,shopify,0,deny,manual,3.44,4.3,TRUE,TRUE,,,,,,https://cdn.shopify.com/s/files/1/0901/3696/9543/files/267289241.webp?v=1763941290,11,267289241.webp,,,,,,,,,,,,,,,,,,,,,,,,,,,,,,,,,https://cdn.shopify.com/s/files/1/0901/3696/9543/files/267289239.webp?v=1763941286,lb,,2.15,
10mg-aroma-king-soft-kick-nicotine-pouches-25-pouches,,,,,,,,,Muffin,,,,,,,,DD0348X0339,31.7514659,shopify,0,deny,manual,3.44,4.3,TRUE,TRUE,,,,,,https://cdn.shopify.com/s/files/1/0901/3696/9543/files/267289242.webp?v=1763941283,12,267289242.webp,,,,,,,,,,,,,,,,,,,,,,,,,,,,,,,,,https://cdn.shopify.com/s/files/1/0901/3696/9543/files/267289237.webp?v=1763941287,lb,,2.15,
10mg-aroma-king-soft-kick-nicotine-pouches-25-pouches,,,,,,,,,,,,,,,,,,,,,,,,,,,,,,,,https://cdn.shopify.com/s/files/1/0901/3696/9543/files/267289243.webp?v=1763941279,13,267289243.webp,,,,,,,,,,,,,,,,,,,,,,,,,,,,,,,,,,,,,
3mg-on-mini-regular-sweet-mint-nicotine-pouches-20-pouches,3mg On! Mini Regular Sweet Mint Nicotine Pouches - 20 Pouches,"<span data-mce-fragment=""1"">Enhance your nicotine experience with 3mg On! Mini Regular Sweet Mint Nicotine Pouches. These 20 conveniently-sized pouches are perfect for your daily routine. Each discreet, flavorful pouch delivers a satisfying hit and is easily portable. Whether you're a new or seasoned user, these pouches offer a versatile and enjoyable option for satisfying cravings. Don't miss out - try them now and see why they're a must-have for tobacco enthusiasts!</span><br data-mce-fragment=""1""><br data-mce-fragment=""1""><strong data-mce-fragment=""1"">Specifications:</strong><br data-mce-fragment=""1"">
<ul data-mce-fragment=""1"">
<li data-mce-fragment=""1"">Strength: 3 mg Per Pouch </li>
<li data-mce-fragment=""1"">Regular Strength</li>
<li data-mce-fragment=""1"">Weight: 30g</li>
<li data-mce-fragment=""1"">Doses: 20 pouches </li>
</ul>
<br data-mce-fragment=""1""><strong data-mce-fragment=""1"">Direction of Use:</strong><span data-mce-fragment=""1""> Place one pouch under your top or bottom lip. Position the pouch to the side of your lip for comfort. Remove after 30 to 60 minutes.</span><br data-mce-fragment=""1""><br data-mce-fragment=""1""><strong data-mce-fragment=""1"">Flavour:</strong><br data-mce-fragment=""1"">
<ul data-mce-fragment=""1"">
<li data-mce-fragment=""1"">Sweet Mint<br data-mce-fragment=""1"">
</li>
</ul>",On!,Health & Beauty > Health Care > Medicine & Drugs > Smoking Cessation Aids,Smoking Products,"3mg, ice, nic_strength=3, nicotine_pouches, parse_attributes_0, pouch, tobacco",TRUE,Title,Default Title,,,,,,,,EB0189X0473,31.7514659,shopify,0,deny,manual,7.58,9.48,TRUE,TRUE,,,,,0000073189497,https://cdn.shopify.com/s/files/1/0901/3696/9543/files/267289327.webp?v=1763941068,1,267289327.webp,FALSE,3mg On! Mini Regular Sweet Mint Nicotine Pouches - 20 Pou...,"Buy On! On! Mini Regular 3mg nicotine pouches. Tobacco-free, discreet pouches. Fast UK delivery, 18+ age verified.",Health & Beauty > Health Care > Medicine & Drugs,unisex,adult,EB0189X0473,new,FALSE,,,,,,3mg,,,,,,,,,,,,,,,,,"on!, 3mg, 3 mg, mint, nicotine pouches, nic pouches, tobacco free",https://cdn.shopify.com/s/files/1/0901/3696/9543/files/267289327.webp?v=1763941068,lb,,4.74,active
16mg-maggie-lite-nicotine-pouches-20-pouches,16mg Maggie Lite Nicotine Pouches - 20 Pouches,"<p>Discover the perfect balance of satisfaction and subtlety with the 16mg Maggie Lite Nicotine Pouches. This pack contains 20 carefully crafted pouches, each delivering a moderate 16mg dose of nicotine for a smooth and enjoyable experience. Ideal for those seeking a lighter nicotine option or for users transitioning from higher strengths, these pouches offer a discreet and convenient way to manage nicotine cravings without the need for smoking or vaping. The Maggie Lite Nicotine Pouches are designed for easy use - simply place a pouch between your gum and lip to experience a consistent release of nicotine that provides a gentle yet effective lift. With their compact size and mess-free design, these pouches are perfect for on-the-go use, whether you're at work, travelling, or socializing. Enjoy the satisfying nicotine experience of Maggie Lite Pouches anytime, anywhere, and embrace a cleaner, more versatile alternative to traditional tobacco products.<strong data-mce-fragment=""1""><br><br><br>Specifications:</strong></p>
<ul data-mce-fragment=""1"">
<li data-mce-fragment=""1"">Strength: 16mg Per Gram </li>
<li data-mce-fragment=""1"">Lite Strength<br>
</li>
<li data-mce-fragment=""1"">No Tobacco </li>
<li data-mce-fragment=""1"">Slim Pouch </li>
<li data-mce-fragment=""1"">Weight: 30g</li>
<li data-mce-fragment=""1"">Doses: 20 pouches<br>
</li>
</ul>
<p><strong>Direction of Use:</strong> Place one pouch under your top or bottom lip. Position the pouch to the side of your lip for comfort. Remove after 30 to 60 minutes.<br data-mce-fragment=""1""><br data-mce-fragment=""1""><strong>Flavour: <br></strong></p>
<ul>
<li>Cherry Tonic Wine </li>
<li>Mr Blue </li>
<li>Fruit Punch </li>
<li>Jamaican Kola </li>
</ul>
<p><!----><br></p>
<!----><!---->",Maggie,Health & Beauty > Health Care > Medicine & Drugs > Smoking Cessation Aids,Smoking Products,"16mg, fruity, nic_salt, nicotine_pouches, parse_attributes_0, pouch, tobacco, traditional_nicotine",TRUE,Flavour,Mr Blue,,,,,,,,EH0061X0510,31.7514659,shopify,101,deny,manual,3.44,4.3,TRUE,TRUE,,,,,,https://cdn.shopify.com/s/files/1/0901/3696/9543/files/267289861.webp?v=1763940525,1,267289861.webp,FALSE,16mg Maggie Lite Nicotine Pouches - 20 Pouches,"Buy Maggie Maggie Lite 16mg nicotine pouches. Tobacco-free, discreet pouches. Fast UK delivery, 18+ age verified.",Health & Beauty > Health Care > Medicine & Drugs,unisex,adult,EH0061X0510,new,FALSE,,,,,,,,,,,,,,,,,,,,,,,"maggie, 16mg, 16 mg, nicotine pouches, nic pouches, tobacco free",https://cdn.shopify.com/s/files/1/0901/3696/9543/files/267289863.webp?v=1763940530,lb,,2.15,active
16mg-maggie-lite-nicotine-pouches-20-pouches,,,,,,,,,Fruit Punch,,,,,,,,EH0062X0510,31.7514659,shopify,55,deny,manual,3.44,4.3,TRUE,TRUE,,,,,,https://cdn.shopify.com/s/files/1/0901/3696/9543/files/267289862.webp?v=1763940534,2,267289862.webp,,,,,,,,,,,,,,,,,,,,,,,,,,,,,,,,,https://cdn.shopify.com/s/files/1/0901/3696/9543/files/267289864.webp?v=1763940532,lb,,2.15,
16mg-maggie-lite-nicotine-pouches-20-pouches,,,,,,,,,Jamaican Kola,,,,,,,,EH0085X0510,31.7514659,shopify,74,deny,manual,3.44,4.3,TRUE,TRUE,,,,,,https://cdn.shopify.com/s/files/1/0901/3696/9543/files/267289863.webp?v=1763940530,3,267289863.webp,,,,,,,,,,,,,,,,,,,,,,,,,,,,,,,,,https://cdn.shopify.com/s/files/1/0901/3696/9543/files/267289865.webp?v=1763940529,lb,,2.15,
16mg-maggie-lite-nicotine-pouches-20-pouches,,,,,,,,,Cherry Tonic Wine,,,,,,,,EH0060X0510,31.7514659,shopify,84,deny,manual,3.44,4.3,TRUE,TRUE,,,,,,https://cdn.shopify.com/s/files/1/0901/3696/9543/files/267289864.webp?v=1763940532,4,267289864.webp,,,,,,,,,,,,,,,,,,,,,,,,,,,,,,,,,https://cdn.shopify.com/s/files/1/0901/3696/9543/files/267289862.webp?v=1763940534,lb,,2.15,
16mg-maggie-lite-nicotine-pouches-20-pouches,,,,,,,,,,,,,,,,,,,,,,,,,,,,,,,,https://cdn.shopify.com/s/files/1/0901/3696/9543/files/267289865.webp?v=1763940529,5,267289865.webp,,,,,,,,,,,,,,,,,,,,,,,,,,,,,,,,,,,,,
12mg-nor-mini-nicotine-pouches-20-pouches,12mg NOR Mini Nicotine Pouches - 20 Pouches,"<p>Discover the perfect balance of discretion and satisfaction with 12mg NOR Mini Nicotine Pouches. This compact pack contains 20 expertly crafted, tobacco-free pouches designed to deliver a smooth and consistent nicotine experience. The mini size ensures an ultra-comfortable fit, making these pouches virtually undetectable under your lip for the ultimate in discreet usage. With a moderate 12mg nicotine strength, these pouches cater to both newcomers and experienced users seeking a controlled nicotine intake without the need for smoke or vapor. NOR's commitment to quality shines through in every pouch, offering a clean, satisfying alternative that can be enjoyed anytime, anywhere. Whether you're in a meeting, socializing, or simply relaxing, these mini pouches provide an effective and convenient way to manage your nicotine cravings. Embrace a modern, smoke-free lifestyle with NOR Mini Nicotine Pouches, and experience a new level of freedom and flexibility in your nicotine routine.<strong><br><br>Specifications:</strong></p>
<ul>
<li>Strength: 12mg/g <br>
</li>
<li>S3 Strength<br>
</li>
<li>Weight: 30g<br>
</li>
<li>Doses: 20 pouches<br>
</li>
<li>Mini Pouches <br><br><strong>Direction of Use: </strong>Place one pouch under your top or bottom lip. Position the pouch to the side of your lip for comfort. Remove after 30 to 60 minutes.</li>
</ul>
<p><strong>Flavours:  <br></strong></p>
<ul>
<li>Telemark | Mini | No.16 - Green Apple <br>
</li>
<li>Hardanger | Mini | No.14 - Strawberry <strong><br></strong><strong></strong>
</li>
</ul>
<!----><!---->",NOR,Health & Beauty > Health Care > Medicine & Drugs > Smoking Cessation Aids,Smoking Products,"12mg, fruity, nic_salt, nic_strength=12, nicotine_pouches, parse_attributes_0, pouch",TRUE,Flavour,Telemark - Green Apple,,,,,,,,EG0320X0359,31.7514659,shopify,0,deny,manual,4.8,6,TRUE,TRUE,,,,,,https://cdn.shopify.com/s/files/1/0901/3696/9543/files/267289739.webp?v=1763940456,1,267289739.webp,FALSE,12mg NOR Mini Nicotine Pouches - 20 Pouches,"Buy NOR NOR Mini 12mg nicotine pouches. Tobacco-free, discreet pouches. Fast UK delivery, 18+ age verified.",Health & Beauty > Health Care > Medicine & Drugs,unisex,adult,EG0320X0359,new,FALSE,,,,,,,,,,,,,,,,,,,,,,,"nor, 12mg, 12 mg, nicotine pouches, nic pouches, tobacco free",https://cdn.shopify.com/s/files/1/0901/3696/9543/files/267289740.webp?v=1763940462,lb,,3,active
12mg-nor-mini-nicotine-pouches-20-pouches,,,,,,,,,Hardanger - Strawberry,,,,,,,,EG0318X0359,31.7514659,shopify,0,deny,manual,4.8,6,TRUE,TRUE,,,,,,https://cdn.shopify.com/s/files/1/0901/3696/9543/files/267289740.webp?v=1763940462,2,267289740.webp,,,,,,,,,,,,,,,,,,,,,,,,,,,,,,,,,https://cdn.shopify.com/s/files/1/0901/3696/9543/files/267289741.webp?v=1763940460,lb,,3,
12mg-nor-mini-nicotine-pouches-20-pouches,,,,,,,,,,,,,,,,,,,,,,,,,,,,,,,,https://cdn.shopify.com/s/files/1/0901/3696/9543/files/267289741.webp?v=1763940460,3,267289741.webp,,,,,,,,,,,,,,,,,,,,,,,,,,,,,,,,,,,,,
43mg-cuba-black-nicotine-pouches-25-pouches,43mg CUBA Black Nicotine Pouches - 25 Pouches,"<div>Enhance your smoking experience without compromising your health with 43mg CUBA Black Nicotine Pouches! These discreet and well-balanced pouches provide 43mg of nicotine for a satisfying buzz. With a variety of tantalizing flavors to choose from, you can easily find the perfect one for you. Each pack contains 25 pouches, making it convenient and discreet to enjoy smoke-free and nicotine-filled experiences.</div>
<div><strong><br>Specifications</strong></div>
<ul>
<li>25 portions per pouch </li>
<li>strength - 43mg  </li>
</ul>
<p><strong>Flavours </strong><br></p>
<ul>
<li>Blueberry</li>
<li>Cherry</li>
<li>Cola</li>
<li>Double Fresh</li>
<li>Forest Berries</li>
<li>Ice Spearmint</li>
<li>Pineapple</li>
<li>Watermelon</li>
<li>Banana Hit <br>
</li>
<li>Blackcurrant </li>
<li>Peach </li>
<li>Apple Juice </li>
<li>Grape </li>
</ul>
<p> </p>",CUBA,Health & Beauty > Health Care > Medicine & Drugs > Smoking Cessation Aids,Smoking Products,"0mg, beverages, fruity, ice, nic_strength=43, nicotine_pouches, parse_attributes_0, pouch",TRUE,Flavour,Watermelon,,,,,,,,BU0164X0439,49.8951607,shopify,12,deny,manual,4.08,5.1,TRUE,TRUE,,,,,,https://cdn.shopify.com/s/files/1/0901/3696/9543/files/267289474.webp?v=1763940285,1,267289474.webp,FALSE,43mg CUBA Black Nicotine Pouches - 25 Pouches,"Buy CUBA CUBA Black 25 43mg nicotine pouches. Tobacco-free, discreet pouches. Fast UK delivery, 18+ age verified.",Health & Beauty > Health Care > Medicine & Drugs,unisex,adult,BU0164X0439,new,FALSE,,,,,,43mg,TRUE,,,,,,,,,,,,,,,,"cuba, 43mg, 43 mg, nicotine pouches, nic pouches, tobacco free",,lb,,2.55,active
43mg-cuba-black-nicotine-pouches-25-pouches,,,,,,,,,Grape,,,,,,,,EF0388X0439,49.8951607,shopify,0,deny,manual,4.08,5.1,TRUE,TRUE,,,,,,https://cdn.shopify.com/s/files/1/0901/3696/9543/files/267289475.webp?v=1763940285,2,267289475.webp,,,,,,,,,,,,,,,,,,,,,,,,,,,,,,,,,,lb,,2.55,
43mg-cuba-black-nicotine-pouches-25-pouches,,,,,,,,,Cola,,,,,,,,BU0167X0439,49.8951607,shopify,0,deny,manual,4.08,5.1,TRUE,TRUE,,,,,,https://cdn.shopify.com/s/files/1/0901/3696/9543/files/267289476.webp?v=1763940285,3,267289476.webp,,,,,,,,,,,,,,,,,,,,,,,,,,,,,,,,,,lb,,2.55,
43mg-cuba-black-nicotine-pouches-25-pouches,,,,,,,,,Pineapple,,,,,,,,BU0166X0439,49.8951607,shopify,0,deny,manual,4.08,5.1,TRUE,TRUE,,,,,,https://cdn.shopify.com/s/files/1/0901/3696/9543/files/267289477.webp?v=1763940286,4,267289477.webp,,,,,,,,,,,,,,,,,,,,,,,,,,,,,,,,,,lb,,2.55,
43mg-cuba-black-nicotine-pouches-25-pouches,,,,,,,,,Cherry,,,,,,,,BU0163X0439,49.8951607,shopify,0,deny,manual,4.08,5.1,TRUE,TRUE,,,,,,https://cdn.shopify.com/s/files/1/0901/3696/9543/files/267289478.webp?v=1763940286,5,267289478.webp,,,,,,,,,,,,,,,,,,,,,,,,,,,,,,,,,,lb,,2.55,
43mg-cuba-black-nicotine-pouches-25-pouches,,,,,,,,,Peach,,,,,,,,EE0190X0439,49.8951607,shopify,0,deny,manual,4.08,5.1,TRUE,TRUE,,,,,,https://cdn.shopify.com/s/files/1/0901/3696/9543/files/267289479.webp?v=1763940286,6,267289479.webp,,,,,,,,,,,,,,,,,,,,,,,,,,,,,,,,,,lb,,2.55,
43mg-cuba-black-nicotine-pouches-25-pouches,,,,,,,,,Apple Juice,,,,,,,,EF0387X0439,49.8951607,shopify,0,deny,manual,4.08,5.1,TRUE,TRUE,,,,,,https://cdn.shopify.com/s/files/1/0901/3696/9543/files/267289480.webp?v=1763940286,7,267289480.webp,,,,,,,,,,,,,,,,,,,,,,,,,,,,,,,,,,lb,,2.55,
43mg-cuba-black-nicotine-pouches-25-pouches,,,,,,,,,Ice Spearmint,,,,,,,,BU0162X0439,49.8951607,shopify,0,deny,manual,4.08,5.1,TRUE,TRUE,,,,,,https://cdn.shopify.com/s/files/1/0901/3696/9543/files/267289481.webp?v=1763940287,8,267289481.webp,,,,,,,,,,,,,,,,,,,,,,,,,,,,,,,,,,lb,,2.55,
43mg-cuba-black-nicotine-pouches-25-pouches,,,,,,,,,Banana Hit,,,,,,,,EE0188X0439,49.8951607,shopify,0,deny,manual,4.08,5.1,TRUE,TRUE,,,,,,https://cdn.shopify.com/s/files/1/0901/3696/9543/files/267289482.webp?v=1763940287,9,267289482.webp,,,,,,,,,,,,,,,,,,,,,,,,,,,,,,,,,,lb,,2.55,
43mg-cuba-black-nicotine-pouches-25-pouches,,,,,,,,,Forest Berries,,,,,,,,BU0168X0439,49.8951607,shopify,0,deny,manual,4.08,5.1,TRUE,TRUE,,,,,,https://cdn.shopify.com/s/files/1/0901/3696/9543/files/267289483.webp?v=1763940288,10,267289483.webp,,,,,,,,,,,,,,,,,,,,,,,,,,,,,,,,,,lb,,2.55,
43mg-cuba-black-nicotine-pouches-25-pouches,,,,,,,,,,,,,,,,,,,,,,,,,,,,,,,,https://cdn.shopify.com/s/files/1/0901/3696/9543/files/267289484.webp?v=1763940288,11,267289484.webp,,,,,,,,,,,,,,,,,,,,,,,,,,,,,,,,,,,,,
43mg-cuba-black-nicotine-pouches-25-pouches,,,,,,,,,,,,,,,,,,,,,,,,,,,,,,,,https://cdn.shopify.com/s/files/1/0901/3696/9543/files/267289485.webp?v=1763940289,12,267289485.webp,,,,,,,,,,,,,,,,,,,,,,,,,,,,,,,,,,,,,
43mg-cuba-black-nicotine-pouches-25-pouches,,,,,,,,,,,,,,,,,,,,,,,,,,,,,,,,https://cdn.shopify.com/s/files/1/0901/3696/9543/files/267289486.webp?v=1763940289,13,267289486.webp,,,,,,,,,,,,,,,,,,,,,,,,,,,,,,,,,,,,,
18mg-garant-mint-nicotine-pouch-20-pouches,18mg Garant Mint Nicotine Pouch - 20 Pouches,"<p>Garant Ice Cool Nicotine Pouches in 18mg - 20 Pouches offer a refreshing, revitalizing flavour with a crisp, long-lasting mint taste for up to 45 minutes. These premium, tobacco-free pouches are made with natural plant-based fibers, providing a superior nicotine experience without the negative effects of smoking or vaping. Designed in a slim, pure white format, they offer a discreet option for use in any situation, from work to social gatherings. Experience a modern, refined way of consuming nicotine with Garant - the evolution of nicotine consumption. Perfect for those looking to quit smoking or seeking a milder nicotine option, these pouches deliver consistent satisfaction every time. Don't miss out on this revolutionary product that's transforming nicotine consumption. <br></p>
<p><strong>Specifications:</strong></p>
<ul>
<li><span>18mg per gram </span></li>
<li><span>20 Pouches</span></li>
<li>Tobacco Free </li>
<li>Long Lasting Flavour</li>
</ul>
<p><strong>Flavour:<br></strong></p>
<ul>
<li>Mint</li>
</ul>
<p><strong>Direction of Use:</strong> Place one pouch under your top or bottom lip. Position the pouch to the side of your lip for comfort. Remove after 30 to 60 minutes.</p>
<p><span><strong>Ingredients: </strong>Cellulose (E460), Salt, Acidtity Regulator (E500), Water, Humectant (E1520), Sucralose (E955), Flavouring, Nicotine. </span></p>",Garant,Health & Beauty > Health Care > Medicine & Drugs > Smoking Cessation Aids,Smoking Products,"18mg, ice, nic_strength=18, nicotine_pouches, parse_attributes_0, pouch, tobacco, unflavoured",TRUE,Title,Default Title,,,,,,,,AB0199X0525,13.6077711,shopify,0,deny,manual,3.2,4,TRUE,TRUE,,,,,HC00-Q0KH-T00S-4W0A,https://cdn.shopify.com/s/files/1/0901/3696/9543/files/267289686.webp?v=1763939692,1,267289686.webp,FALSE,18mg Garant Mint Nicotine Pouch - 20 Pouches | Nicotine P...,"Buy Garant Garant Mint 18mg nicotine pouches. Tobacco-free, discreet pouches. Fast UK delivery, 18+ age verified.",Health & Beauty > Health Care > Medicine & Drugs,unisex,adult,AB0199X0525,new,FALSE,,,,,,,,,,,,,,,,,,,,,,,"garant, 18mg, 18 mg, mint, nicotine pouches, nic pouches, tobacco free",https://cdn.shopify.com/s/files/1/0901/3696/9543/files/267289686.webp?v=1763939692,lb,,2,active
50mg-kingston-nicotine-pouches-20-pouches,50mg Kingston Nicotine Pouches - 20 Pouches,"<p>Experience a safe and convenient way to consume nicotine with 50mg Kingston Nicotine Pouches - 20 Pouches. Each pouch is designed to gradually release nicotine over time when tucked between the lip and gum. Choose from a variety of flavours to find the perfect fit for your personal preferences. Perfect for reducing smoking or non-smoking locations, these pouches offer a healthier alternative to traditional methods. <br> </p>
<p><strong data-mce-fragment=""1"">Specifications:</strong><br data-mce-fragment=""1""></p>
<ul>
<li data-mce-fragment=""1"">Strength: X-Strong 32.5mg Per Pouch </li>
<li data-mce-fragment=""1"">Weight: 30g</li>
<li data-mce-fragment=""1"">Doses: 20 pouches</li>
</ul>
<p><br data-mce-fragment=""1""><strong data-mce-fragment=""1"">Flavour:</strong></p>
<ul>
<li>Blackcurrant Ice</li>
<li>Blue Raspberry Ice<br>
</li>
<li>Bubblegum Ice<br>
</li>
<li>Fresh Mint<br>
</li>
<li>Mango Melon Berries Ice<br>
</li>
<li>Lemon Citrus Ice<br>
</li>
<li>Minty Menthol<br>
</li>
<li>Strawberry Ice<br>
</li>
<li>Watermelon Ice<br>
</li>
<li>Zingberry<br>
</li>
<li>Grape Ice</li>
<li>Cherry Cola</li>
</ul>
<p> </p>",Kingston,Health & Beauty > Health Care > Medicine & Drugs > Smoking Cessation Aids,Smoking Products,"0mg, beverages, candy/sweets, fruity, ice, nic_strength=50, nicotine_pouches, parse_attributes_0, pouch, traditional_nicotine",TRUE,Flavour,Cherry Cola,,,,,,,,AB0066X0256,31.7514659,shopify,0,deny,manual,3.6,4.5,TRUE,TRUE,,,,,,https://cdn.shopify.com/s/files/1/0901/3696/9543/files/267288985.webp?v=1763939166,1,267288985.webp,FALSE,50mg Kingston Nicotine Pouches - 20 Pouches,"Buy Kingston Kingston 50mg nicotine pouches. Tobacco-free, discreet pouches. Fast UK delivery, 18+ age verified.",Health & Beauty > Health Care > Medicine & Drugs,unisex,adult,AB0066X0256,new,FALSE,,,,,,50mg,TRUE,,,,,,,,,,,,,,,,"kingston, 50mg, 50 mg, nicotine pouches, nic pouches, tobacco free",https://cdn.shopify.com/s/files/1/0901/3696/9543/files/267288997.webp?v=1763939174,lb,,2.25,active
50mg-kingston-nicotine-pouches-20-pouches,,,,,,,,,Strawberry Ice,,,,,,,,ED0265X0256,31.7514659,shopify,0,deny,manual,3.6,4.5,TRUE,TRUE,,,,,,https://cdn.shopify.com/s/files/1/0901/3696/9543/files/267288986.webp?v=1763939166,2,267288986.webp,,,,,,,,,,,,,,,,,,,,,,,,,,,,,,,,,,lb,,2.25,
50mg-kingston-nicotine-pouches-20-pouches,,,,,,,,,Fresh Mint,,,,,,,,ED0261X0256,31.7514659,shopify,0,deny,manual,3.6,4.5,TRUE,TRUE,,,,,,https://cdn.shopify.com/s/files/1/0901/3696/9543/files/267288987.webp?v=1763939167,3,267288987.webp,,,,,,,,,,,,,,,,,,,,,,,,,,,,,,,,,,lb,,2.25,
50mg-kingston-nicotine-pouches-20-pouches,,,,,,,,,Watermelon Ice,,,,,,,,ED0266X0256,31.7514659,shopify,0,deny,manual,3.6,4.5,TRUE,TRUE,,,,,,https://cdn.shopify.com/s/files/1/0901/3696/9543/files/267288988.webp?v=1763939167,4,267288988.webp,,,,,,,,,,,,,,,,,,,,,,,,,,,,,,,,,,lb,,2.25,
50mg-kingston-nicotine-pouches-20-pouches,,,,,,,,,Bubblegum Ice,,,,,,,,ED0260X0256,31.7514659,shopify,0,deny,manual,3.6,4.5,TRUE,TRUE,,,,,,https://cdn.shopify.com/s/files/1/0901/3696/9543/files/267288989.webp?v=1763939168,5,267288989.webp,,,,,,,,,,,,,,,,,,,,,,,,,,,,,,,,,,lb,,2.25,
50mg-kingston-nicotine-pouches-20-pouches,,,,,,,,,Blackcurrant Ice,,,,,,,,ED0258X0256,31.7514659,shopify,0,deny,manual,3.6,4.5,TRUE,TRUE,,,,,,https://cdn.shopify.com/s/files/1/0901/3696/9543/files/267288990.webp?v=1763939168,6,267288990.webp,,,,,,,,,,,,,,,,,,,,,,,,,,,,,,,,,,lb,,2.25,
50mg-kingston-nicotine-pouches-20-pouches,,,,,,,,,Grape Ice,,,,,,,,AB0072X0256,31.7514659,shopify,0,deny,manual,3.6,4.5,TRUE,TRUE,,,,,,https://cdn.shopify.com/s/files/1/0901/3696/9543/files/267288991.webp?v=1763939168,7,267288991.webp,,,,,,,,,,,,,,,,,,,,,,,,,,,,,,,,,https://cdn.shopify.com/s/files/1/0901/3696/9543/files/267288996.webp?v=1763939171,lb,,2.25,
50mg-kingston-nicotine-pouches-20-pouches,,,,,,,,,Blue Raspberry Ice,,,,,,,,ED0259X0256,31.7514659,shopify,0,deny,manual,3.6,4.5,TRUE,TRUE,,,,,,https://cdn.shopify.com/s/files/1/0901/3696/9543/files/267288992.webp?v=1763939169,8,267288992.webp,,,,,,,,,,,,,,,,,,,,,,,,,,,,,,,,,,lb,,2.25,
50mg-kingston-nicotine-pouches-20-pouches,,,,,,,,,Zingberry,,,,,,,,ED0267X0256,31.7514659,shopify,0,deny,manual,3.6,4.5,TRUE,TRUE,,,,,,https://cdn.shopify.com/s/files/1/0901/3696/9543/files/267288993.webp?v=1763939169,9,267288993.webp,,,,,,,,,,,,,,,,,,,,,,,,,,,,,,,,,,lb,,2.25,
50mg-kingston-nicotine-pouches-20-pouches,,,,,,,,,Minty Menthol,,,,,,,,ED0264X0256,31.7514659,shopify,0,deny,manual,3.6,4.5,TRUE,TRUE,,,,,,https://cdn.shopify.com/s/files/1/0901/3696/9543/files/267288994.webp?v=1763939169,10,267288994.webp,,,,,,,,,,,,,,,,,,,,,,,,,,,,,,,,,,lb,,2.25,
50mg-kingston-nicotine-pouches-20-pouches,,,,,,,,,Lemon Citrus Ice,,,,,,,,ED0263X0256,31.7514659,shopify,0,deny,manual,3.6,4.5,TRUE,TRUE,,,,,,https://cdn.shopify.com/s/files/1/0901/3696/9543/files/267288995.webp?v=1763939169,11,267288995.webp,,,,,,,,,,,,,,,,,,,,,,,,,,,,,,,,,,lb,,2.25,
50mg-kingston-nicotine-pouches-20-pouches,,,,,,,,,Mango Melon Berries Ice,,,,,,,,ED0262X0256,31.7514659,shopify,1,deny,manual,3.6,4.5,TRUE,TRUE,,,,,,https://cdn.shopify.com/s/files/1/0901/3696/9543/files/267288996.webp?v=1763939171,12,267288996.webp,,,,,,,,,,,,,,,,,,,,,,,,,,,,,,,,,,lb,,2.25,
50mg-kingston-nicotine-pouches-20-pouches,,,,,,,,,,,,,,,,,,,,,,,,,,,,,,,,https://cdn.shopify.com/s/files/1/0901/3696/9543/files/267288997.webp?v=1763939174,13,267288997.webp,,,,,,,,,,,,,,,,,,,,,,,,,,,,,,,,,,,,,
10mg-vito-nicotine-pouches-20-pouches,10mg VITO Nicotine Pouches - 20 Pouches,"<p><meta charset=""UTF-8""><span>VITO Nicotine Pouches 10mg offer a balanced nicotine strength ideal for users seeking a moderate yet satisfying tobacco-free nicotine experience. Each pouch delivers 10mg of nicotine in a discreet, smoke-free format that fits comfortably between the lip and gum, providing a smooth and steady release of nicotine without the mess or odor of traditional tobacco products. Designed for adult users aged 21 and over, these pouches are easy to use anytime and anywhere, supporting a cleaner alternative to smoking or vaping.</span><br></p>
<p><strong>Specifications:</strong></p>
<ul>
<li><span>Nicotine Strength: 10mg</span></li>
<li><span>20 Pouches</span></li>
<li><span>Tobacco Free</span></li>
</ul>
<p><strong>Flavours:</strong></p>
<ul>
<li>Berry Frost</li>
<li>Classic Tobacco</li>
<li>Ice Cool<br>
</li>
<li>Spearmint</li>
<li>Tropical Mango</li>
<li>Watermelon<span></span>
</li>
</ul>",VITO,Health & Beauty > Health Care > Medicine & Drugs > Smoking Cessation Aids,Smoking Products,"0mg, fruity, ice, nic_salt, nic_strength=10, nicotine_pouches, parse_attributes_0, pouch, tobacco, traditional_nicotine",TRUE,Flavour,Watermelon,,,,,,,,AH0167X0529,31.7514659,shopify,299,deny,manual,2.56,3.2,TRUE,TRUE,,,,,,https://cdn.shopify.com/s/files/1/0901/3696/9543/files/267289839.webp?v=1763938722,1,267289839.webp,FALSE,10mg VITO Nicotine Pouches - 20 Pouches,"Buy VITO VITO 10mg nicotine pouches. Tobacco-free, discreet pouches. Fast UK delivery, 18+ age verified.",Health & Beauty > Health Care > Medicine & Drugs,unisex,adult,AH0167X0529,new,FALSE,,,,,,,,,,,,,,,,,,,,,,,"vito, 10mg, 10 mg, nicotine pouches, nic pouches, tobacco free",https://cdn.shopify.com/s/files/1/0901/3696/9543/files/267289845.webp?v=1763938731,lb,,1.6,active
10mg-vito-nicotine-pouches-20-pouches,,,,,,,,,Spearmint,,,,,,,,AH0170X0529,31.7514659,shopify,99,deny,manual,2.56,3.2,TRUE,TRUE,,,,,,https://cdn.shopify.com/s/files/1/0901/3696/9543/files/267289840.webp?v=1763938729,2,267289840.webp,,,,,,,,,,,,,,,,,,,,,,,,,,,,,,,,,https://cdn.shopify.com/s/files/1/0901/3696/9543/files/267289843.webp?v=1763938727,lb,,1.6,
10mg-vito-nicotine-pouches-20-pouches,,,,,,,,,Tropical Mango,,,,,,,,AH0171X0529,31.7514659,shopify,298,deny,manual,2.56,3.2,TRUE,TRUE,,,,,,https://cdn.shopify.com/s/files/1/0901/3696/9543/files/267289841.webp?v=1763938732,3,267289841.webp,,,,,,,,,,,,,,,,,,,,,,,,,,,,,,,,,https://cdn.shopify.com/s/files/1/0901/3696/9543/files/267289844.webp?v=1763938735,lb,,1.6,
10mg-vito-nicotine-pouches-20-pouches,,,,,,,,,Classic Tobacco,,,,,,,,AH0168X0529,31.7514659,shopify,70,deny,manual,2.56,3.2,TRUE,TRUE,,,,,,https://cdn.shopify.com/s/files/1/0901/3696/9543/files/267289842.webp?v=1763938730,4,267289842.webp,,,,,,,,,,,,,,,,,,,,,,,,,,,,,,,,,https://cdn.shopify.com/s/files/1/0901/3696/9543/files/267289841.webp?v=1763938732,lb,,1.6,
10mg-vito-nicotine-pouches-20-pouches,,,,,,,,,Ice Cool,,,,,,,,AH0169X0529,31.7514659,shopify,300,deny,manual,2.56,3.2,TRUE,TRUE,,,,,,https://cdn.shopify.com/s/files/1/0901/3696/9543/files/267289843.webp?v=1763938727,5,267289843.webp,,,,,,,,,,,,,,,,,,,,,,,,,,,,,,,,,https://cdn.shopify.com/s/files/1/0901/3696/9543/files/267289842.webp?v=1763938730,lb,,1.6,
10mg-vito-nicotine-pouches-20-pouches,,,,,,,,,Berry Frost,,,,,,,,AH0166X0529,31.7514659,shopify,299,deny,manual,2.56,3.2,TRUE,TRUE,,,,,,https://cdn.shopify.com/s/files/1/0901/3696/9543/files/267289844.webp?v=1763938735,6,267289844.webp,,,,,,,,,,,,,,,,,,,,,,,,,,,,,,,,,https://cdn.shopify.com/s/files/1/0901/3696/9543/files/267289840.webp?v=1763938729,lb,,1.6,
10mg-vito-nicotine-pouches-20-pouches,,,,,,,,,,,,,,,,,,,,,,,,,,,,,,,,https://cdn.shopify.com/s/files/1/0901/3696/9543/files/267289845.webp?v=1763938731,7,267289845.webp,,,,,,,,,,,,,,,,,,,,,,,,,,,,,,,,,,,,,
3mg-on-mini-regular-mint-nicotine-pouches-20-pouches,3mg On! Mini Regular Mint Nicotine Pouches - 20 Pouches,"<span data-mce-fragment=""1"">Discover a new way to enjoy nicotine with 3mg On! Mini Regular Mint Nicotine Pouches - the perfect addition to your daily routine. These discreet, flavour-packed pouches deliver a satisfying nicotine experience with each use. Featuring 20 mini pouches per can, they're easy to store and take on the go. Plus, satisfying your cravings has never been more enjoyable. Ideal for both new and seasoned nicotine users, these pouches provide a versatile and convenient option for nicotine enjoyment. Try them today and see why they're a must-have for any tobacco enthusiast! </span><br data-mce-fragment=""1""><br data-mce-fragment=""1""><strong data-mce-fragment=""1"">Specifications:</strong><br data-mce-fragment=""1"">
<ul data-mce-fragment=""1"">
<li data-mce-fragment=""1"">Strength: 3 mg Per Pouch </li>
<li data-mce-fragment=""1"">Regular Strength</li>
<li data-mce-fragment=""1"">Weight: 30g</li>
<li data-mce-fragment=""1"">Doses: 20 pouches</li>
</ul>
<br data-mce-fragment=""1""><strong data-mce-fragment=""1"">Direction of Use:</strong><span data-mce-fragment=""1""> Place one pouch under your top or bottom lip. Position the pouch to the side of your lip for comfort. Remove after 30 to 60 minutes.</span><br data-mce-fragment=""1""><br data-mce-fragment=""1""><strong data-mce-fragment=""1"">Flavour:</strong><br data-mce-fragment=""1"">
<ul data-mce-fragment=""1"">
<li data-mce-fragment=""1"">Mint </li>
</ul>",On!,Health & Beauty > Health Care > Medicine & Drugs > Smoking Cessation Aids,Smoking Products,"3mg, ice, nic_strength=3, nicotine_pouches, parse_attributes_0, pouch, tobacco",TRUE,Title,Default Title,,,,,,,,EB0181X0473,31.7514659,shopify,0,deny,manual,7.58,9.48,TRUE,TRUE,,,,,0000073188025,https://cdn.shopify.com/s/files/1/0901/3696/9543/files/267289331.webp?v=1763938616,1,267289331.webp,FALSE,3mg On! Mini Regular Mint Nicotine Pouches - 20 Pouches,"Buy On! On! Mini Regular 3mg nicotine pouches. Tobacco-free, discreet pouches. Fast UK delivery, 18+ age verified.",Health & Beauty > Health Care > Medicine & Drugs,unisex,adult,EB0181X0473,new,FALSE,,,,,,3mg,,,,,,,,,,,,,,,,,"on!, 3mg, 3 mg, mint, nicotine pouches, nic pouches, tobacco free",https://cdn.shopify.com/s/files/1/0901/3696/9543/files/267289331.webp?v=1763938616,lb,,4.74,active
11mg-ubbs-peppermint-strong-nicotine-pouches-20-pouches,11mg Übbs Peppermint Strong Nicotine Pouches - 20 Pouches,"<p data-mce-fragment=""1""><span data-mce-fragment=""1"">Übbs Strong Nicotine Pouches! </span>Discover a refreshing burst of flavour with 11mg. Each convenient pack contains 20 pouches that quickly disperse nicotine in your mouth for a satisfying hit without smoke or unpleasant odours. Designed for those seeking a clean and enjoyable alternative to traditional tobacco products, Übbs Nicotine Pouches offer a convenient and discreet way to enjoy nicotine without tobacco. With a wide range of flavours and a focus on convenience, these pouches are perfect for anyone looking for a new, smoke-free nicotine experience.<br data-mce-fragment=""1""><br data-mce-fragment=""1""><strong data-mce-fragment=""1"">Specifications:</strong><br data-mce-fragment=""1""></p>
<ul data-mce-fragment=""1"">
<li data-mce-fragment=""1"">Strength: 11 mg/g</li>
<li data-mce-fragment=""1"">Regular Strength </li>
<li data-mce-fragment=""1"">Weight: 30g </li>
<li data-mce-fragment=""1"">Doses: 20 pouches</li>
</ul>
<p data-mce-fragment=""1""><strong data-mce-fragment=""1"">Direction of Use:</strong><span data-mce-fragment=""1""> </span>Place one pouch under your top or bottom lip. Position the pouch to the side of your lip for comfort. Remove after 30 to 60 minutes. <br data-mce-fragment=""1""><br data-mce-fragment=""1""><strong data-mce-fragment=""1"">Flavour: <br data-mce-fragment=""1""></strong></p>
<ul data-mce-fragment=""1"">
<li data-mce-fragment=""1"">Peppermint</li>
</ul>",Übbs,Health & Beauty > Health Care > Medicine & Drugs > Smoking Cessation Aids,Smoking Products,"11mg, nic_strength=11, nicotine_pouches, parse_attributes_0, pouch, tobacco, traditional_nicotine",TRUE,Title,Default Title,,,,,,,,AJ0072X0467,31.7514659,shopify,129,deny,manual,4,5,TRUE,TRUE,,,,,8904415400399,https://cdn.shopify.com/s/files/1/0901/3696/9543/files/267288983.webp?v=1763937720,1,267288983.webp,FALSE,11mg Übbs Peppermint Strong Nicotine Pouches - 20 Pouches,"Buy Übbs Übbs Peppermint Strong 11mg nicotine pouches. Tobacco-free, discreet pouches. Fast UK delivery, 18+ age verified.",Health & Beauty > Health Care > Medicine & Drugs,unisex,adult,AJ0072X0467,new,FALSE,,,,,,,,,,,,,,,,,,,,,,,"übbs, 11mg, 11 mg, mint, peppermint, nicotine pouches, nic pouches, tobacco free",https://cdn.shopify.com/s/files/1/0901/3696/9543/files/267288983.webp?v=1763937720,lb,,2.5,active
velo-nicotine-pouches-short-dated-various-strengths-flavours,VELO Nicotine Pouches: Short Dated - Various Strengths & Flavours,,Velo,Health & Beauty > Health Care > Medicine & Drugs > Smoking Cessation Aids,,"0mg, ice, nic_strength=11, nicotine_pouches, parse_attributes_0, pouch",TRUE,Flavour,Crispy peppermint 10mg,,,,,,,,VELOSlimNicotinePouchesCrispyPeppermint10mg,31.7514659,shopify,894,deny,manual,3.04,3.8,TRUE,TRUE,,,,,,,,,FALSE,VELO Nicotine Pouches: Short Dated - Various Strengths & ...,"Buy Velo nicotine pouches. Premium tobacco-free pouches. Fast UK delivery, 18+ age verified.",Health & Beauty > Health Care > Medicine & Drugs,unisex,adult,VELOSlimNicotinePouchesCrispyPeppermint10mg,new,FALSE,,,,,,,,,,,,,,,,,,,,,,,"velo, nicotine pouches, nic pouches, tobacco free",,lb,,1.9,active
velo-nicotine-pouches-short-dated-various-strengths-flavours,,,,,,,,,Freezing Peppermint(Freeze) 11mg,,,,,,,,VELOSlimNicotinePouchesFreezingPeppermint10mg,31.7514659,shopify,2249,deny,manual,3.04,3.8,TRUE,TRUE,,,,,,,,,,,,,,,,,,,,,,,,,,,,,,,,,,,,,,,,,,lb,,1.9,
velo-nicotine-pouches-short-dated-various-strengths-flavours,,,,,,,,,Freezing Peppermint(Freeze) 14mg,,,,,,,,VELOSlimNicotinePouchesFreezingPeppermint14mg,31.7514659,shopify,1237,deny,manual,2.4,3,TRUE,TRUE,,,,,,,,,,,,,,,,,,,,,,,,,,,,,,,,,,,,,,,,,,lb,,1.5,
velo-nicotine-pouches-short-dated-various-strengths-flavours,,,,,,,,,Freezing Peppermint(Freeze) 17mg,,,,,,,,VELOSlimNicotinePouchesFreezingPeppermint17mg,31.7514659,shopify,1352,deny,manual,3.04,3.8,TRUE,TRUE,,,,,,,,,,,,,,,,,,,,,,,,,,,,,,,,,,,,,,,,,,lb,,1.9,
6mg-muse-nicotine-pouches-uk-made-20-pouches-buy-2-get-1-free,6mg Muse Nicotine Pouches (UK Made) - 20 Pouches (Buy 2 Get 1 Free),"<h3><strong><b><i>Limited Time Offer: Buy 2 Get 1 Free</i></b></strong></h3>
<h3>First UK Made Nicotine Pouch Brand!  </h3>
<p><strong>Tobacco Free &amp; Sugar Free!<br></strong><br>Introducing Muse Mix Nicotine Pouches - the future of nicotine satisfaction. These discreet and convenient pouches provide a smooth and satisfying experience with a precise 6mg nicotine strength. No more combustion or vaping - simply place a pouch between your lip and gum for hassle-free delivery. With 20 pouches in each sleek and compact tin, you'll always be prepared for your next nicotine fix. From work to an active day, this innovative product seamlessly fits into your lifestyle, providing a clean and efficient way to enjoy nicotine. Experience long-lasting flavor and consistent nicotine release with Muse Nicotine Pouches. Elevate your nicotine experience with the convenience, discretion, and satisfaction of Muse Mix.<br><br><br><strong>Specifications:</strong><br></p>
<ul>
<li>Strength: 6mg Per Pouch</li>
<li>Doses: 20 pouches</li>
<li>Tobacco-free, smoke-free and vapour-free</li>
<li>Multiple Flavours to Choose From </li>
<li>First UK Made Nicotine Pouch Brand! </li>
<li>Free From Harsh Chemicals </li>
<li>Long Lasting Flavour</li>
<li>Slow-releasing Fast-acting nicotine </li>
</ul>
<p><strong>Flavours: </strong></p>
<ul>
<li><span class=""Polaris-Badge""><span class=""Polaris-Text--root Polaris-Text--bodySm"">Kiwi Passion Guava </span></span></li>
<li><span class=""Polaris-Badge""><span class=""Polaris-Text--root Polaris-Text--bodySm"">Orange Mango </span></span></li>
<li><span class=""Polaris-Badge""><span class=""Polaris-Text--root Polaris-Text--bodySm"">Strawberry Raspberry Cherry </span></span></li>
<li><span class=""Polaris-Badge""><span class=""Polaris-Text--root Polaris-Text--bodySm"">Tropical</span></span></li>
<li>
<span class=""Polaris-Badge""><span class=""Polaris-Text--root Polaris-Text--bodySm"">Blue Razz Lemonade</span></span><br><span class=""Polaris-Badge""><span class=""Polaris-Text--root Polaris-Text--bodySm""></span></span>
</li>
<li><span class=""Polaris-Badge""><span class=""Polaris-Text--root Polaris-Text--bodySm"">Iron Brew</span></span></li>
</ul>
<p><strong>Direction of Use:</strong> Place one pouch under your top or bottom lip. Position the pouch to the side of your lip for comfort. Remove after 30 to 60 minutes.</p>
<!----><!----><!---->",Muse,Health & Beauty > Health Care > Medicine & Drugs > Smoking Cessation Aids,Smoking Products,"6mg, beverages, candy/sweets, cereal, desserts/bakery, fruity, ice, nic_salt, nic_strength=6, nicotine_pouches, parse_attributes_0, pouch, tobacco",TRUE,Flavour,Blue Razz Lemonade,,,,,,,,Z7631,0,shopify,3515,deny,manual,3.2,4,TRUE,TRUE,,,,,5056754202844,https://cdn.shopify.com/s/files/1/0901/3696/9543/files/267289093.webp?v=1763937191,1,267289093.webp,FALSE,6mg Muse Nicotine Pouches (UK Made) - 20 Pouches (Buy 2 G...,"Buy Muse Muse (UK Made) 6mg nicotine pouches. Tobacco-free, discreet pouches. Fast UK delivery, 18+ age verified.",Health & Beauty > Health Care > Medicine & Drugs,unisex,adult,Z7631,new,FALSE,,,,,,6mg,,,,,,,,,,,,,,,,,"muse, 6mg, 6 mg, nicotine pouches, nic pouches, tobacco free",,lb,,2,active
6mg-muse-nicotine-pouches-uk-made-20-pouches-buy-2-get-1-free,,,,,,,,,Strawberry Raspberry Cherry,,,,,,,,Z7639,0,shopify,2551,deny,manual,3.2,4,TRUE,TRUE,,,,,5056754202837,https://cdn.shopify.com/s/files/1/0901/3696/9543/files/267289094.webp?v=1763937191,2,267289094.webp,,,,,,,,,,,,,,,,,,,,,,,,,,,,,,,,,,lb,,2,
6mg-muse-nicotine-pouches-uk-made-20-pouches-buy-2-get-1-free,,,,,,,,,Kiwi Passion Guava,,,,,,,,Z7640,0,shopify,3935,deny,manual,3.2,4,TRUE,TRUE,,,,,5056754202820,https://cdn.shopify.com/s/files/1/0901/3696/9543/files/267289095.webp?v=1763937192,3,267289095.webp,,,,,,,,,,,,,,,,,,,,,,,,,,,,,,,,,,lb,,2,
6mg-muse-nicotine-pouches-uk-made-20-pouches-buy-2-get-1-free,,,,,,,,,Cola Ice,,,,,,,,Z7635,31.7514659,shopify,4657,deny,manual,3.2,4,TRUE,TRUE,,,,,5056754202790,https://cdn.shopify.com/s/files/1/0901/3696/9543/files/267289096.webp?v=1763937192,4,267289096.webp,,,,,,,,,,,,,,,,,,,,,,,,,,,,,,,,,,lb,,2,
6mg-muse-nicotine-pouches-uk-made-20-pouches-buy-2-get-1-free,,,,,,,,,Orange Mango,,,,,,,,Z7638,0,shopify,3779,deny,manual,3.2,4,TRUE,TRUE,,,,,5056754202851,https://cdn.shopify.com/s/files/1/0901/3696/9543/files/267289097.webp?v=1763937192,5,267289097.webp,,,,,,,,,,,,,,,,,,,,,,,,,,,,,,,,,,lb,,2,
6mg-muse-nicotine-pouches-uk-made-20-pouches-buy-2-get-1-free,,,,,,,,,Cool Mint,,,,,,,,Z7637,0,shopify,4293,deny,manual,3.2,4,TRUE,TRUE,,,,,5056754202769,https://cdn.shopify.com/s/files/1/0901/3696/9543/files/267289098.webp?v=1763937193,6,267289098.webp,,,,,,,,,,,,,,,,,,,,,,,,,,,,,,,,,,lb,,2,
6mg-muse-nicotine-pouches-uk-made-20-pouches-buy-2-get-1-free,,,,,,,,,Tropical,,,,,,,,Z7636,0,shopify,4219,deny,manual,3.2,4,TRUE,TRUE,,,,,5056754202813,https://cdn.shopify.com/s/files/1/0901/3696/9543/files/267289099.webp?v=1763937194,7,267289099.webp,,,,,,,,,,,,,,,,,,,,,,,,,,,,,,,,,,lb,,2,
6mg-muse-nicotine-pouches-uk-made-20-pouches-buy-2-get-1-free,,,,,,,,,Iron Brew,,,,,,,,Z7632,0,shopify,4909,deny,manual,3.2,4,TRUE,TRUE,,,,,,https://cdn.shopify.com/s/files/1/0901/3696/9543/files/267289100.webp?v=1763937194,8,267289100.webp,,,,,,,,,,,,,,,,,,,,,,,,,,,,,,,,,https://cdn.shopify.com/s/files/1/0901/3696/9543/files/267289104.webp?v=1763937199,lb,,2,
6mg-muse-nicotine-pouches-uk-made-20-pouches-buy-2-get-1-free,,,,,,,,,Creamy Coffee,,,,,,,,Z7633,0,shopify,4426,deny,manual,3.2,4,TRUE,TRUE,,,,,5056754202783,https://cdn.shopify.com/s/files/1/0901/3696/9543/files/267289101.webp?v=1763937195,9,267289101.webp,,,,,,,,,,,,,,,,,,,,,,,,,,,,,,,,,,lb,,2,
6mg-muse-nicotine-pouches-uk-made-20-pouches-buy-2-get-1-free,,,,,,,,,Liquorice,,,,,,,,Z7634,0,shopify,4478,deny,manual,3.2,4,TRUE,TRUE,,,,,5056754202776,https://cdn.shopify.com/s/files/1/0901/3696/9543/files/267289102.webp?v=1763937195,10,267289102.webp,,,,,,,,,,,,,,,,,,,,,,,,,,,,,,,,,,lb,,2,
6mg-muse-nicotine-pouches-uk-made-20-pouches-buy-2-get-1-free,,,,,,,,,,,,,,,,,,,,,,,,,,,,,,,,https://cdn.shopify.com/s/files/1/0901/3696/9543/files/267289103.webp?v=1763937195,11,267289103.webp,,,,,,,,,,,,,,,,,,,,,,,,,,,,,,,,,,,,,
6mg-muse-nicotine-pouches-uk-made-20-pouches-buy-2-get-1-free,,,,,,,,,,,,,,,,,,,,,,,,,,,,,,,,https://cdn.shopify.com/s/files/1/0901/3696/9543/files/267289104.webp?v=1763937199,12,267289104.webp,,,,,,,,,,,,,,,,,,,,,,,,,,,,,,,,,,,,,
6mg-mi3-by-airscream-nicotine-pouches-20-pouches,6mg MI3 By AIRSCREAM Nicotine Pouches - 20 Pouches,"<p><!----></p>
<p>Discover MI3 Nicotine Pouches, the discreet and convenient way to satisfy your nicotine cravings. Each tin contains 20 pouches infused with 6mg of high-quality nicotine for a truly satisfying experience. These sleek and compact pouches are expertly designed to fit comfortably under the lip, delivering nicotine without the need for combustion or vapour. Perfect for moments when traditional smoking or vaping is not an option, MI3 Nicotine Pouches offer a clean and discreet alternative. Made with premium ingredients and available in a variety of refreshing flavours, these pouches provide a consistent and enjoyable nicotine delivery system. Whether you're at work, out with friends, or simply looking for a smoke-free option, MI3 Nicotine Pouches are the perfect companion for your modern, on-the-go lifestyle.<br></p>
<p><strong>Specifications:</strong><br></p>
<ul>
<li>Strength: 6mg Per Pouch <br>
</li>
<li>Doses: 20 pouches<br>
</li>
<li>Tobacco-free, smoke-free and vapour-free<br>
</li>
</ul>
<p><strong>Direction of Use: </strong>Place one pouch under your top or bottom lip. Position the pouch to the side of your lip for comfort. Remove after 30 to 60 minutes.</p>
<p><strong>Flavours: </strong><br></p>
<ul>
<li>Ice Lemon </li>
<li>Mint </li>
<li>Apple Mint </li>
<li>Mix Fruits </li>
</ul>
<!---->",MI3,Health & Beauty > Health Care > Medicine & Drugs > Smoking Cessation Aids,Smoking Products,"6mg, fruity, ice, nic_strength=6, nicotine_pouches, parse_attributes_0, pouch, traditional_nicotine",TRUE,Flavour,Mint,,,,,,,,EF0187X0370,31.7514659,shopify,34,deny,manual,5.28,6.6,TRUE,TRUE,,,,,,https://cdn.shopify.com/s/files/1/0901/3696/9543/files/267289207.webp?v=1763937154,1,267289207.webp,FALSE,6mg MI3 By AIRSCREAM Nicotine Pouches - 20 Pouches,"Buy MI3 MI3 By AIRSCREAM 6mg nicotine pouches. Tobacco-free, discreet pouches. Fast UK delivery, 18+ age verified.",Health & Beauty > Health Care > Medicine & Drugs,unisex,adult,EF0187X0370,new,FALSE,,,,,,6mg,,,,,,,,,,,,,,,,,"mi3, 6mg, 6 mg, nicotine pouches, nic pouches, tobacco free",https://cdn.shopify.com/s/files/1/0901/3696/9543/files/267289209.webp?v=1763937158,lb,,3.3,active
6mg-mi3-by-airscream-nicotine-pouches-20-pouches,,,,,,,,,Apple Mint,,,,,,,,EF0188X0370,31.7514659,shopify,19,deny,manual,5.28,6.6,TRUE,TRUE,,,,,,https://cdn.shopify.com/s/files/1/0901/3696/9543/files/267289208.webp?v=1763937160,2,267289208.webp,,,,,,,,,,,,,,,,,,,,,,,,,,,,,,,,,https://cdn.shopify.com/s/files/1/0901/3696/9543/files/267289210.webp?v=1763937162,lb,,3.3,
6mg-mi3-by-airscream-nicotine-pouches-20-pouches,,,,,,,,,Mix Fruits,,,,,,,,EF0189X0370,31.7514659,shopify,28,deny,manual,5.28,6.6,TRUE,TRUE,,,,,,https://cdn.shopify.com/s/files/1/0901/3696/9543/files/267289209.webp?v=1763937158,3,267289209.webp,,,,,,,,,,,,,,,,,,,,,,,,,,,,,,,,,https://cdn.shopify.com/s/files/1/0901/3696/9543/files/267289211.webp?v=1763937161,lb,,3.3,
6mg-mi3-by-airscream-nicotine-pouches-20-pouches,,,,,,,,,Ice Lemon,,,,,,,,EF0186X0370,31.7514659,shopify,13,deny,manual,5.28,6.6,TRUE,TRUE,,,,,,https://cdn.shopify.com/s/files/1/0901/3696/9543/files/267289210.webp?v=1763937162,4,267289210.webp,,,,,,,,,,,,,,,,,,,,,,,,,,,,,,,,,https://cdn.shopify.com/s/files/1/0901/3696/9543/files/267289208.webp?v=1763937160,lb,,3.3,
6mg-mi3-by-airscream-nicotine-pouches-20-pouches,,,,,,,,,,,,,,,,,,,,,,,,,,,,,,,,https://cdn.shopify.com/s/files/1/0901/3696/9543/files/267289211.webp?v=1763937161,5,267289211.webp,,,,,,,,,,,,,,,,,,,,,,,,,,,,,,,,,,,,,
6mg-vito-nicotine-pouches-20-pouches,6mg VITO Nicotine Pouches - 20 Pouches,"<p><meta charset=""UTF-8""><span>VITO Nicotine Pouches 6mg come in a convenient can containing 20 small, tobacco-free pouches designed for discreet, smoke-free nicotine enjoyment. Each pouch weighs about 0.65 grams and delivers 6mg of nicotine, providing a smooth, controlled release of nicotine and flavor for up to 45 minutes. Simply place a pouch between your upper lip and gum to experience a satisfying nicotine effect without the need for smoking or spitting. VITO pouches are easy to use, portable, and free from tobacco leaf, making them a cleaner alternative for adult nicotine users aged 21 and over. They require no refrigeration and should be stored at room temperature to maintain quality. After use, the pouch can be discarded responsibly. VITO offers a hassle-free way to enjoy nicotine discreetly with a range of flavours and strengths to suit different preferences. </span></p>
<p><strong>Specifications:</strong></p>
<ul>
<li><span>Nicotine Strength: 6mg</span></li>
<li><span>20 Pouches</span></li>
<li><span>Tobacco Free</span></li>
</ul>
<p><strong>Flavours:</strong></p>
<ul>
<li>Berry Frost</li>
<li>Ice Cool</li>
<li>Raspberry</li>
<li>Spearmint</li>
<li>Tropical Mango</li>
<li>Watermelon<span></span>
</li>
</ul>",VITO,Health & Beauty > Health Care > Medicine & Drugs > Smoking Cessation Aids,Smoking Products,"6mg, fruity, ice, nic_salt, nic_strength=6, nicotine_pouches, parse_attributes_0, pouch",TRUE,Flavour,Watermelon,,,,,,,,AH0161X0529,31.7514659,shopify,295,deny,manual,2.56,3.2,TRUE,TRUE,,,,,,https://cdn.shopify.com/s/files/1/0901/3696/9543/files/267289814.webp?v=1763937130,1,267289814.webp,FALSE,6mg VITO Nicotine Pouches - 20 Pouches,"Buy VITO VITO 6mg nicotine pouches. Tobacco-free, discreet pouches. Fast UK delivery, 18+ age verified.",Health & Beauty > Health Care > Medicine & Drugs,unisex,adult,AH0161X0529,new,FALSE,,,,,,6mg,,,,,,,,,,,,,,,,,"vito, 6mg, 6 mg, nicotine pouches, nic pouches, tobacco free",https://cdn.shopify.com/s/files/1/0901/3696/9543/files/267289820.webp?v=1763937142,lb,,1.6,active
6mg-vito-nicotine-pouches-20-pouches,,,,,,,,,Spearmint,,,,,,,,AH0163X0529,31.7514659,shopify,159,deny,manual,2.56,3.2,TRUE,TRUE,,,,,,https://cdn.shopify.com/s/files/1/0901/3696/9543/files/267289815.webp?v=1763937139,2,267289815.webp,,,,,,,,,,,,,,,,,,,,,,,,,,,,,,,,,https://cdn.shopify.com/s/files/1/0901/3696/9543/files/267289818.webp?v=1763937144,lb,,1.6,
6mg-vito-nicotine-pouches-20-pouches,,,,,,,,,Raspberry,,,,,,,,AH0165X0529,31.7514659,shopify,157,deny,manual,2.56,3.2,TRUE,TRUE,,,,,,https://cdn.shopify.com/s/files/1/0901/3696/9543/files/267289816.webp?v=1763937135,3,267289816.webp,,,,,,,,,,,,,,,,,,,,,,,,,,,,,,,,,https://cdn.shopify.com/s/files/1/0901/3696/9543/files/267289817.webp?v=1763937137,lb,,1.6,
6mg-vito-nicotine-pouches-20-pouches,,,,,,,,,Tropical Mango,,,,,,,,AH0164X0529,31.7514659,shopify,297,deny,manual,2.56,3.2,TRUE,TRUE,,,,,,https://cdn.shopify.com/s/files/1/0901/3696/9543/files/267289817.webp?v=1763937137,4,267289817.webp,,,,,,,,,,,,,,,,,,,,,,,,,,,,,,,,,https://cdn.shopify.com/s/files/1/0901/3696/9543/files/267289819.webp?v=1763937141,lb,,1.6,
6mg-vito-nicotine-pouches-20-pouches,,,,,,,,,Ice Cool,,,,,,,,AH0162X0529,31.7514659,shopify,298,deny,manual,2.56,3.2,TRUE,TRUE,,,,,,https://cdn.shopify.com/s/files/1/0901/3696/9543/files/267289818.webp?v=1763937144,5,267289818.webp,,,,,,,,,,,,,,,,,,,,,,,,,,,,,,,,,https://cdn.shopify.com/s/files/1/0901/3696/9543/files/267289816.webp?v=1763937135,lb,,1.6,
6mg-vito-nicotine-pouches-20-pouches,,,,,,,,,Berry Frost,,,,,,,,AH0160X0529,31.7514659,shopify,293,deny,manual,2.56,3.2,TRUE,TRUE,,,,,,https://cdn.shopify.com/s/files/1/0901/3696/9543/files/267289819.webp?v=1763937141,6,267289819.webp,,,,,,,,,,,,,,,,,,,,,,,,,,,,,,,,,https://cdn.shopify.com/s/files/1/0901/3696/9543/files/267289815.webp?v=1763937139,lb,,1.6,
6mg-vito-nicotine-pouches-20-pouches,,,,,,,,,,,,,,,,,,,,,,,,,,,,,,,,https://cdn.shopify.com/s/files/1/0901/3696/9543/files/267289820.webp?v=1763937142,7,267289820.webp,,,,,,,,,,,,,,,,,,,,,,,,,,,,,,,,,,,,,
20mg-aroma-king-full-kick-nicotine-pouches-25-pouches,20mg Aroma King Full Kick Nicotine Pouches - 25 Pouches,"Upgrade your nicotine consumption with our 20mg Aroma King Full Kick Nicotine Pouches. This package contains 25 discreet pouches for easy and discreet indulgence. These pouches provide a mild nicotine boost and are perfect for those looking for a gentler option. Whether you're on the go or relaxing at home, these pouches offer a hassle-free way to enjoy nicotine without the need for smoking or vaping. Improve your nicotine experience with Aroma King Full Kick Nicotine Pouches today.<br data-mce-fragment=""1""><br data-mce-fragment=""1""><strong data-mce-fragment=""1"">Specifications:</strong><br data-mce-fragment=""1"">
<ul data-mce-fragment=""1"">
<li data-mce-fragment=""1"">Strength: 20mg Per Pouch</li>
<li data-mce-fragment=""1"">Weight: 30g</li>
<li data-mce-fragment=""1"">Doses: 25 pouches</li>
<li data-mce-fragment=""1"">Tobacco-free, smoke-free and vapour-free</li>
</ul>
<br data-mce-fragment=""1""><strong data-mce-fragment=""1"">Direction of Use:</strong><span data-mce-fragment=""1""> Place one pouch under your top or bottom lip. Position the pouch to the side of your lip for comfort. Remove after 30 to 60 minutes.</span><br data-mce-fragment=""1""><br data-mce-fragment=""1""><strong data-mce-fragment=""1"">Flavours:<br data-mce-fragment=""1""></strong>
<ul data-mce-fragment=""1"">
<li data-mce-fragment=""1"">Candy Tobacco </li>
<li data-mce-fragment=""1"">Peach Ice </li>
<li data-mce-fragment=""1"">Rainbow Drops </li>
<li data-mce-fragment=""1"">Mango Ice </li>
<li data-mce-fragment=""1"">Double Mint </li>
<li data-mce-fragment=""1"">Muffin </li>
<li data-mce-fragment=""1"">Menthol Ice </li>
<li data-mce-fragment=""1"">Exotic Ice </li>
<li data-mce-fragment=""1"">Ruby Berry Ice </li>
<li data-mce-fragment=""1"">Freeze Ice </li>
<li data-mce-fragment=""1"">Blueberry Ice </li>
<li data-mce-fragment=""1"">Cola Ice </li>
</ul>
<strong data-mce-fragment=""1""><br data-mce-fragment=""1""></strong>",Aroma King,Health & Beauty > Health Care > Medicine & Drugs > Smoking Cessation Aids,Smoking Products,"0mg, beverages, candy/sweets, fruity, ice, nic_strength=20, nicotine_pouches, parse_attributes_0, pouch, tobacco",TRUE,Flavour,Peach Ice,,,,,,,,DD0356X0339,31.7514659,shopify,0,deny,manual,3.44,4.3,TRUE,TRUE,,,,,,https://cdn.shopify.com/s/files/1/0901/3696/9543/files/267289022.webp?v=1763935894,1,267289022.webp,FALSE,20mg Aroma King Full Kick Nicotine Pouches - 25 Pouches,"Buy Aroma King Aroma King Full 20mg nicotine pouches. Tobacco-free, discreet pouches. Fast UK delivery, 18+ age verified.",Health & Beauty > Health Care > Medicine & Drugs,unisex,adult,DD0356X0339,new,FALSE,,,,,,20mg,,,,,,,,,,,,,,,,,"aroma king, 20mg, 20 mg, nicotine pouches, nic pouches, tobacco free",https://cdn.shopify.com/s/files/1/0901/3696/9543/files/267289024.webp?v=1763935910,lb,,2.15,active
20mg-aroma-king-full-kick-nicotine-pouches-25-pouches,,,,,,,,,Cola Ice,,,,,,,,DD0366X0339,31.7514659,shopify,0,deny,manual,3.44,4.3,TRUE,TRUE,,,,,,https://cdn.shopify.com/s/files/1/0901/3696/9543/files/267289023.webp?v=1763935907,2,267289023.webp,,,,,,,,,,,,,,,,,,,,,,,,,,,,,,,,,https://cdn.shopify.com/s/files/1/0901/3696/9543/files/267289034.webp?v=1763935915,lb,,2.15,
20mg-aroma-king-full-kick-nicotine-pouches-25-pouches,,,,,,,,,Mango Ice,,,,,,,,DD0358X0339,31.7514659,shopify,0,deny,manual,3.44,4.3,TRUE,TRUE,,,,,,https://cdn.shopify.com/s/files/1/0901/3696/9543/files/267289024.webp?v=1763935910,3,267289024.webp,,,,,,,,,,,,,,,,,,,,,,,,,,,,,,,,,https://cdn.shopify.com/s/files/1/0901/3696/9543/files/267289026.webp?v=1763935910,lb,,2.15,
20mg-aroma-king-full-kick-nicotine-pouches-25-pouches,,,,,,,,,Blueberry Ice,,,,,,,,DD0365X0339,31.7514659,shopify,0,deny,manual,3.44,4.3,TRUE,TRUE,,,,,,https://cdn.shopify.com/s/files/1/0901/3696/9543/files/267289025.webp?v=1763935914,4,267289025.webp,,,,,,,,,,,,,,,,,,,,,,,,,,,,,,,,,https://cdn.shopify.com/s/files/1/0901/3696/9543/files/267289024.webp?v=1763935910,lb,,2.15,
20mg-aroma-king-full-kick-nicotine-pouches-25-pouches,,,,,,,,,Rainbow Drops,,,,,,,,DD0357X0339,31.7514659,shopify,0,deny,manual,3.44,4.3,TRUE,TRUE,,,,,,https://cdn.shopify.com/s/files/1/0901/3696/9543/files/267289026.webp?v=1763935910,5,267289026.webp,,,,,,,,,,,,,,,,,,,,,,,,,,,,,,,,,https://cdn.shopify.com/s/files/1/0901/3696/9543/files/267289025.webp?v=1763935914,lb,,2.15,
20mg-aroma-king-full-kick-nicotine-pouches-25-pouches,,,,,,,,,Freeze Ice,,,,,,,,DD0364X0339,31.7514659,shopify,0,deny,manual,3.44,4.3,TRUE,TRUE,,,,,,https://cdn.shopify.com/s/files/1/0901/3696/9543/files/267289027.webp?v=1763935906,6,267289027.webp,,,,,,,,,,,,,,,,,,,,,,,,,,,,,,,,,https://cdn.shopify.com/s/files/1/0901/3696/9543/files/267289032.webp?v=1763935903,lb,,2.15,
20mg-aroma-king-full-kick-nicotine-pouches-25-pouches,,,,,,,,,Double Mint,,,,,,,,DD0359X0339,31.7514659,shopify,0,deny,manual,3.44,4.3,TRUE,TRUE,,,,,,https://cdn.shopify.com/s/files/1/0901/3696/9543/files/267289028.webp?v=1763935904,7,267289028.webp,,,,,,,,,,,,,,,,,,,,,,,,,,,,,,,,,https://cdn.shopify.com/s/files/1/0901/3696/9543/files/267289027.webp?v=1763935906,lb,,2.15,
20mg-aroma-king-full-kick-nicotine-pouches-25-pouches,,,,,,,,,Ruby Berry Ice,,,,,,,,DD0363X0339,31.7514659,shopify,0,deny,manual,3.44,4.3,TRUE,TRUE,,,,,,https://cdn.shopify.com/s/files/1/0901/3696/9543/files/267289029.webp?v=1763935912,8,267289029.webp,,,,,,,,,,,,,,,,,,,,,,,,,,,,,,,,,https://cdn.shopify.com/s/files/1/0901/3696/9543/files/267289031.webp?v=1763935902,lb,,2.15,
20mg-aroma-king-full-kick-nicotine-pouches-25-pouches,,,,,,,,,Menthol Ice,,,,,,,,DD0361X0339,31.7514659,shopify,0,deny,manual,3.44,4.3,TRUE,TRUE,,,,,,https://cdn.shopify.com/s/files/1/0901/3696/9543/files/267289030.webp?v=1763935916,9,267289030.webp,,,,,,,,,,,,,,,,,,,,,,,,,,,,,,,,,https://cdn.shopify.com/s/files/1/0901/3696/9543/files/267289029.webp?v=1763935912,lb,,2.15,
20mg-aroma-king-full-kick-nicotine-pouches-25-pouches,,,,,,,,,Candy Tobacco,,,,,,,,DD0355X0339,31.7514659,shopify,0,deny,manual,3.44,4.3,TRUE,TRUE,,,,,,https://cdn.shopify.com/s/files/1/0901/3696/9543/files/267289031.webp?v=1763935902,10,267289031.webp,,,,,,,,,,,,,,,,,,,,,,,,,,,,,,,,,https://cdn.shopify.com/s/files/1/0901/3696/9543/files/267289023.webp?v=1763935907,lb,,2.15,
20mg-aroma-king-full-kick-nicotine-pouches-25-pouches,,,,,,,,,Exotic Ice,,,,,,,,DD0362X0339,31.7514659,shopify,0,deny,manual,3.44,4.3,TRUE,TRUE,,,,,,https://cdn.shopify.com/s/files/1/0901/3696/9543/files/267289032.webp?v=1763935903,11,267289032.webp,,,,,,,,,,,,,,,,,,,,,,,,,,,,,,,,,https://cdn.shopify.com/s/files/1/0901/3696/9543/files/267289030.webp?v=1763935916,lb,,2.15,
20mg-aroma-king-full-kick-nicotine-pouches-25-pouches,,,,,,,,,Muffin,,,,,,,,DD0360X0339,31.7514659,shopify,0,deny,manual,3.44,4.3,TRUE,TRUE,,,,,,https://cdn.shopify.com/s/files/1/0901/3696/9543/files/267289034.webp?v=1763935915,12,267289034.webp,,,,,,,,,,,,,,,,,,,,,,,,,,,,,,,,,https://cdn.shopify.com/s/files/1/0901/3696/9543/files/267289028.webp?v=1763935904,lb,,2.15,
50mg-iceberg-extra-strong-nicotine-pouches-20-pouches,50mg Iceberg Extra Strong Nicotine Pouches - 20 Pouches,"<p><span>Iceberg Extra Strong Nicotine Pouches deliver an intense nicotine experience with each slim, discreet pouch containing a powerful 50mg dose, making them ideal for seasoned users seeking maximum impact. Each can includes 20 pouches, crafted to fit comfortably under your lip for a tobacco-free and smoke-free experience. The pouches are designed for rapid, steady nicotine release, providing a quick, long-lasting boost without staining your teeth or causing mess. Whether you need to stay sharp during a busy day or want a convenient, on-the-go option, Iceberg Extra Strong Nicotine Pouches offer a bold, satisfying kick in a variety of flavours, all while remaining discreet and easy to use.</span></p>
<p><b>Specifications:</b><b></b></p>
<ul>
<li>
<span></span>Nicotine Strength: 50mg</li>
<li>
<span></span>20 Pouches</li>
<li><span style=""font-size: 0.875rem;"">Tobacco Free</span></li>
</ul>
<p><strong><span style=""font-size: 0.875rem;"">Flavours:</span></strong></p>
<ul>
<li>Arasaka</li>
<li>Energy</li>
<li>Frosty Mint</li>
</ul>",Iceberg,Health & Beauty > Health Care > Medicine & Drugs > Smoking Cessation Aids,Smoking Products,"0mg, ice, nic_strength=50, nicotine_pouches, parse_attributes_0, pouch, tobacco",TRUE,Flavour,Energy,,,,,,,,EJ0132X0536,0,shopify,199,deny,manual,3.52,4.4,TRUE,TRUE,,,,,,https://cdn.shopify.com/s/files/1/0901/3696/9543/files/267289968.webp?v=1763935865,1,267289968.webp,FALSE,50mg Iceberg Extra Strong Nicotine Pouches - 20 Pouches,"Buy Iceberg Iceberg Extra Strong 50mg nicotine pouches. Tobacco-free, discreet pouches. Fast UK delivery, 18+ age verified.",Health & Beauty > Health Care > Medicine & Drugs,unisex,adult,EJ0132X0536,new,FALSE,,,,,,50mg,,,,,,,,,,,,,,,,,"iceberg, 50mg, 50 mg, ice, nicotine pouches, nic pouches, tobacco free",,lb,,2.2,active
50mg-iceberg-extra-strong-nicotine-pouches-20-pouches,,,,,,,,,Arasaka,,,,,,,,EJ0136X0536,0,shopify,201,deny,manual,3.52,4.4,TRUE,TRUE,,,,,,https://cdn.shopify.com/s/files/1/0901/3696/9543/files/267289969.webp?v=1763935865,2,267289969.webp,,,,,,,,,,,,,,,,,,,,,,,,,,,,,,,,,,lb,,2.2,
50mg-iceberg-extra-strong-nicotine-pouches-20-pouches,,,,,,,,,Frosty Mint,,,,,,,,EJ0135X0536,0,shopify,171,deny,manual,3.52,4.4,TRUE,TRUE,,,,,,https://cdn.shopify.com/s/files/1/0901/3696/9543/files/267289970.webp?v=1763935865,3,267289970.webp,,,,,,,,,,,,,,,,,,,,,,,,,,,,,,,,,,lb,,2.2,
50mg-iceberg-extra-strong-nicotine-pouches-20-pouches,,,,,,,,,,,,,,,,,,,,,,,,,,,,,,,,https://cdn.shopify.com/s/files/1/0901/3696/9543/files/267289971.webp?v=1763935866,4,267289971.webp,,,,,,,,,,,,,,,,,,,,,,,,,,,,,,,,,,,,,
17mg-velo-slim-ultra-strength-nicotine-pouches-20-pouches,17mg Velo Slim Ultra Strength Nicotine Pouches - 20 Pouches,"<p data-mce-fragment=""1"">Indulge in an unmatched level of cool flavour with Velo's 17mg Ultra Strong Nicotine Pouches. Each pouch contains a powerful 17mg of nicotine, delivering a refreshing burst of taste with no smoke or unwanted odours. Ideal for the discerning and sophisticated individual, our selection of elevated flavours offers a luxurious, hassle-free and smoke-free nicotine experience. </p>
<p data-mce-fragment=""1""><strong data-mce-fragment=""1"">Specifications:</strong><br data-mce-fragment=""1""></p>
<ul data-mce-fragment=""1"">
<li data-mce-fragment=""1"">Strength: 17mg/g</li>
<li data-mce-fragment=""1"">Ultra Strength </li>
<li data-mce-fragment=""1"">Weight: 30g </li>
<li data-mce-fragment=""1"">Doses: 20 pouches</li>
</ul>
<p data-mce-fragment=""1""><strong data-mce-fragment=""1"">Direction of Use:</strong><span data-mce-fragment=""1""> </span>Place one pouch under your top or bottom lip. Position the pouch to the side of your lip for comfort. Remove after 30 to 60 minutes. <br data-mce-fragment=""1""><br data-mce-fragment=""1""><strong data-mce-fragment=""1"">Flavours: <br data-mce-fragment=""1""></strong></p>
<ul data-mce-fragment=""1"">
<li data-mce-fragment=""1""><span data-mce-fragment=""1"" mce-data-marked=""1"">Freeze</span></li>
<li data-mce-fragment=""1""><span data-mce-fragment=""1"" mce-data-marked=""1"">Ruby Berry</span></li>
<li data-mce-fragment=""1""><span data-mce-fragment=""1"" mce-data-marked=""1"">Peppermint Storm </span></li>
</ul>",Velo,Health & Beauty > Health Care > Medicine & Drugs > Smoking Cessation Aids,Smoking Products,"17mg, fruity, ice, nic_strength=17, nicotine_pouches, parse_attributes_0, pouch",TRUE,Flavour,Purple Grape,,,,,,,,VeloNicotinePouches17mgPurpleGrape,31.7514659,shopify,0,deny,manual,4.48,5.6,TRUE,TRUE,,,,,,https://cdn.shopify.com/s/files/1/0901/3696/9543/files/267289311.webp?v=1763935720,1,267289311.webp,FALSE,17mg Velo Slim Ultra Strength Nicotine Pouches - 20 Pouches,"Buy Velo Velo Ultra Strength 17mg nicotine pouches. Tobacco-free, discreet pouches. Fast UK delivery, 18+ age verified.",Health & Beauty > Health Care > Medicine & Drugs,unisex,adult,VeloNicotinePouches17mgPurpleGrape,new,FALSE,,,,,,,,,,,,,,,,,,,,,,,"velo, 17mg, 17 mg, nicotine pouches, nic pouches, tobacco free",https://cdn.shopify.com/s/files/1/0901/3696/9543/files/267289319.webp?v=1763935731,lb,,2.8,active
17mg-velo-slim-ultra-strength-nicotine-pouches-20-pouches,,,,,,,,,Peppermint Storm (Cooling Storm),,,,,,,,VeloNicotinePouches17mgPeppermintStorm,31.7514659,shopify,0,deny,manual,3.76,4.7,TRUE,TRUE,,,,,,https://cdn.shopify.com/s/files/1/0901/3696/9543/files/267289312.webp?v=1763935728,2,267289312.webp,,,,,,,,,,,,,,,,,,,,,,,,,,,,,,,,,https://cdn.shopify.com/s/files/1/0901/3696/9543/files/267289314.webp?v=1763935732,lb,,2.35,
17mg-velo-slim-ultra-strength-nicotine-pouches-20-pouches,,,,,,,,,Orange Spark,,,,,,,,VeloNicotinePouches17mgOrangeSpark,31.7514659,shopify,0,deny,manual,4.48,5.6,TRUE,TRUE,,,,,,https://cdn.shopify.com/s/files/1/0901/3696/9543/files/267289313.webp?v=1763935725,3,267289313.webp,,,,,,,,,,,,,,,,,,,,,,,,,,,,,,,,,https://cdn.shopify.com/s/files/1/0901/3696/9543/files/267289317.webp?v=1763935733,lb,,2.8,
17mg-velo-slim-ultra-strength-nicotine-pouches-20-pouches,,,,,,,,,Mango Flame,,,,,,,,VeloNicotinePouches17mgMangoFlame,31.7514659,shopify,0,deny,manual,4.48,5.6,TRUE,TRUE,,,,,,https://cdn.shopify.com/s/files/1/0901/3696/9543/files/267289314.webp?v=1763935732,4,267289314.webp,,,,,,,,,,,,,,,,,,,,,,,,,,,,,,,,,https://cdn.shopify.com/s/files/1/0901/3696/9543/files/267289316.webp?v=1763935723,lb,,2.8,
17mg-velo-slim-ultra-strength-nicotine-pouches-20-pouches,,,,,,,,,Ruby Berry,,,,,,,,VeloNicotinePouches17mgRubyBerry,31.7514659,shopify,191,deny,manual,4.48,5.6,TRUE,TRUE,,,,,,https://cdn.shopify.com/s/files/1/0901/3696/9543/files/267289315.webp?v=1763935730,5,267289315.webp,,,,,,,,,,,,,,,,,,,,,,,,,,,,,,,,,https://cdn.shopify.com/s/files/1/0901/3696/9543/files/267289312.webp?v=1763935728,lb,,2.8,
17mg-velo-slim-ultra-strength-nicotine-pouches-20-pouches,,,,,,,,,Icy Berries,,,,,,,,VeloNicotinePouches17mgIcyBerries,31.7514659,shopify,0,deny,manual,4.48,5.6,TRUE,TRUE,,,,,,https://cdn.shopify.com/s/files/1/0901/3696/9543/files/267289316.webp?v=1763935723,6,267289316.webp,,,,,,,,,,,,,,,,,,,,,,,,,,,,,,,,,https://cdn.shopify.com/s/files/1/0901/3696/9543/files/267289315.webp?v=1763935730,lb,,2.8,
17mg-velo-slim-ultra-strength-nicotine-pouches-20-pouches,,,,,,,,,Freezing Peppermint (Freeze),,,,,,,,VeloNicotinePouches17mgFreeze,31.7514659,shopify,0,deny,manual,3.76,4.7,TRUE,TRUE,,,,,,https://cdn.shopify.com/s/files/1/0901/3696/9543/files/267289317.webp?v=1763935733,7,267289317.webp,,,,,,,,,,,,,,,,,,,,,,,,,,,,,,,,,https://cdn.shopify.com/s/files/1/0901/3696/9543/files/267289313.webp?v=1763935725,lb,,2.35,
17mg-velo-slim-ultra-strength-nicotine-pouches-20-pouches,,,,,,,,,Wintry Watermelon,,,,,,,,VeloNicotinePouches17mgWintryWatermelon,31.7514659,shopify,0,deny,manual,4.48,5.6,TRUE,TRUE,,,,,,https://cdn.shopify.com/s/files/1/0901/3696/9543/files/267289318.webp?v=1763935726,8,267289318.webp,,,,,,,,,,,,,,,,,,,,,,,,,,,,,,,,,https://cdn.shopify.com/s/files/1/0901/3696/9543/files/267289318.webp?v=1763935726,lb,,2.8,
17mg-velo-slim-ultra-strength-nicotine-pouches-20-pouches,,,,,,,,,,,,,,,,,,,,,,,,,,,,,,,,https://cdn.shopify.com/s/files/1/0901/3696/9543/files/267289319.webp?v=1763935731,9,267289319.webp,,,,,,,,,,,,,,,,,,,,,,,,,,,,,,,,,,,,,
0-5mg-tick-tock-nicotine-candy-12-drops,0.5mg Tick Tock Nicotine Candy - 12 Drops,"<p><span>Experience a new way to manage nicotine cravings with 0.5mg Tick Tock Nicotine Drops. Each pack contains 12 precisely dosed drops, offering a discreet and convenient alternative for adults looking to reduce or control their nicotine intake. Designed for on-the-go use, these drops dissolve quickly in the mouth, delivering a gentle 0.5mg of nicotine per drop to help curb cravings without the need for smoking or chewing. The formulation is free from tobacco leaf and smoke, providing a cleaner option for those seeking a lower-risk alternative to traditional tobacco products.</span><span class=""whitespace-nowrap""><a rel=""nofollow noopener"" class=""mr-[2px] citation ml-xs inline"" data-state=""open"" aria-label=""Other Tobacco Products"" href=""https://www.fda.gov/tobacco-products/products-ingredients-components/other-tobacco-products"" target=""_blank""></a></span></p>
<ul>
<li data-start=""2"" data-end=""26"">0.5mg Nicotine Per Drop</li>
<li data-start=""29"" data-end=""49"">12 Drops Per Pack</li>
<li data-start=""52"" data-end=""81"">Fast-Dissolving Oral Drops</li>
<li data-start=""84"" data-end=""112"">Smoke-Free Nicotine Option</li>
<li data-start=""115"" data-end=""144"">Compact and Travel-Friendly</li>
</ul>
<p><strong>Flavours: </strong></p>
<ul>
<li>Berry Blaze</li>
<li>Berry Blue Fusion</li>
<li>Blue Razz Blast</li>
<li>Blue Raspberry</li>
<li>Blueberry Cherry</li>
<li>Blueberry Lemonade</li>
<li>Cherry Lush</li>
<li>Fruit Bomb</li>
<li>Fusion Pop</li>
<li>Gum Blast</li>
<li>Ice Blue</li>
<li>Lemon Lime Cherry Fizz</li>
<li>Pineapple Kiwi</li>
<li>Raspberry Cherry</li>
<li>Rocky Candy Orange</li>
<li>Strawberry Cherry</li>
<li>Strawberry Watermelon</li>
<li>Summer Dream</li>
<li>Watermelon Cherry</li>
<li>Watermelon Kiwi</li>
</ul>",Tick Tock,Health & Beauty > Health Care > Medicine & Drugs > Smoking Cessation Aids,Smoking Products,"0.5mg, beverages, candy/sweets, fruity, ice, nicotine_pouches, parse_attributes_0, tobacco, traditional_nicotine",TRUE,Flavour,Blue Raspberry,,,,,,,,EC0130X0531,31.7514659,shopify,201,deny,manual,3.2,4,TRUE,TRUE,,,,,,https://cdn.shopify.com/s/files/1/0901/3696/9543/files/267290025.webp?v=1763935068,1,267290025.webp,FALSE,0.5mg Tick Tock Nicotine Candy - 12 Drops | Nicotine Pouches,"Buy Tick Tock 0.5mg Tick Tock 0.5mg nicotine pouches. Tobacco-free, discreet pouches. Fast UK delivery, 18+ age verified.",Health & Beauty > Health Care > Medicine & Drugs,unisex,adult,EC0130X0531,new,FALSE,,,,,,,,,,,,,,,,,,,,,,,"tick tock, 0.5mg, 0.5 mg, nicotine pouches, nic pouches, tobacco free",,lb,,2,active
0-5mg-tick-tock-nicotine-candy-12-drops,,,,,,,,,Summer Dream,,,,,,,,EC0140X0531,31.7514659,shopify,196,deny,manual,3.2,4,TRUE,TRUE,,,,,,https://cdn.shopify.com/s/files/1/0901/3696/9543/files/267290027.webp?v=1763935069,2,267290027.webp,,,,,,,,,,,,,,,,,,,,,,,,,,,,,,,,,,lb,,2,
0-5mg-tick-tock-nicotine-candy-12-drops,,,,,,,,,Rocky Candy Orange,,,,,,,,EC0141X0531,31.7514659,shopify,187,deny,manual,3.2,4,TRUE,TRUE,,,,,,https://cdn.shopify.com/s/files/1/0901/3696/9543/files/267290030.webp?v=1763935069,3,267290030.webp,,,,,,,,,,,,,,,,,,,,,,,,,,,,,,,,,,lb,,2,
0-5mg-tick-tock-nicotine-candy-12-drops,,,,,,,,,Strawberry Watermelon,,,,,,,,EC0149X0531,31.7514659,shopify,400,deny,manual,3.2,4,TRUE,TRUE,,,,,,https://cdn.shopify.com/s/files/1/0901/3696/9543/files/267290032.webp?v=1763935070,4,267290032.webp,,,,,,,,,,,,,,,,,,,,,,,,,,,,,,,,,,lb,,2,
0-5mg-tick-tock-nicotine-candy-12-drops,,,,,,,,,Blueberry Lemonade,,,,,,,,EC0131X0531,31.7514659,shopify,196,deny,manual,3.2,4,TRUE,TRUE,,,,,,https://cdn.shopify.com/s/files/1/0901/3696/9543/files/267290034.webp?v=1763935070,5,267290034.webp,,,,,,,,,,,,,,,,,,,,,,,,,,,,,,,,,,lb,,2,
0-5mg-tick-tock-nicotine-candy-12-drops,,,,,,,,,Watermelon Cherry,,,,,,,,EC0143X0531,31.7514659,shopify,198,deny,manual,3.2,4,TRUE,TRUE,,,,,,https://cdn.shopify.com/s/files/1/0901/3696/9543/files/267290035.webp?v=1763935070,6,267290035.webp,,,,,,,,,,,,,,,,,,,,,,,,,,,,,,,,,,lb,,2,
0-5mg-tick-tock-nicotine-candy-12-drops,,,,,,,,,Lemon Lime Cherry Fizz,,,,,,,,EC0137X0531,31.7514659,shopify,193,deny,manual,3.2,4,TRUE,TRUE,,,,,,https://cdn.shopify.com/s/files/1/0901/3696/9543/files/267290036.webp?v=1763935070,7,267290036.webp,,,,,,,,,,,,,,,,,,,,,,,,,,,,,,,,,,lb,,2,
0-5mg-tick-tock-nicotine-candy-12-drops,,,,,,,,,Pineapple Kiwi,,,,,,,,EC0138X0531,31.7514659,shopify,198,deny,manual,3.2,4,TRUE,TRUE,,,,,,https://cdn.shopify.com/s/files/1/0901/3696/9543/files/267290037.webp?v=1763935071,8,267290037.webp,,,,,,,,,,,,,,,,,,,,,,,,,,,,,,,,,,lb,,2,
0-5mg-tick-tock-nicotine-candy-12-drops,,,,,,,,,Cherry Lush,,,,,,,,EC0148X0531,31.7514659,shopify,196,deny,manual,3.2,4,TRUE,TRUE,,,,,,https://cdn.shopify.com/s/files/1/0901/3696/9543/files/267290038.webp?v=1763935071,9,267290038.webp,,,,,,,,,,,,,,,,,,,,,,,,,,,,,,,,,,lb,,2,
0-5mg-tick-tock-nicotine-candy-12-drops,,,,,,,,,Berry Blaze,,,,,,,,EC0135X0531,31.7514659,shopify,196,deny,manual,3.2,4,TRUE,TRUE,,,,,,https://cdn.shopify.com/s/files/1/0901/3696/9543/files/267290039.webp?v=1763935072,10,267290039.webp,,,,,,,,,,,,,,,,,,,,,,,,,,,,,,,,,,lb,,2,
0-5mg-tick-tock-nicotine-candy-12-drops,,,,,,,,,Raspberry Cherry,,,,,,,,EC0142X0531,31.7514659,shopify,200,deny,manual,3.2,4,TRUE,TRUE,,,,,,https://cdn.shopify.com/s/files/1/0901/3696/9543/files/267290040.webp?v=1763935072,11,267290040.webp,,,,,,,,,,,,,,,,,,,,,,,,,,,,,,,,,,lb,,2,
0-5mg-tick-tock-nicotine-candy-12-drops,,,,,,,,,Blue Razz Blast,,,,,,,,EC0134X0531,31.7514659,shopify,200,deny,manual,3.2,4,TRUE,TRUE,,,,,,https://cdn.shopify.com/s/files/1/0901/3696/9543/files/267290041.webp?v=1763935072,12,267290041.webp,,,,,,,,,,,,,,,,,,,,,,,,,,,,,,,,,,lb,,2,
0-5mg-tick-tock-nicotine-candy-12-drops,,,,,,,,,Gum Blast,,,,,,,,EC0147X0531,31.7514659,shopify,200,deny,manual,3.2,4,TRUE,TRUE,,,,,,https://cdn.shopify.com/s/files/1/0901/3696/9543/files/267290042.webp?v=1763935073,13,267290042.webp,,,,,,,,,,,,,,,,,,,,,,,,,,,,,,,,,,lb,,2,
0-5mg-tick-tock-nicotine-candy-12-drops,,,,,,,,,Blueberry Cherry,,,,,,,,EC0132X0531,31.7514659,shopify,197,deny,manual,3.2,4,TRUE,TRUE,,,,,,https://cdn.shopify.com/s/files/1/0901/3696/9543/files/267290043.webp?v=1763935073,14,267290043.webp,,,,,,,,,,,,,,,,,,,,,,,,,,,,,,,,,,lb,,2,
0-5mg-tick-tock-nicotine-candy-12-drops,,,,,,,,,Berry Blue Fusion,,,,,,,,EC0136X0531,31.7514659,shopify,200,deny,manual,3.2,4,TRUE,TRUE,,,,,,https://cdn.shopify.com/s/files/1/0901/3696/9543/files/267290044.webp?v=1763935074,15,267290044.webp,,,,,,,,,,,,,,,,,,,,,,,,,,,,,,,,,,lb,,2,
0-5mg-tick-tock-nicotine-candy-12-drops,,,,,,,,,Watermelon Kiwi,,,,,,,,EC0145X0531,31.7514659,shopify,200,deny,manual,3.2,4,TRUE,TRUE,,,,,,https://cdn.shopify.com/s/files/1/0901/3696/9543/files/267290045.webp?v=1763935073,16,267290045.webp,,,,,,,,,,,,,,,,,,,,,,,,,,,,,,,,,,lb,,2,
0-5mg-tick-tock-nicotine-candy-12-drops,,,,,,,,,Fusion Pop,,,,,,,,EC0139X0531,31.7514659,shopify,197,deny,manual,3.2,4,TRUE,TRUE,,,,,,https://cdn.shopify.com/s/files/1/0901/3696/9543/files/267290046.webp?v=1763935074,17,267290046.webp,,,,,,,,,,,,,,,,,,,,,,,,,,,,,,,,,,lb,,2,
0-5mg-tick-tock-nicotine-candy-12-drops,,,,,,,,,Strawberry Cherry,,,,,,,,EC0144X0531,31.7514659,shopify,200,deny,manual,3.2,4,TRUE,TRUE,,,,,,https://cdn.shopify.com/s/files/1/0901/3696/9543/files/267290047.webp?v=1763935074,18,267290047.webp,,,,,,,,,,,,,,,,,,,,,,,,,,,,,,,,,,lb,,2,
0-5mg-tick-tock-nicotine-candy-12-drops,,,,,,,,,Fruit Bomb,,,,,,,,EC0146X0531,31.7514659,shopify,196,deny,manual,3.2,4,TRUE,TRUE,,,,,,https://cdn.shopify.com/s/files/1/0901/3696/9543/files/267290048.webp?v=1763935075,19,267290048.webp,,,,,,,,,,,,,,,,,,,,,,,,,,,,,,,,,,lb,,2,
0-5mg-tick-tock-nicotine-candy-12-drops,,,,,,,,,Ice Blue,,,,,,,,EC0133X0531,31.7514659,shopify,200,deny,manual,3.2,4,TRUE,TRUE,,,,,,https://cdn.shopify.com/s/files/1/0901/3696/9543/files/267290049.webp?v=1763935075,20,267290049.webp,,,,,,,,,,,,,,,,,,,,,,,,,,,,,,,,,,lb,,2,
0-5mg-tick-tock-nicotine-candy-12-drops,,,,,,,,,,,,,,,,,,,,,,,,,,,,,,,,https://cdn.shopify.com/s/files/1/0901/3696/9543/files/267290050.webp?v=1763935075,21,267290050.webp,,,,,,,,,,,,,,,,,,,,,,,,,,,,,,,,,,,,,
14mg-egp-nicotine-pouches-20-pouches,14mg EGP Nicotine Pouches - 20 Pouches,"<p>The EPG 14mg Nicotine Pouches offer a discreet and satisfying way to enjoy nicotine without the harmful effects of smoking. These tobacco-free pouches are designed to be placed between the lip and gum, allowing for a smooth and lasting release of nicotine through the oral mucosa. Crafted with premium materials and free from tobacco, tar, and carbon monoxide.</p>
<p><strong>Specifications:</strong></p>
<ul>
<li>Strength: 14mg Per Pouch / 28mg Per Gram <br>
</li>
<li>Doses: 20 pouches</li>
<li>Recyclable Packaging</li>
<li>Tobacco-free, smoke-free and vapour-free</li>
<li>Multiple Flavours to Choose From</li>
<li>Free From Harsh Chemicals</li>
<li>Long Lasting Flavour</li>
</ul>
<p><strong>Flavours:</strong></p>
<ul>
<li>Wintergreen <br>
</li>
<li>Citrus Chill <br>
</li>
<li>Spearmint <br>
</li>
<li>Energy Drink <br>
</li>
<li>Mango <br>
</li>
<li>Refreshing Grape <br>
</li>
<li>Ice Mint <br>
</li>
<li>Peach <br>
</li>
<li>Ice Watermelon </li>
</ul>",EGP,Health & Beauty > Health Care > Medicine & Drugs > Smoking Cessation Aids,Smoking Products,"14mg, beverages, fruity, ice, nic_salt, nic_strength=14, nicotine_pouches, parse_attributes_0, pouch",TRUE,Flavour,Mango,,,,,,,,ED0330X0516,31.7514659,shopify,0,deny,manual,2.4,3,TRUE,TRUE,,,,,,https://cdn.shopify.com/s/files/1/0901/3696/9543/files/267289712.webp?v=1763934809,1,267289712.webp,FALSE,14mg EGP Nicotine Pouches - 20 Pouches,"Buy EGP EGP 14mg nicotine pouches. Tobacco-free, discreet pouches. Fast UK delivery, 18+ age verified.",Health & Beauty > Health Care > Medicine & Drugs,unisex,adult,ED0330X0516,new,FALSE,,,,,,,,,,,,,,,,,,,,,,,"egp, 14mg, 14 mg, nicotine pouches, nic pouches, tobacco free",https://cdn.shopify.com/s/files/1/0901/3696/9543/files/267289717.webp?v=1763934817,lb,,1.5,active
14mg-egp-nicotine-pouches-20-pouches,,,,,,,,,Peach,,,,,,,,ED0331X0516,31.7514659,shopify,0,deny,manual,2.4,3,TRUE,TRUE,,,,,,https://cdn.shopify.com/s/files/1/0901/3696/9543/files/267289713.webp?v=1763934816,2,267289713.webp,,,,,,,,,,,,,,,,,,,,,,,,,,,,,,,,,https://cdn.shopify.com/s/files/1/0901/3696/9543/files/267289720.webp?v=1763934813,lb,,1.5,
14mg-egp-nicotine-pouches-20-pouches,,,,,,,,,Ice Mint,,,,,,,,ED0328X0516,31.7514659,shopify,0,deny,manual,2.4,3,TRUE,TRUE,,,,,,https://cdn.shopify.com/s/files/1/0901/3696/9543/files/267289714.webp?v=1763934809,3,267289714.webp,,,,,,,,,,,,,,,,,,,,,,,,,,,,,,,,,https://cdn.shopify.com/s/files/1/0901/3696/9543/files/267289719.webp?v=1763934815,lb,,1.5,
14mg-egp-nicotine-pouches-20-pouches,,,,,,,,,Ice Watermelon,,,,,,,,ED0329X0516,31.7514659,shopify,0,deny,manual,2.4,3,TRUE,TRUE,,,,,,https://cdn.shopify.com/s/files/1/0901/3696/9543/files/267289715.webp?v=1763934809,4,267289715.webp,,,,,,,,,,,,,,,,,,,,,,,,,,,,,,,,,https://cdn.shopify.com/s/files/1/0901/3696/9543/files/267289721.webp?v=1763934820,lb,,1.5,
14mg-egp-nicotine-pouches-20-pouches,,,,,,,,,Energy Drink,,,,,,,,ED0327X0516,31.7514659,shopify,0,deny,manual,2.4,3,TRUE,TRUE,,,,,,https://cdn.shopify.com/s/files/1/0901/3696/9543/files/267289716.webp?v=1763934811,5,267289716.webp,,,,,,,,,,,,,,,,,,,,,,,,,,,,,,,,,https://cdn.shopify.com/s/files/1/0901/3696/9543/files/267289716.webp?v=1763934811,lb,,1.5,
14mg-egp-nicotine-pouches-20-pouches,,,,,,,,,Refreshing Grape,,,,,,,,ED0332X0516,31.7514659,shopify,0,deny,manual,2.4,3,TRUE,TRUE,,,,,,https://cdn.shopify.com/s/files/1/0901/3696/9543/files/267289717.webp?v=1763934817,6,267289717.webp,,,,,,,,,,,,,,,,,,,,,,,,,,,,,,,,,https://cdn.shopify.com/s/files/1/0901/3696/9543/files/267289718.webp?v=1763934819,lb,,1.5,
14mg-egp-nicotine-pouches-20-pouches,,,,,,,,,Wintergreen,,,,,,,,ED0333X0516,31.7514659,shopify,0,deny,manual,2.4,3,TRUE,TRUE,,,,,,https://cdn.shopify.com/s/files/1/0901/3696/9543/files/267289718.webp?v=1763934819,7,267289718.webp,,,,,,,,,,,,,,,,,,,,,,,,,,,,,,,,,https://cdn.shopify.com/s/files/1/0901/3696/9543/files/267289713.webp?v=1763934816,lb,,1.5,
14mg-egp-nicotine-pouches-20-pouches,,,,,,,,,,,,,,,,,,,,,,,,,,,,,,,,https://cdn.shopify.com/s/files/1/0901/3696/9543/files/267289719.webp?v=1763934815,8,267289719.webp,,,,,,,,,,,,,,,,,,,,,,,,,,,,,,,,,,,,,
14mg-egp-nicotine-pouches-20-pouches,,,,,,,,,,,,,,,,,,,,,,,,,,,,,,,,https://cdn.shopify.com/s/files/1/0901/3696/9543/files/267289720.webp?v=1763934813,9,267289720.webp,,,,,,,,,,,,,,,,,,,,,,,,,,,,,,,,,,,,,
14mg-egp-nicotine-pouches-20-pouches,,,,,,,,,,,,,,,,,,,,,,,,,,,,,,,,https://cdn.shopify.com/s/files/1/0901/3696/9543/files/267289721.webp?v=1763934820,10,267289721.webp,,,,,,,,,,,,,,,,,,,,,,,,,,,,,,,,,,,,,
2mg-angel-by-vapes-bars-medium-nicotine-lozenges-20-lozenges,2mg Angel By Vapes Bars Medium Nicotine Lozenges - 20 Lozenges,"<p>The 2mg Angel by Vapes Bars Medium Nicotine Lozenges are the perfect solution for those seeking a discreet, on-the-go nicotine alternative. Each pack contains 20 sugar-free and calorie-free lozenges, designed to provide a smooth and satisfying nicotine experience without tobacco. Ideal for adult users looking to manage cravings, these lozenges dissolve gradually in the mouth, releasing nicotine to help curb withdrawal symptoms. As the UK's premium choice for nicotine lozenges, Angel by Vapes Bars offers convenience and quality in every pack. Order today to enjoy a cleaner, more discreet nicotine solution!<br><br><strong>Specifications:</strong><br></p>
<ul>
<li>Strength: 2mg Per Lozenge</li>
<li>Weight: 30g</li>
<li>Doses: 20 Lozenges <br>
</li>
<li>Manufactured by Vapes Bars</li>
<li>Tobacco Free</li>
<li>Sugar Free</li>
</ul>
<p><br><strong>Direction of Use:</strong><span> Place the Lozenge Tablet anywhere in between your lips &amp; gums. Do not chew. Allow lozenge to dissolve in desired area. </span><br><br><strong>Flavour:</strong><br></p>
<ul>
<li>Mint</li>
<li>Lemon</li>
<li>Orange</li>
<li>Spearmint</li>
<li>Strawberry</li>
<li>Grape</li>
<li>Berries</li>
<li>Cherry</li>
<li>Watermelon</li>
<li>Tropical Fruit</li>
</ul>
<p><!----></p>",Vapes Bars,Health & Beauty > Health Care > Medicine & Drugs > Smoking Cessation Aids,Smoking Products,"2mg, fruity, ice, nic_salt, nicotine_pouches, parse_attributes_0, tobacco",TRUE,Flavour,Watermelon,,,,,,,,EI0047X0308,31.7514659,shopify,188,deny,manual,4,5,TRUE,TRUE,,,,,,https://cdn.shopify.com/s/files/1/0901/3696/9543/files/267289940.webp?v=1763934227,1,267289940.webp,FALSE,2mg Angel By Vapes Bars Medium Nicotine Lozenges - 20 Loz...,"Buy Vapes Bars Angel By Vapes 2mg nicotine pouches. Tobacco-free, discreet pouches. Fast UK delivery, 18+ age verified.",Health & Beauty > Health Care > Medicine & Drugs,unisex,adult,EI0047X0308,new,FALSE,,,,,,,,,,,,,,,,,,,,,,,"vapes bars, 2mg, 2 mg, nicotine pouches, nic pouches, tobacco free",https://cdn.shopify.com/s/files/1/0901/3696/9543/files/267289950.webp?v=1763934234,lb,,2.5,active
2mg-angel-by-vapes-bars-medium-nicotine-lozenges-20-lozenges,,,,,,,,,Grape,,,,,,,,EI0040X0308,31.7514659,shopify,187,deny,manual,4,5,TRUE,TRUE,,,,,,https://cdn.shopify.com/s/files/1/0901/3696/9543/files/267289941.webp?v=1763934238,2,267289941.webp,,,,,,,,,,,,,,,,,,,,,,,,,,,,,,,,,https://cdn.shopify.com/s/files/1/0901/3696/9543/files/267289947.webp?v=1763934240,lb,,2.5,
2mg-angel-by-vapes-bars-medium-nicotine-lozenges-20-lozenges,,,,,,,,,Spearmint,,,,,,,,EI0044X0308,31.7514659,shopify,180,deny,manual,4,5,TRUE,TRUE,,,,,,https://cdn.shopify.com/s/files/1/0901/3696/9543/files/267289942.webp?v=1763934245,3,267289942.webp,,,,,,,,,,,,,,,,,,,,,,,,,,,,,,,,,https://cdn.shopify.com/s/files/1/0901/3696/9543/files/267289944.webp?v=1763934244,lb,,2.5,
2mg-angel-by-vapes-bars-medium-nicotine-lozenges-20-lozenges,,,,,,,,,Orange,,,,,,,,EI0043X0308,31.7514659,shopify,184,deny,manual,4,5,TRUE,TRUE,,,,,,https://cdn.shopify.com/s/files/1/0901/3696/9543/files/267289943.webp?v=1763934236,4,267289943.webp,,,,,,,,,,,,,,,,,,,,,,,,,,,,,,,,,https://cdn.shopify.com/s/files/1/0901/3696/9543/files/267289943.webp?v=1763934236,lb,,2.5,
2mg-angel-by-vapes-bars-medium-nicotine-lozenges-20-lozenges,,,,,,,,,Cherry,,,,,,,,EI0039X0308,31.7514659,shopify,178,deny,manual,4,5,TRUE,TRUE,,,,,,https://cdn.shopify.com/s/files/1/0901/3696/9543/files/267289944.webp?v=1763934244,5,267289944.webp,,,,,,,,,,,,,,,,,,,,,,,,,,,,,,,,,https://cdn.shopify.com/s/files/1/0901/3696/9543/files/267289949.webp?v=1763934239,lb,,2.5,
2mg-angel-by-vapes-bars-medium-nicotine-lozenges-20-lozenges,,,,,,,,,Strawberry,,,,,,,,EI0045X0308,31.7514659,shopify,178,deny,manual,4,5,TRUE,TRUE,,,,,,https://cdn.shopify.com/s/files/1/0901/3696/9543/files/267289946.webp?v=1763934248,6,267289946.webp,,,,,,,,,,,,,,,,,,,,,,,,,,,,,,,,,https://cdn.shopify.com/s/files/1/0901/3696/9543/files/267289946.webp?v=1763934248,lb,,2.5,
2mg-angel-by-vapes-bars-medium-nicotine-lozenges-20-lozenges,,,,,,,,,Mint,,,,,,,,EI0042X0308,31.7514659,shopify,180,deny,manual,4,5,TRUE,TRUE,,,,,,https://cdn.shopify.com/s/files/1/0901/3696/9543/files/267289947.webp?v=1763934240,7,267289947.webp,,,,,,,,,,,,,,,,,,,,,,,,,,,,,,,,,https://cdn.shopify.com/s/files/1/0901/3696/9543/files/267289941.webp?v=1763934238,lb,,2.5,
2mg-angel-by-vapes-bars-medium-nicotine-lozenges-20-lozenges,,,,,,,,,Lemon,,,,,,,,EI0041X0308,31.7514659,shopify,185,deny,manual,4,5,TRUE,TRUE,,,,,,https://cdn.shopify.com/s/files/1/0901/3696/9543/files/267289948.webp?v=1763934244,8,267289948.webp,,,,,,,,,,,,,,,,,,,,,,,,,,,,,,,,,https://cdn.shopify.com/s/files/1/0901/3696/9543/files/267289942.webp?v=1763934245,lb,,2.5,
2mg-angel-by-vapes-bars-medium-nicotine-lozenges-20-lozenges,,,,,,,,,Tropical Fruit,,,,,,,,EI0046X0308,31.7514659,shopify,184,deny,manual,4,5,TRUE,TRUE,,,,,,https://cdn.shopify.com/s/files/1/0901/3696/9543/files/267289949.webp?v=1763934239,9,267289949.webp,,,,,,,,,,,,,,,,,,,,,,,,,,,,,,,,,https://cdn.shopify.com/s/files/1/0901/3696/9543/files/267289951.webp?v=1763934241,lb,,2.5,
2mg-angel-by-vapes-bars-medium-nicotine-lozenges-20-lozenges,,,,,,,,,Berries,,,,,,,,EI0038X0308,31.7514659,shopify,190,deny,manual,4,5,TRUE,TRUE,,,,,,https://cdn.shopify.com/s/files/1/0901/3696/9543/files/267289950.webp?v=1763934234,10,267289950.webp,,,,,,,,,,,,,,,,,,,,,,,,,,,,,,,,,https://cdn.shopify.com/s/files/1/0901/3696/9543/files/267289948.webp?v=1763934244,lb,,2.5,
2mg-angel-by-vapes-bars-medium-nicotine-lozenges-20-lozenges,,,,,,,,,,,,,,,,,,,,,,,,,,,,,,,,https://cdn.shopify.com/s/files/1/0901/3696/9543/files/267289951.webp?v=1763934241,11,267289951.webp,,,,,,,,,,,,,,,,,,,,,,,,,,,,,,,,,,,,,
3mg-on-mini-regular-berry-nicotine-pouches-20-pouches,3mg On! Mini Regular Berry Nicotine Pouches - 20 Pouches,"<span data-mce-fragment=""1"">Discover a new way to enjoy nicotine with 3mg On! Mini Regular Berry Nicotine Pouches - the perfect addition to your daily routine. These discreet, flavour-packed pouches deliver a satisfying nicotine experience with each use. Featuring 20 mini pouches per can, they're easy to store and take on the go. Plus, satisfying your cravings has never been more enjoyable. Ideal for both new and seasoned nicotine users, these pouches provide a versatile and convenient option for nicotine enjoyment. Try them today and see why they're a must-have for tobacco enthusiasts!</span><br data-mce-fragment=""1""><br data-mce-fragment=""1""><strong data-mce-fragment=""1"">Specifications:</strong><br data-mce-fragment=""1"">
<ul data-mce-fragment=""1"">
<li data-mce-fragment=""1"">Strength: 3 mg Per Pouch </li>
<li data-mce-fragment=""1"">Regular Strength</li>
<li data-mce-fragment=""1"">Weight: 30g</li>
<li data-mce-fragment=""1"">Doses: 20 pouches</li>
</ul>
<br data-mce-fragment=""1""><strong data-mce-fragment=""1"">Direction of Use:</strong><span data-mce-fragment=""1""> Place one pouch under your top or bottom lip. Position the pouch to the side of your lip for comfort. Remove after 30 to 60 minutes.</span><br data-mce-fragment=""1""><br data-mce-fragment=""1""><strong data-mce-fragment=""1"">Flavour:</strong><span data-mce-fragment=""1""> </span>
<ul data-mce-fragment=""1"">
<li data-mce-fragment=""1"">Berry <br data-mce-fragment=""1"">
</li>
</ul>",On!,Health & Beauty > Health Care > Medicine & Drugs > Smoking Cessation Aids,Smoking Products,"3mg, nic_strength=3, nicotine_pouches, parse_attributes_0, pouch, tobacco",TRUE,Title,Default Title,,,,,,,,EB0186X0473,31.7514659,shopify,0,deny,manual,7.58,9.48,TRUE,TRUE,,,,,0000073187981,https://cdn.shopify.com/s/files/1/0901/3696/9543/files/267289159.webp?v=1763933774,1,267289159.webp,FALSE,3mg On! Mini Regular Berry Nicotine Pouches - 20 Pouches,"Buy On! On! Mini Regular 3mg nicotine pouches. Tobacco-free, discreet pouches. Fast UK delivery, 18+ age verified.",Health & Beauty > Health Care > Medicine & Drugs,unisex,adult,EB0186X0473,new,FALSE,,,,,,3mg,,,,,,,,,,,,,,,,,"on!, 3mg, 3 mg, berry, nicotine pouches, nic pouches, tobacco free",https://cdn.shopify.com/s/files/1/0901/3696/9543/files/267289159.webp?v=1763933774,lb,,4.74,active
6mg-nic-nac-naturals-nicotine-15-lozenge-tablets-buy-2-get-1-free,6mg Nic Nac Naturals Nicotine - 15 Lozenge Tablets (Buy 2 Get 1 Free),"<p><meta charset=""UTF-8""><span>Nic Nac Naturals Nicotine Pouches offer a discreet and satisfying nicotine experience. Each pouch delivers a smooth 6mg nicotine hit, providing a long-lasting sensation without the harshness of traditional tobacco products. The all-natural ingredients ensure a clean and refreshing taste, free from tobacco and additives. The slim, discreet pouches fit comfortably under your lip, making them perfect for on-the-go use. </span></p>
<p><strong>Specifications:</strong></p>
<ul>
<li data-sourcepos=""5:1-5:38"">Nicotine Strength: 6mg per pouch</li>
<li data-sourcepos=""5:1-5:38"">
<span style=""font-size: 0.875rem;"">Packaging:</span><span style=""font-size: 0.875rem;""> Biodegradable can</span>
</li>
<li data-sourcepos=""5:1-5:38""><span style=""font-size: 0.875rem;""><meta charset=""UTF-8"">Country of Origin: Made In USA</span></li>
<li>Zero tobacco, artificial sweeteners, fillers, colours or flavours</li>
<li>Discrete: no smoke, no spit, no pouch<span style=""font-size: 0.875rem;""></span>
</li>
</ul>
<p><span style=""font-size: 0.875rem;""></span><strong><span style=""font-size: 0.875rem;"">Flavours:</span></strong></p>
<ul>
<li><span style=""font-size: 0.875rem;""><span>Peppermint</span></span></li>
<li><span style=""font-size: 0.875rem;""><span>Wintergreen</span></span></li>
<li><span style=""font-size: 0.875rem;""><span>Spearmint</span></span></li>
<li><span style=""font-size: 0.875rem;""><span>Grapefruit</span></span></li>
<li><span style=""font-size: 0.875rem;""><span>Blood Orange</span></span></li>
<li>Classic</li>
<li>Lemon<span style=""font-size: 0.875rem;""><span></span></span>
</li>
</ul>
<p><span style=""font-size: 0.875rem;""><span><strong>Direction of Use:</strong> Place anywhere in between your lips &amp; gums. Do not chew.</span></span></p>",Nic Nac,Health & Beauty > Health Care > Medicine & Drugs > Smoking Cessation Aids,Smoking Products,"6mg, fruity, ice, nic_salt, nic_strength=6, nicotine_pouches, parse_attributes_0, pouch, tobacco, traditional_nicotine, unflavoured",TRUE,Flavour,Spearmint,,,,,,,,AQ0363Z0153,31.7514659,shopify,1647,deny,manual,4.3,5.38,TRUE,TRUE,,,,,,https://cdn.shopify.com/s/files/1/0901/3696/9543/files/267289627.webp?v=1763933535,1,267289627.webp,FALSE,6mg Nic Nac Naturals Nicotine - 15 Lozenge Tablets (Buy 2...,"Buy Nic Nac Nic Nac Naturals 6mg nicotine pouches. Tobacco-free, discreet pouches. Fast UK delivery, 18+ age verified.",Health & Beauty > Health Care > Medicine & Drugs,unisex,adult,AQ0363Z0153,new,FALSE,,,,,,6mg,TRUE,,,,,,,,,,,,,,,,"nic nac, 6mg, 6 mg, nicotine pouches, nic pouches, tobacco free",,lb,,2.69,active
6mg-nic-nac-naturals-nicotine-15-lozenge-tablets-buy-2-get-1-free,,,,,,,,,Grapefruit,,,,,,,,AQ0364Z0153,31.7514659,shopify,2912,deny,manual,4.3,5.38,TRUE,TRUE,,,,,,https://cdn.shopify.com/s/files/1/0901/3696/9543/files/267289628.webp?v=1763933535,2,267289628.webp,,,,,,,,,,,,,,,,,,,,,,,,,,,,,,,,,,lb,,2.69,
6mg-nic-nac-naturals-nicotine-15-lozenge-tablets-buy-2-get-1-free,,,,,,,,,Lemon,,,,,,,,AQ0380Z0153,31.7514659,shopify,305,deny,manual,4.3,5.38,TRUE,TRUE,,,,,,https://cdn.shopify.com/s/files/1/0901/3696/9543/files/267289629.webp?v=1763933536,3,267289629.webp,,,,,,,,,,,,,,,,,,,,,,,,,,,,,,,,,,lb,,2.69,
6mg-nic-nac-naturals-nicotine-15-lozenge-tablets-buy-2-get-1-free,,,,,,,,,Peppermint,,,,,,,,AQ0361Z0153,31.7514659,shopify,3396,deny,manual,4.3,5.38,TRUE,TRUE,,,,,,https://cdn.shopify.com/s/files/1/0901/3696/9543/files/267289630.webp?v=1763933535,4,267289630.webp,,,,,,,,,,,,,,,,,,,,,,,,,,,,,,,,,,lb,,2.69,
6mg-nic-nac-naturals-nicotine-15-lozenge-tablets-buy-2-get-1-free,,,,,,,,,Classic,,,,,,,,AQ0382Z0153,31.7514659,shopify,513,deny,manual,4.3,5.38,TRUE,TRUE,,,,,,https://cdn.shopify.com/s/files/1/0901/3696/9543/files/267289631.webp?v=1763933536,5,267289631.webp,,,,,,,,,,,,,,,,,,,,,,,,,,,,,,,,,,lb,,2.69,
6mg-nic-nac-naturals-nicotine-15-lozenge-tablets-buy-2-get-1-free,,,,,,,,,Blood Orange,,,,,,,,AQ0365Z0153,31.7514659,shopify,2664,deny,manual,4.3,5.38,TRUE,TRUE,,,,,,https://cdn.shopify.com/s/files/1/0901/3696/9543/files/267289632.webp?v=1763933536,6,267289632.webp,,,,,,,,,,,,,,,,,,,,,,,,,,,,,,,,,,lb,,2.69,
6mg-nic-nac-naturals-nicotine-15-lozenge-tablets-buy-2-get-1-free,,,,,,,,,Wintergreen,,,,,,,,AQ0362Z0153,31.7514659,shopify,1814,deny,manual,4.3,5.38,TRUE,TRUE,,,,,,https://cdn.shopify.com/s/files/1/0901/3696/9543/files/267289633.webp?v=1763933536,7,267289633.webp,,,,,,,,,,,,,,,,,,,,,,,,,,,,,,,,,,lb,,2.69,
6mg-nic-nac-naturals-nicotine-15-lozenge-tablets-buy-2-get-1-free,,,,,,,,,,,,,,,,,,,,,,,,,,,,,,,,https://cdn.shopify.com/s/files/1/0901/3696/9543/files/267289634.webp?v=1763933537,8,267289634.webp,,,,,,,,,,,,,,,,,,,,,,,,,,,,,,,,,,,,,
38mg-ice-nicotine-pouches-20-pouches,38mg Ice Nicotine Pouches - 20 Pouches,"<p>Experience the game-changing 38mg Ice Nicotine Pouches. Delivering a refreshing kick of flavour and convenience, these pouches contain a potent 38mg dose of nicotine, each packed into a discreet and hassle-free pouch. The ice-cool flavour tantalizes the senses with a burst of invigorating freshness, providing a clean and crisp nicotine experience. Specially designed for maximum absorption, these pouches continuously release nicotine for long-lasting satisfaction. Whether you're constantly on the move, at the office, or simply seeking a smoke-free alternative, the 38mg Ice Nicotine Pouches are the ideal solution for a convenient and enjoyable lifestyle.<br><br><br><strong data-mce-fragment=""1"">Specifications:</strong><br data-mce-fragment=""1""></p>
<ul data-mce-fragment=""1"">
<li data-mce-fragment=""1"">Strength: 38mg Per Gram</li>
<li data-mce-fragment=""1"">Weight: 30g</li>
<li data-mce-fragment=""1"">Doses: 20 pouches</li>
<li data-mce-fragment=""1"">Tobacco-free, smoke-free and vapour-free</li>
</ul>
<p><br data-mce-fragment=""1""><strong data-mce-fragment=""1"">Direction of Use:</strong><span data-mce-fragment=""1""> Place one pouch under your top or bottom lip. Position the pouch to the side of your lip for comfort. Remove after 30 to 60 minutes.</span><br data-mce-fragment=""1""><br data-mce-fragment=""1""><strong data-mce-fragment=""1"">Flavours:</strong></p>
<ul>
<li>Mango Tango X <br>
</li>
<li>Cola Slush X <br>
</li>
<li>Watermelon X <br>
</li>
<li>Banana Chilli X <br>
</li>
<li>Habanero X<br>
</li>
<li>Jalapeno Lime X<br>
</li>
<li>Freeze X <br>
</li>
<li>Lemon Berry X <br>
</li>
<li>Grape X <br>
</li>
<li>Reaper X <br><br><br>
</li>
</ul>
<!----><!---->",Ice,Health & Beauty > Health Care > Medicine & Drugs > Smoking Cessation Aids,Smoking Products,"0mg, beverages, fruity, ice, nic_strength=38, nicotine_pouches, parse_attributes_0, pouch, tobacco",TRUE,Flavour,Watermelon X,,,,,,,,EF0154X0505,31.7514659,shopify,0,deny,manual,2.88,3.6,TRUE,TRUE,,,,,5694230603596,https://cdn.shopify.com/s/files/1/0901/3696/9543/files/267289146.webp?v=1763933258,1,267289146.webp,FALSE,38mg Ice Nicotine Pouches - 20 Pouches,"Buy Ice Ice 38mg nicotine pouches. Tobacco-free, discreet pouches. Fast UK delivery, 18+ age verified.",Health & Beauty > Health Care > Medicine & Drugs,unisex,adult,EF0154X0505,new,FALSE,,,,,,38mg,,,,,,,,,,,,,,,,,"ice, 38mg, 38 mg, nicotine pouches, nic pouches, tobacco free",https://cdn.shopify.com/s/files/1/0901/3696/9543/files/267289149.webp?v=1763933268,lb,,1.8,active
38mg-ice-nicotine-pouches-20-pouches,,,,,,,,,Lemon Berry X,,,,,,,,EF0159X0505,31.7514659,shopify,0,deny,manual,2.88,3.6,TRUE,TRUE,,,,,5694230603398,https://cdn.shopify.com/s/files/1/0901/3696/9543/files/267289147.webp?v=1763933269,2,267289147.webp,,,,,,,,,,,,,,,,,,,,,,,,,,,,,,,,,https://cdn.shopify.com/s/files/1/0901/3696/9543/files/267289154.webp?v=1763933266,lb,,1.8,
38mg-ice-nicotine-pouches-20-pouches,,,,,,,,,Grape X,,,,,,,,EF0165X0505,31.7514659,shopify,0,deny,manual,2.88,3.6,TRUE,TRUE,,,,,5694230550876,https://cdn.shopify.com/s/files/1/0901/3696/9543/files/267289148.webp?v=1763933265,3,267289148.webp,,,,,,,,,,,,,,,,,,,,,,,,,,,,,,,,,https://cdn.shopify.com/s/files/1/0901/3696/9543/files/267289158.webp?v=1763933271,lb,,1.8,
38mg-ice-nicotine-pouches-20-pouches,,,,,,,,,Freeze X,,,,,,,,EF0158X0505,31.7514659,shopify,0,deny,manual,2.88,3.6,TRUE,TRUE,,,,,5694230550012,https://cdn.shopify.com/s/files/1/0901/3696/9543/files/267289149.webp?v=1763933268,4,267289149.webp,,,,,,,,,,,,,,,,,,,,,,,,,,,,,,,,,https://cdn.shopify.com/s/files/1/0901/3696/9543/files/267289153.webp?v=1763933262,lb,,1.8,
38mg-ice-nicotine-pouches-20-pouches,,,,,,,,,Mango Tango X,,,,,,,,EF0152X0505,31.7514659,shopify,0,deny,manual,2.88,3.6,TRUE,TRUE,,,,,5694230603633,https://cdn.shopify.com/s/files/1/0901/3696/9543/files/267289150.webp?v=1763933272,5,267289150.webp,,,,,,,,,,,,,,,,,,,,,,,,,,,,,,,,,https://cdn.shopify.com/s/files/1/0901/3696/9543/files/267289147.webp?v=1763933269,lb,,1.8,
38mg-ice-nicotine-pouches-20-pouches,,,,,,,,,Jalapeno Lime X,,,,,,,,EF0157X0505,31.7514659,shopify,0,deny,manual,2.88,3.6,TRUE,TRUE,,,,,5694230603350,https://cdn.shopify.com/s/files/1/0901/3696/9543/files/267289151.webp?v=1763933275,6,267289151.webp,,,,,,,,,,,,,,,,,,,,,,,,,,,,,,,,,https://cdn.shopify.com/s/files/1/0901/3696/9543/files/267289157.webp?v=1763933265,lb,,1.8,
38mg-ice-nicotine-pouches-20-pouches,,,,,,,,,Banana Chilli X,,,,,,,,EF0155X0505,31.7514659,shopify,0,deny,manual,2.88,3.6,TRUE,TRUE,,,,,5694230550371,https://cdn.shopify.com/s/files/1/0901/3696/9543/files/267289152.webp?v=1763933260,7,267289152.webp,,,,,,,,,,,,,,,,,,,,,,,,,,,,,,,,,https://cdn.shopify.com/s/files/1/0901/3696/9543/files/267289150.webp?v=1763933272,lb,,1.8,
38mg-ice-nicotine-pouches-20-pouches,,,,,,,,,Habanero X,,,,,,,,EF0156X0505,31.7514659,shopify,0,deny,manual,2.88,3.6,TRUE,TRUE,,,,,5694230550678,https://cdn.shopify.com/s/files/1/0901/3696/9543/files/267289153.webp?v=1763933262,8,267289153.webp,,,,,,,,,,,,,,,,,,,,,,,,,,,,,,,,,https://cdn.shopify.com/s/files/1/0901/3696/9543/files/267289151.webp?v=1763933275,lb,,1.8,
38mg-ice-nicotine-pouches-20-pouches,,,,,,,,,Reaper X,,,,,,,,EF0167X0505,31.7514659,shopify,0,deny,manual,2.88,3.6,TRUE,TRUE,,,,,5694230550661,https://cdn.shopify.com/s/files/1/0901/3696/9543/files/267289154.webp?v=1763933266,9,267289154.webp,,,,,,,,,,,,,,,,,,,,,,,,,,,,,,,,,https://cdn.shopify.com/s/files/1/0901/3696/9543/files/267289156.webp?v=1763933275,lb,,1.8,
38mg-ice-nicotine-pouches-20-pouches,,,,,,,,,Cola Slush X,,,,,,,,EF0153X0505,31.7514659,shopify,0,deny,manual,2.88,3.6,TRUE,TRUE,,,,,5694230550838,https://cdn.shopify.com/s/files/1/0901/3696/9543/files/267289155.webp?v=1763933262,10,267289155.webp,,,,,,,,,,,,,,,,,,,,,,,,,,,,,,,,,https://cdn.shopify.com/s/files/1/0901/3696/9543/files/267289148.webp?v=1763933265,lb,,1.8,
38mg-ice-nicotine-pouches-20-pouches,,,,,,,,,,,,,,,,,,,,,,,,,,,,,,,,https://cdn.shopify.com/s/files/1/0901/3696/9543/files/267289156.webp?v=1763933275,11,267289156.webp,,,,,,,,,,,,,,,,,,,,,,,,,,,,,,,,,,,,,
38mg-ice-nicotine-pouches-20-pouches,,,,,,,,,,,,,,,,,,,,,,,,,,,,,,,,https://cdn.shopify.com/s/files/1/0901/3696/9543/files/267289157.webp?v=1763933265,12,267289157.webp,,,,,,,,,,,,,,,,,,,,,,,,,,,,,,,,,,,,,
38mg-ice-nicotine-pouches-20-pouches,,,,,,,,,,,,,,,,,,,,,,,,,,,,,,,,https://cdn.shopify.com/s/files/1/0901/3696/9543/files/267289158.webp?v=1763933271,13,267289158.webp,,,,,,,,,,,,,,,,,,,,,,,,,,,,,,,,,,,,,
eos-20mg-extra-strong-nicotine-pouches-20-pouches,EOS 20mg Extra Strong Nicotine pouches - 20 Pouches,"<p>Experience the ultimate in nicotine satisfaction with EOS 20mg Extra Strong Nicotine Pouches. This pack contains 20 slim pouches, each delivering a powerful 20mg nicotine hit for those seeking an intense experience. Crafted by the renowned EMPIRE OF SNUS, these premium pouches offer a tobacco-free alternative that combines strength with quality. Simply place a pouch between your gum and lip to enjoy a steady release of nicotine, with no smoke, vapour, or mess. The slim format ensures a discreet and comfortable fit, making them perfect for on-the-go use. Whether you're looking to reduce your tobacco intake or desire a potent nicotine option, EOS 20mg Extra Strong Nicotine Pouches provide an unparalleled solution. With 40mg of nicotine per gram, these pouches are designed for experienced users who demand the highest level of satisfaction. Embrace the power and convenience of EOS Extra Strong Nicotine Pouches and elevate your nicotine experience to new heights. <strong><br><br><br><br>Specifications:</strong></p>
<ul>
<li>Strength: 20mg Per Gram <br>
</li>
<li>Extra Strong Strength<br>
</li>
<li>No Tobacco <br>
</li>
<li>Slim Pouch <br>
</li>
<li>Weight: 30g</li>
<li>Doses: 20 pouches</li>
</ul>
<p><br><strong>Direction of Use: </strong>Place one pouch under your top or bottom lip. Position the pouch to the side of your lip for comfort. Remove after 30 to 60 minutes.</p>
<p><strong>Flavour: </strong></p>
<ul>
<li>Mint <br>
</li>
<li>Orange <br>
</li>
<li>Blueberry </li>
</ul>
<!----><!---->",EOS,Health & Beauty > Health Care > Medicine & Drugs > Smoking Cessation Aids,Smoking Products,"0mg, fruity, ice, nic_strength=20, nicotine_pouches, parse_attributes_0, pouch",TRUE,Flavour,Orange,,,,,,,,EH0161Z0146,31.7514659,shopify,195,deny,manual,5.6,7,TRUE,TRUE,,,,,,https://cdn.shopify.com/s/files/1/0901/3696/9543/files/267289612.webp?v=1763932896,1,267289612.webp,FALSE,EOS 20mg Extra Strong Nicotine pouches - 20 Pouches | Nic...,"Buy EOS EOS Extra Strong 20mg nicotine pouches. Tobacco-free, discreet pouches. Fast UK delivery, 18+ age verified.",Health & Beauty > Health Care > Medicine & Drugs,unisex,adult,EH0161Z0146,new,FALSE,,,,,,20mg,,,,,,,,,,,,,,,,,"eos, 20mg, 20 mg, nicotine pouches, nic pouches, tobacco free",https://cdn.shopify.com/s/files/1/0901/3696/9543/files/267289614.webp?v=1763932901,lb,,3.5,active
eos-20mg-extra-strong-nicotine-pouches-20-pouches,,,,,,,,,Ice Mint,,,,,,,,EH0158Z0146,31.7514659,shopify,191,deny,manual,5.6,7,TRUE,TRUE,,,,,,https://cdn.shopify.com/s/files/1/0901/3696/9543/files/267289613.webp?v=1763932914,2,267289613.webp,,,,,,,,,,,,,,,,,,,,,,,,,,,,,,,,,https://cdn.shopify.com/s/files/1/0901/3696/9543/files/267289613.webp?v=1763932914,lb,,3.5,
eos-20mg-extra-strong-nicotine-pouches-20-pouches,,,,,,,,,Ice Blueberry,,,,,,,,EH0164Z0146,31.7514659,shopify,195,deny,manual,5.6,7,TRUE,TRUE,,,,,,https://cdn.shopify.com/s/files/1/0901/3696/9543/files/267289614.webp?v=1763932901,3,267289614.webp,,,,,,,,,,,,,,,,,,,,,,,,,,,,,,,,,https://cdn.shopify.com/s/files/1/0901/3696/9543/files/267289615.webp?v=1763932903,lb,,3.5,
eos-20mg-extra-strong-nicotine-pouches-20-pouches,,,,,,,,,,,,,,,,,,,,,,,,,,,,,,,,https://cdn.shopify.com/s/files/1/0901/3696/9543/files/267289615.webp?v=1763932903,4,267289615.webp,,,,,,,,,,,,,,,,,,,,,,,,,,,,,,,,,,,,,
18mg-muse-nicotine-pouches-uk-made-20-pouches-buy-2-get-1-free,18mg Muse Nicotine Pouches (UK Made) - 20 Pouches (Buy 2 Get 1 Free),"<h3><strong><b><i>Limited Time Offer: Buy 2 Get 1 Free</i></b></strong></h3>
<h3>First UK Made Nicotine Pouch Brand!  </h3>
<h4><strong>Tobacco Free &amp; Sugar Free!</strong></h4>
<p>Experience the ultimate in discreet nicotine satisfaction with Muse Nicotine Pouches, available in an 18mg strength and packaged in a convenient 20-pouch container. These tobacco-free, smoke-free, and vapor-free pouches offer a modern alternative for nicotine enjoyment, perfect for on-the-go use. Muse presents two exciting ranges to cater to diverse preferences. The Original range features classic and bold flavors including Cola Ice for a refreshing fizzy kick, Cool Mint for a crisp and invigorating experience, Creamy Coffee for a rich and aromatic indulgence, Iron Brew for a unique and nostalgic taste, and Liquorice for those who enjoy a traditional, sweet flavor. For those seeking more adventurous options, the Mix range offers a vibrant selection of fruit-forward flavors: Kiwi Passion Guava for a tropical twist, Orange Mango for a citrusy delight, Strawberry Raspberry Cherry for a berry lover's dream, Tropical for an exotic escape, and Blue Razz Lemonade for a tangy and refreshing sensation. Each pouch delivers a consistent and satisfying nicotine release, providing a convenient and enjoyable alternative to traditional nicotine products. Whether you prefer classic tastes or fruity blends, Muse Nicotine Pouches offer a flavor-packed experience to suit every palate.<br><br><br><strong>Specifications:</strong><br></p>
<ul>
<li>Strength: 18mg Per Gram</li>
<li>Doses: 20 pouches</li>
<li>Recyclable Packaging</li>
<li>Sugar-Free <br>
</li>
<li>Tobacco-free, smoke-free and vapour-free</li>
<li>Multiple Flavours to Choose From </li>
<li>First UK Made Nicotine Pouch Brand! </li>
<li>Free From Harsh Chemicals </li>
<li>Long Lasting Flavour</li>
<li>Slow-releasing Fast-acting nicotine<br>
</li>
</ul>
<p><strong>Flavour Ranges: </strong></p>
<p><strong><span class=""Polaris-Badge""><span class=""Polaris-Text--root Polaris-Text--bodySm"">Mix</span></span></strong></p>
<ul>
<li><span class=""Polaris-Badge""><span class=""Polaris-Text--root Polaris-Text--bodySm"">Kiwi Passion Guava </span></span></li>
<li><span class=""Polaris-Badge""><span class=""Polaris-Text--root Polaris-Text--bodySm"">Orange Mango </span></span></li>
<li><span class=""Polaris-Badge""><span class=""Polaris-Text--root Polaris-Text--bodySm"">Strawberry Raspberry Cherry </span></span></li>
<li><span class=""Polaris-Badge""><span class=""Polaris-Text--root Polaris-Text--bodySm"">Tropical</span></span></li>
<li>
<span class=""Polaris-Badge""><span class=""Polaris-Text--root Polaris-Text--bodySm"">Blue Razz Lemonade</span></span><br>
<div class=""_GridWrapper_1fghh_57"">
<div><br></div>
</div>
<span class=""Polaris-Badge""><span class=""Polaris-Text--root Polaris-Text--bodySm""></span></span>
</li>
</ul>
<p><span class=""Polaris-Badge""><span class=""Polaris-Text--root Polaris-Text--bodySm""><strong>Original </strong><br></span></span></p>
<ul>
<li>
<span class=""Polaris-Badge""><span class=""Polaris-Text--root Polaris-Text--bodySm"">Cola Ice</span></span><span class=""Polaris-Badge""></span>
</li>
<li><span class=""Polaris-Badge""><span class=""Polaris-Text--root Polaris-Text--bodySm"">Cool Mint</span></span></li>
<li><span class=""Polaris-Badge""><span class=""Polaris-Text--root Polaris-Text--bodySm"">Creamy Coffee</span></span></li>
<li><span class=""Polaris-Badge""><span class=""Polaris-Text--root Polaris-Text--bodySm"">Iron Brew</span></span></li>
<li>
<span class=""Polaris-Badge""><span class=""Polaris-Text--root Polaris-Text--bodySm"">Liquorice</span></span>
<div class=""_GridWrapper_1fghh_57"">
<div>
<div class=""_CollapsedSectionGrid_1fghh_70""><br></div>
</div>
</div>
</li>
</ul>
<p><br><strong>Direction of Use:</strong> Place one pouch under your top or bottom lip. Position the pouch to the side of your lip for comfort. Remove after 30 to 60 minutes.</p>
<!---->",Muse,Health & Beauty > Health Care > Medicine & Drugs > Smoking Cessation Aids,Smoking Products,"18mg, beverages, candy/sweets, cereal, desserts/bakery, fruity, ice, nic_strength=18, nicotine_pouches, parse_attributes_0, pouch, tobacco, traditional_nicotine",TRUE,Flavour,Blue Razz Lemonade,,,,,,,,Z7978,0,shopify,4571,deny,manual,3.2,4,TRUE,TRUE,,,,,5056754203148,https://cdn.shopify.com/s/files/1/0901/3696/9543/files/267289442.webp?v=1763932885,1,267289442.webp,FALSE,18mg Muse Nicotine Pouches (UK Made) - 20 Pouches (Buy 2 ...,"Buy Muse Muse (UK Made) 18mg nicotine pouches. Tobacco-free, discreet pouches. Fast UK delivery, 18+ age verified.",Health & Beauty > Health Care > Medicine & Drugs,unisex,adult,Z7978,new,FALSE,,,,,,,,,,,,,,,,,,,,,,,"muse, 18mg, 18 mg, nicotine pouches, nic pouches, tobacco free",,lb,,2,active
18mg-muse-nicotine-pouches-uk-made-20-pouches-buy-2-get-1-free,,,,,,,,,Strawberry Raspberry Cherry,,,,,,,,Z7976,0,shopify,4290,deny,manual,3.2,4,TRUE,TRUE,,,,,5056754203131,https://cdn.shopify.com/s/files/1/0901/3696/9543/files/267289443.webp?v=1763932885,2,267289443.webp,,,,,,,,,,,,,,,,,,,,,,,,,,,,,,,,,,lb,,2,
18mg-muse-nicotine-pouches-uk-made-20-pouches-buy-2-get-1-free,,,,,,,,,Kiwi Passion Guava,,,,,,,,Z7974,0,shopify,4736,deny,manual,3.2,4,TRUE,TRUE,,,,,5056754203124,https://cdn.shopify.com/s/files/1/0901/3696/9543/files/267289444.webp?v=1763932885,3,267289444.webp,,,,,,,,,,,,,,,,,,,,,,,,,,,,,,,,,,lb,,2,
18mg-muse-nicotine-pouches-uk-made-20-pouches-buy-2-get-1-free,,,,,,,,,Cola Ice,,,,,,,,Z7969,0,shopify,4790,deny,manual,3.2,4,TRUE,TRUE,,,,,5056754203094,https://cdn.shopify.com/s/files/1/0901/3696/9543/files/267289445.webp?v=1763932886,4,267289445.webp,,,,,,,,,,,,,,,,,,,,,,,,,,,,,,,,,,lb,,2,
18mg-muse-nicotine-pouches-uk-made-20-pouches-buy-2-get-1-free,,,,,,,,,Orange Mango,,,,,,,,Z7975,0,shopify,4704,deny,manual,3.2,4,TRUE,TRUE,,,,,5056754203155,https://cdn.shopify.com/s/files/1/0901/3696/9543/files/267289446.webp?v=1763932886,5,267289446.webp,,,,,,,,,,,,,,,,,,,,,,,,,,,,,,,,,,lb,,2,
18mg-muse-nicotine-pouches-uk-made-20-pouches-buy-2-get-1-free,,,,,,,,,Cool Mint,,,,,,,,Z7970,0,shopify,4633,deny,manual,3.2,4,TRUE,TRUE,,,,,5056754203063,https://cdn.shopify.com/s/files/1/0901/3696/9543/files/267289447.webp?v=1763932886,6,267289447.webp,,,,,,,,,,,,,,,,,,,,,,,,,,,,,,,,,,lb,,2,
18mg-muse-nicotine-pouches-uk-made-20-pouches-buy-2-get-1-free,,,,,,,,,Tropical,,,,,,,,Z7977,0,shopify,4696,deny,manual,3.2,4,TRUE,TRUE,,,,,5056754203117,https://cdn.shopify.com/s/files/1/0901/3696/9543/files/267289448.webp?v=1763932887,7,267289448.webp,,,,,,,,,,,,,,,,,,,,,,,,,,,,,,,,,,lb,,2,
18mg-muse-nicotine-pouches-uk-made-20-pouches-buy-2-get-1-free,,,,,,,,,Iron Brew,,,,,,,,Z7972,0,shopify,4908,deny,manual,3.2,4,TRUE,TRUE,,,,,,https://cdn.shopify.com/s/files/1/0901/3696/9543/files/267289449.webp?v=1763932887,8,267289449.webp,,,,,,,,,,,,,,,,,,,,,,,,,,,,,,,,,https://cdn.shopify.com/s/files/1/0901/3696/9543/files/267289452.webp?v=1763932892,lb,,2,
18mg-muse-nicotine-pouches-uk-made-20-pouches-buy-2-get-1-free,,,,,,,,,Creamy Coffee,,,,,,,,Z7971,0,shopify,4524,deny,manual,3.2,4,TRUE,TRUE,,,,,5056754203087,https://cdn.shopify.com/s/files/1/0901/3696/9543/files/267289450.webp?v=1763932887,9,267289450.webp,,,,,,,,,,,,,,,,,,,,,,,,,,,,,,,,,,lb,,2,
18mg-muse-nicotine-pouches-uk-made-20-pouches-buy-2-get-1-free,,,,,,,,,Liquorice,,,,,,,,Z7973,0,shopify,4709,deny,manual,3.2,4,TRUE,TRUE,,,,,5056754203070,https://cdn.shopify.com/s/files/1/0901/3696/9543/files/267289451.webp?v=1763932887,10,267289451.webp,,,,,,,,,,,,,,,,,,,,,,,,,,,,,,,,,,lb,,2,
18mg-muse-nicotine-pouches-uk-made-20-pouches-buy-2-get-1-free,,,,,,,,,,,,,,,,,,,,,,,,,,,,,,,,https://cdn.shopify.com/s/files/1/0901/3696/9543/files/267289452.webp?v=1763932892,11,267289452.webp,,,,,,,,,,,,,,,,,,,,,,,,,,,,,,,,,,,,,
